rank,origin,phrase,cluster,shape,score,nVariants,nQueries,crossSeeds,geo,selfConfirmed,minRank,mods
1,seed,"how to manifest",manifestation,how,249.7,475,81,1,1,1,0,"howto|reddit|signs|free|astrology|quiz|meaning"
2,seed,"does he love me",love_relationships,yes_no,175,77,49,1,1,1,0,"quiz|tarot|free"
3,seed,"what does it mean when you dream about",dreams,wh,170.6,293,48,0,1,0,0,"meaning|quiz|reddit"
4,seed,"how to read tarot",tarot,how,169.6,137,41,1,1,1,0,"tarot|howto|free|astrology|reddit|reader|meaning|signs"
5,seed,"how to manifest money",manifestation,how,166.1,98,34,2,1,1,0,"howto|reddit"
6,seed,"what does it mean when you see a",unclassified,wh,164.9,310,44,0,1,0,0,"meaning|signs"
7,seed,"what is my spirit animal",spiritual_awakening,wh,164.7,154,37,1,1,1,0,"quiz|free|astrology|signs|reddit|howto"
8,seed,"why do i keep seeing",unclassified,wh,159.6,298,41,0,1,0,0,"meaning|signs|reddit"
9,seed,"zodiac compatibility",astrology,noun,158.7,203,31,1,1,1,0,"astrology|quiz|reddit|free|meaning|signs"
10,seed,"what does 222 mean",angel_numbers,wh,155.6,181,30,1,1,1,0,"meaning|reddit"
11,seed,"what is my rising sign",astrology,wh,151.9,106,32,1,1,1,0,"signs|astrology|quiz|free|meaning|howto"
12,seed,"what is the evil eye",protection_energy,wh,151.2,146,29,1,1,1,0,"meaning|signs"
13,seed,"what is my life path number",angel_numbers,wh,150.1,36,32,2,1,1,0,"meaning|quiz|free|howto"
14,seed,"what is shadow work",manifestation,wh,144,107,27,1,1,1,0,"meaning|tarot|astrology|reader"
15,seed,"does my crush like me",love_relationships,yes_no,142.9,98,27,1,1,1,0,"quiz|free|tarot|reddit|signs"
16,seed,"how to open third eye",psychic_abilities,how,142.6,66,30,1,1,1,0,"howto|reddit"
17,seed,"tarot yes or no",tarot,noun,141.6,42,33,1,1,1,0,"tarot|free|meaning|howto|reader|reddit"
18,seed,"why do i keep dreaming about",dreams,wh,141.2,247,31,0,1,0,0,"meaning|reddit"
19,seed,"full moon ritual",crystals_rituals,noun,140.5,162,34,0,1,0,0,"reddit"
20,seed,"dream about snakes",dreams,noun,140.3,43,32,1,1,1,0,"meaning"
21,seed,"is he cheating",love_relationships,yes_no,135.2,61,26,1,1,1,0,"free|quiz|tarot|reddit|reader"
22,seed,"signs of spiritual awakening",spiritual_awakening,signs,134.8,26,25,2,1,1,0,"signs"
23,seed,"how to cleanse negative energy",protection_energy,how,132.3,43,27,1,1,1,0,"howto"
24,seed,"does manifestation work",manifestation,yes_no,131.9,47,26,1,1,1,0,"reddit"
25,seed,"am i cursed",protection_energy,yes_no,128.1,45,24,1,1,1,0,"quiz|reddit|astrology"
26,seed,"what is a spiritual awakening",spiritual_awakening,wh,127.7,19,23,2,1,1,0,"meaning"
27,seed,"what are chakras",chakras_energy,wh,127.2,37,25,1,1,1,0,"meaning"
28,seed,"what does mercury retrograde mean",astrology,wh,127.1,47,23,1,1,1,0,"meaning|astrology|signs"
29,seed,"what does 1111 mean",angel_numbers,wh,126.8,46,23,1,1,1,0,"meaning"
30,seed,"spiritual awakening symptoms",spiritual_awakening,noun,126.7,11,19,3,1,1,0,""
31,seed,"what crystal is for",crystals_rituals,wh,125.7,108,28,0,1,0,0,"astrology|signs"
32,seed,"am i psychic",psychic_abilities,yes_no,123.4,24,26,1,1,1,0,"reader|quiz|free"
33,seed,"does he miss me",love_relationships,yes_no,121.7,35,22,1,1,1,0,"tarot|quiz|free|reddit"
34,seed,"what is my life path",angel_numbers,wh,120.6,44,32,0,1,0,0,"meaning|quiz|free|howto"
35,seed,"does he like me",love_relationships,yes_no,120.2,31,22,1,1,1,0,"quiz|reddit|signs|free"
36,seed,"will i get the job",money_career,yes_no,119.5,43,19,1,1,1,0,"tarot|astrology|quiz|reddit|free"
37,seed,"signs from deceased loved ones",grief_afterlife,signs,118.6,24,23,1,1,1,0,"signs|reddit|howto"
38,seed,"how to manifest love",manifestation,how,117,33,12,2,1,1,0,"howto|reddit"
39,seed,"what does the death card mean",tarot,wh,115.7,28,20,1,1,1,0,"meaning|tarot|reader"
40,seed,"dream about snakes meaning",dreams,meaning,115.1,10,20,2,1,1,0,"meaning"
41,seed,"am i an empath",psychic_abilities,yes_no,115,30,19,1,1,1,0,"quiz|free"
42,seed,"will he come back",love_relationships,yes_no,112.8,42,15,1,1,1,0,"tarot|quiz|reddit|free|reader"
43,seed,"angel numbers meaning",angel_numbers,meaning,112.3,80,22,0,1,0,0,"meaning|astrology"
44,seed,"what does 111 mean",unclassified,wh,111.2,61,11,1,1,1,0,"meaning"
45,seed,"past life regression",past_lives_karma,noun,110.5,58,11,1,1,1,0,"free|quiz|reddit|meaning|howto"
46,seed,"how to manifest someone",manifestation,how,108.2,24,9,2,1,1,0,"howto|reddit"
47,seed,"is he the one",love_relationships,yes_no,106.3,25,15,1,1,1,0,"quiz|tarot|free|reddit"
48,seed,"how to unblock chakras",chakras_energy,how,105.6,14,19,1,1,1,0,"howto"
49,seed,"dark night of the soul",spiritual_awakening,noun,103.2,54,7,1,1,1,0,"reddit|meaning|quiz|signs"
50,seed,"am i clairvoyant",psychic_abilities,yes_no,101.7,4,18,2,1,1,0,"quiz"
51,seed,"what does 444 mean",angel_numbers,wh,100.4,38,8,1,1,1,0,"meaning|reddit"
52,seed,"why is he distant",love_relationships,wh,100.3,9,19,1,1,1,0,""
53,seed,"new moon ritual",crystals_rituals,noun,99.9,39,20,0,1,0,0,""
54,seed,"who is my soulmate",twin_flame_soulmate,wh,99.4,31,9,1,1,1,0,"quiz|free|astrology|signs|howto"
55,seed,"is tarot real",tarot,yes_no,99.1,10,10,2,1,1,0,"tarot"
56,discovered,"does he like",love_relationships,yes_no,98.8,9,17,4,1,0,0,""
57,discovered,"does he love me or is he in love with",love_relationships,yes_no,98.6,1,31,3,1,0,1,""
58,discovered,"does he love",love_relationships,yes_no,96.5,11,21,3,1,0,0,""
59,seed,"should i break up",love_relationships,yes_no,96.1,35,6,1,1,1,0,"quiz|reddit|free"
60,seed,"what is reiki",chakras_energy,wh,96.1,27,8,1,1,1,0,"meaning|reddit"
61,seed,"why do i keep seeing 1111",angel_numbers,wh,95.9,13,6,2,1,1,0,"meaning"
62,seed,"am i in love",love_relationships,yes_no,95.6,26,8,1,1,1,0,"quiz|free|meaning"
63,seed,"is he thinking about me",love_relationships,yes_no,94.9,19,10,1,1,1,0,"tarot|reddit|free|reader|quiz"
64,seed,"does he love me tarot",tarot,yes_no,94.9,12,6,2,1,1,0,"tarot|free"
65,seed,"what to do on a full moon",crystals_rituals,wh,94.9,12,6,2,1,1,0,""
66,seed,"chakra test",chakras_energy,noun,94.7,39,13,1,0,1,0,"quiz|free"
67,seed,"how to manifest a specific person",manifestation,how,94.4,15,4,2,1,1,0,"howto|reddit"
68,seed,"when will i get married",unclassified,wh,94.2,30,6,1,1,1,0,"quiz|free|astrology|meaning|reddit"
69,seed,"is she cheating",love_relationships,yes_no,93.9,20,9,1,1,1,0,"quiz|reddit|free"
70,seed,"why do i keep seeing repeating numbers",angel_numbers,wh,93.9,11,6,2,1,1,0,""
71,seed,"how to do a tarot reading",tarot,how,93.6,14,4,2,1,1,0,"tarot|reader|howto"
72,seed,"369 method",manifestation,noun,93.3,28,6,1,1,1,0,"reddit|howto|meaning"
73,seed,"dream about teeth falling out",dreams,noun,93.3,19,9,1,1,1,0,"meaning|reddit"
74,seed,"how to find your spirit guide",psychic_abilities,how,93.2,3,22,1,1,1,0,"howto"
75,seed,"what does 333 mean",angel_numbers,wh,93,24,7,1,1,1,0,"meaning|signs"
76,seed,"what is karma",past_lives_karma,wh,93,24,7,1,1,1,0,"meaning|reddit|quiz|signs"
77,seed,"how to find my purpose",money_career,how,92.7,10,6,2,1,1,0,"howto|quiz|reddit"
78,seed,"is tarot accurate",tarot,yes_no,92.5,6,17,1,1,1,0,"tarot|reddit"
79,seed,"what is a hex",protection_energy,wh,92.5,23,7,1,1,1,0,"meaning|quiz|signs"
80,seed,"twin flame separation",twin_flame_soulmate,noun,92.4,59,12,0,1,0,0,"meaning|signs"
81,seed,"when will i meet my soulmate",twin_flame_soulmate,wh,91.9,25,6,1,1,1,0,"free|quiz|astrology|tarot|reader|howto"
82,seed,"how to know my past life",past_lives_karma,how,91.9,10,13,1,1,1,0,"howto|astrology"
83,seed,"who will i marry",love_relationships,wh,91.9,25,6,1,1,1,0,"free|quiz|tarot|reader|astrology"
84,seed,"twin flame vs soulmate",twin_flame_soulmate,noun,91.2,16,9,1,1,1,0,"quiz|reddit"
85,seed,"what does it mean when you see a cardinal",signs_synchronicity,wh,90.7,11,4,2,1,1,0,"meaning"
86,seed,"dream about someone dying",dreams,noun,90.7,20,7,1,1,1,0,"meaning|reddit"
87,seed,"what does 777 mean",angel_numbers,wh,90.3,22,6,1,1,1,0,"meaning"
88,seed,"should i quit my job",money_career,yes_no,90.3,22,6,1,1,1,0,"quiz|reddit"
89,seed,"should i text him",unclassified,yes_no,90.1,28,4,1,1,1,0,"quiz|reddit"
90,seed,"does she love me",love_relationships,yes_no,89.6,16,8,1,1,1,0,"quiz|tarot"
91,seed,"how to use sage",unclassified,how,89.3,23,5,1,1,1,0,"howto"
92,seed,"what does it mean when you see a deer",signs_synchronicity,wh,89.1,11,3,2,1,1,0,"meaning"
93,seed,"what is my angel number",angel_numbers,wh,88.7,22,5,1,1,1,0,"quiz|free|howto"
94,seed,"dream about water",dreams,noun,88.5,19,6,1,1,1,0,"meaning"
95,seed,"what does it mean when you dream about someone dying",dreams,wh,88.3,9,4,2,1,1,0,"meaning"
96,seed,"what does 555 mean",angel_numbers,wh,88.1,21,5,1,1,1,0,"meaning"
97,seed,"what does it mean when you see a hawk",signs_synchronicity,wh,87.9,10,3,2,1,1,0,"meaning"
98,seed,"what does it mean when you see a rabbit",unclassified,wh,87.9,10,3,2,1,1,0,"meaning"
99,seed,"what is my career path",money_career,wh,87.5,9,11,1,1,1,0,"quiz"
100,seed,"what is an aura",unclassified,wh,87.2,15,7,1,1,1,0,""
101,seed,"what does 999 mean",angel_numbers,wh,87.1,22,4,1,1,1,0,"meaning|reddit"
102,seed,"scripting manifestation",manifestation,noun,86.9,19,5,1,1,1,0,"reddit|howto"
103,seed,"how to use a pendulum",crystals_rituals,how,86.5,21,4,1,1,1,0,"howto"
104,seed,"mercury retrograde meaning",astrology,meaning,86.4,14,7,1,1,1,0,"meaning"
105,seed,"what is my destiny",money_career,wh,86.2,18,5,1,1,1,0,"quiz|free|astrology"
106,seed,"what is a kundalini awakening",chakras_energy,wh,86.1,6,13,1,1,1,0,""
107,seed,"what is my moon sign",astrology,wh,85.6,15,6,1,1,1,0,"signs|quiz|free"
108,seed,"crystals for protection",protection_energy,noun,85.3,19,4,1,1,1,0,"reddit"
109,seed,"what does it mean when you see a feather",signs_synchronicity,wh,85.1,9,2,2,1,1,0,"meaning"
110,seed,"what does 444 mean in love",angel_numbers,wh,85.1,9,2,2,1,1,0,"meaning"
111,seed,"what does it mean when you see a turtle",unclassified,wh,85.1,9,2,2,1,1,0,"meaning"
112,seed,"how to see auras",unclassified,how,84.9,5,6,2,1,1,0,"howto"
113,seed,"how to read my birth chart",astrology,how,84.5,6,12,1,1,1,0,"astrology|howto"
114,seed,"will i ever find love",unclassified,yes_no,84,15,5,1,1,1,0,"quiz|reddit"
115,seed,"what does it mean when you dream about someone you like",dreams,wh,83.7,8,2,2,1,1,0,"meaning"
116,seed,"what does the full moon mean",crystals_rituals,wh,83.7,19,3,1,1,1,0,"meaning|astrology|signs"
117,seed,"will she come back",love_relationships,yes_no,83.5,11,7,1,1,1,0,"quiz"
118,seed,"how to raise your vibration",manifestation,how,83,18,3,1,1,1,0,"howto|reddit"
119,seed,"when is my saturn return",astrology,wh,82.9,12,6,1,1,1,0,""
120,seed,"how to charge crystals",crystals_rituals,how,82.4,15,4,1,1,1,0,"howto"
121,seed,"does he think about me",love_relationships,yes_no,82.3,10,7,1,1,1,0,"tarot"
122,seed,"what is my venus sign",astrology,wh,82.3,13,5,1,1,1,0,"signs|free"
123,seed,"how to do shadow work",manifestation,how,82.3,17,3,1,1,1,0,"howto|reddit"
124,seed,"what is energy healing",chakras_energy,wh,82.3,10,7,1,1,1,0,""
125,seed,"what is aura cleansing",protection_energy,wh,82.2,7,2,2,1,1,0,""
126,seed,"how to shuffle tarot cards",tarot,how,81.9,11,6,1,1,1,0,"tarot|howto"
127,seed,"what does 888 mean",angel_numbers,wh,81.6,14,4,1,1,1,0,"meaning"
128,seed,"what does my future hold",money_career,wh,81.4,7,9,1,1,1,0,"astrology"
129,seed,"am i an intuitive",psychic_abilities,yes_no,81.3,6,10,1,1,1,0,""
130,seed,"how to break a curse",protection_energy,how,81.3,12,5,1,1,1,0,"howto"
131,seed,"how to develop psychic abilities",psychic_abilities,how,80.9,4,5,2,1,1,0,"reader|howto"
132,seed,"what is my life purpose",money_career,wh,80.9,5,11,1,1,1,0,""
133,seed,"is astrology real",astrology,yes_no,80.7,13,4,1,1,1,0,"astrology|reddit"
134,discovered,"is tarot",tarot,yes_no,80.4,9,18,2,1,0,0,""
135,seed,"what is my spiritual gift",psychic_abilities,wh,80.3,11,5,1,1,1,0,"quiz|free"
136,seed,"how to read auras",unclassified,how,80.1,5,3,2,1,1,0,"howto"
137,seed,"is he my twin flame",twin_flame_soulmate,yes_no,79.7,12,4,1,1,1,0,"quiz|free"
138,seed,"what is my sun sign",astrology,wh,79.7,12,4,1,1,1,0,"signs|quiz"
139,seed,"how to get rid of negative energy",protection_energy,how,79.7,12,4,1,1,1,0,"howto"
140,seed,"am i on the right path",unclassified,yes_no,79.5,9,6,1,1,1,0,"tarot"
141,seed,"why do i keep thinking about him",unclassified,wh,79.1,10,5,1,1,1,0,""
142,seed,"will my relationship last",love_relationships,yes_no,79.1,10,5,1,1,1,0,"quiz"
143,seed,"what does it mean when you see an owl",unclassified,wh,79.1,13,3,1,1,1,0,"meaning"
144,seed,"what is my north node",astrology,wh,78.7,11,4,1,1,1,0,"quiz|signs"
145,seed,"what is a stellium",astrology,wh,78.7,11,4,1,1,1,0,"astrology|reddit"
146,seed,"what does it mean to dream about someone",dreams,wh,78.4,14,2,1,1,1,0,"meaning"
147,discovered,"how to read tarot cards",tarot,how,78.2,6,12,3,1,0,0,""
148,seed,"why did he ghost me",grief_afterlife,wh,78.1,12,3,1,1,1,0,"reddit"
149,seed,"crystals for anxiety",crystals_rituals,noun,78.1,12,3,1,1,1,0,"reddit"
150,seed,"how to manifest money fast",manifestation,how,78,3,5,2,1,1,0,"howto"
151,seed,"what does 111 mean spiritually",unclassified,wh,77.7,4,3,2,1,1,0,"meaning"
152,seed,"what is a soul contract",past_lives_karma,wh,77.5,10,4,1,1,1,0,""
153,seed,"how to talk to spirits",unclassified,how,77.5,10,4,1,1,1,0,"howto"
154,seed,"will i be rich",money_career,yes_no,77.5,13,2,1,1,1,0,"quiz|astrology"
155,seed,"will i be successful",money_career,yes_no,77.5,10,4,1,1,1,0,"quiz|reddit"
156,discovered,"does my crush like",love_relationships,yes_no,77.5,10,22,1,1,0,0,""
157,seed,"how to cleanse tarot cards",tarot,how,77.1,11,3,1,1,1,0,"tarot|howto"
158,seed,"what does 1212 mean",angel_numbers,wh,77.1,11,3,1,1,1,0,"meaning"
159,seed,"what does 1010 mean",angel_numbers,wh,77.1,11,3,1,1,1,0,"meaning"
160,discovered,"signs to know if you are spiritually gifted",psychic_abilities,signs,77,1,5,5,1,0,1,""
161,seed,"what is a karmic relationship",twin_flame_soulmate,wh,76.5,8,5,1,1,1,0,"astrology"
162,seed,"signs he loves you",love_relationships,signs,75.9,10,3,1,1,1,0,"signs"
163,seed,"how to cleanse crystals",protection_energy,how,75.9,10,3,1,1,1,0,"howto"
164,seed,"what is my chiron",astrology,wh,75.5,11,2,1,1,1,0,"signs|astrology|quiz"
165,seed,"crystals for love",crystals_rituals,noun,75.5,11,2,1,1,1,0,"reddit"
166,seed,"how to get over someone",unclassified,how,75.4,53,11,0,0,0,0,"howto"
167,seed,"spiritual meaning of dreams",dreams,meaning,75.4,18,7,1,0,1,0,"meaning"
168,seed,"signs of kundalini awakening",chakras_energy,signs,75.3,4,9,1,1,1,0,"signs"
169,seed,"does he still love me",love_relationships,yes_no,75,7,5,1,1,1,0,"quiz|tarot"
170,seed,"is my relationship toxic",love_relationships,yes_no,75,7,5,1,1,1,0,"quiz"
171,seed,"what is my saturn return",astrology,wh,74.9,8,4,1,1,1,0,""
172,seed,"what is a spirit guide",psychic_abilities,wh,74.9,8,4,1,1,1,0,""
173,seed,"how to develop intuition",psychic_abilities,how,74.8,3,3,2,1,1,0,"howto"
174,seed,"how to become more spiritual",unclassified,how,74.7,9,3,1,1,1,0,"howto"
175,seed,"how to protect yourself from negative energy",protection_energy,how,74.7,9,3,1,1,1,0,"howto"
176,discovered,"how long do spiritual awakening symptoms last",spiritual_awakening,how,74.6,1,16,3,1,0,1,""
177,seed,"how to calculate life path number",angel_numbers,how,74.3,10,2,1,1,1,0,"howto"
178,seed,"what do dreams mean",dreams,wh,74.3,10,2,1,1,1,0,"meaning"
179,seed,"how to cleanse your aura",protection_energy,how,74.3,10,2,1,1,1,0,"howto"
180,seed,"are mediums real",grief_afterlife,yes_no,73.3,8,3,1,1,1,0,""
181,seed,"what does retrograde mean",astrology,wh,73.1,9,2,1,1,1,0,"meaning"
182,seed,"what does it mean to dream about your ex",dreams,wh,73.1,9,2,1,1,1,0,"meaning"
183,seed,"lucid dreaming how to",dreams,noun,73.1,9,2,1,1,1,0,""
184,seed,"how to balance chakras",chakras_energy,how,73.1,9,2,1,1,1,0,"howto"
185,seed,"mercury retrograde 2026",astrology,noun,72.6,30,5,0,1,0,0,"signs|meaning"
186,seed,"divine timing",unclassified,noun,72.5,21,4,1,0,1,0,"meaning|reddit"
187,discovered,"how to know if you have psychic abilities",psychic_abilities,how,72.1,2,7,4,1,0,2,""
188,seed,"how to trust your intuition",psychic_abilities,how,71.8,7,3,1,1,1,0,"howto|reddit"
189,seed,"how to make a spell jar",crystals_rituals,how,71.7,6,4,1,1,1,0,"howto"
190,seed,"what to do on a new moon",crystals_rituals,wh,71.7,6,4,1,1,1,0,""
191,discovered,"symptoms of awakening spiritual",spiritual_awakening,noun,71.6,1,21,2,1,0,2,""
192,seed,"what does the tower card mean",tarot,wh,71.5,9,1,1,1,1,0,"meaning|tarot|reader"
193,seed,"what does the lovers card mean",tarot,wh,71.5,9,1,1,1,1,0,"meaning|reader"
194,seed,"what does the moon card mean",tarot,wh,71.5,9,1,1,1,1,0,"meaning|tarot|reader"
195,seed,"what does 1234 mean",angel_numbers,wh,71.5,9,1,1,1,1,0,"meaning"
196,seed,"law of attraction how to",manifestation,noun,71.5,9,1,1,1,1,0,""
197,seed,"what is the 555 method",angel_numbers,wh,71.5,9,1,1,1,1,0,""
198,seed,"what is the third eye chakra",psychic_abilities,wh,71.5,9,1,1,1,1,0,""
199,seed,"manifestation signs",manifestation,signs,70.2,7,2,1,1,1,0,"signs"
200,seed,"butterfly meaning spiritual",signs_synchronicity,meaning,70.2,7,2,1,1,1,0,"meaning"
201,seed,"am i meant to be alone",unclassified,yes_no,70.1,6,3,1,1,1,0,""
202,seed,"what is my big three",astrology,wh,70.1,6,3,1,1,1,0,"astrology|signs"
203,seed,"karmic vs twin flame",twin_flame_soulmate,noun,70.1,6,3,1,1,1,0,""
204,seed,"moon phases meaning",crystals_rituals,meaning,69.7,5,4,1,1,1,0,"meaning"
205,seed,"dream about water meaning",dreams,meaning,69.5,2,2,2,1,1,0,"meaning"
206,seed,"dream about spiders",dreams,noun,69.4,18,7,0,1,0,0,"meaning"
207,discovered,"what do you mean when you dream about snakes",dreams,wh,69.4,1,19,2,1,0,1,""
208,seed,"law of assumption",manifestation,noun,69.3,23,5,0,1,0,0,"reddit"
209,seed,"how to remove a curse",protection_energy,how,69.2,14,5,1,0,1,0,"howto"
210,seed,"how to know if you are psychic",psychic_abilities,how,68.9,4,5,1,1,1,0,"reader|howto|quiz"
211,discovered,"how to read tarot cards for beginners",tarot,how,68.9,2,10,3,1,0,0,""
212,seed,"what does the star card mean",tarot,wh,68.6,7,1,1,1,1,0,"meaning|tarot|reader"
213,seed,"what are synchronicities",signs_synchronicity,wh,68.6,7,1,1,1,1,0,""
214,discovered,"does she love",love_relationships,yes_no,68.6,6,6,3,1,0,0,""
215,discovered,"is tarot reading",tarot,yes_no,68.6,7,6,3,1,0,1,""
216,seed,"what is my dominant planet",unclassified,wh,68.5,6,2,1,1,1,0,"astrology"
217,seed,"recurring dreams meaning",dreams,meaning,68.5,6,2,1,1,1,0,"meaning"
218,seed,"am i being haunted",grief_afterlife,yes_no,68.5,6,2,1,1,1,0,""
219,seed,"what is the law of assumption",manifestation,wh,68.1,5,3,1,1,1,0,""
220,seed,"dream about being chased",dreams,noun,68.1,21,5,0,1,0,0,"meaning"
221,discovered,"what is considered a spiritual awakening",spiritual_awakening,wh,67.8,1,18,2,1,0,1,""
222,seed,"how to find my spirit animal",spiritual_awakening,how,67.6,3,6,1,1,1,0,"howto"
223,seed,"what is my soul purpose",money_career,wh,67.3,4,4,1,1,1,0,"quiz"
224,seed,"what does 222 mean in love",angel_numbers,wh,66.9,4,5,1,1,1,2,"meaning"
225,seed,"dream about spiders meaning",dreams,meaning,66.5,5,2,1,1,1,0,"meaning"
226,seed,"how to clear karma",past_lives_karma,how,66.5,5,2,1,1,1,0,"howto"
227,seed,"what does it mean when you see a ladybug",unclassified,wh,66.5,5,2,1,1,1,0,"meaning"
228,seed,"is he serious about me",love_relationships,yes_no,66,3,5,1,1,1,0,""
229,seed,"what is clairsentience",psychic_abilities,wh,65.7,4,3,1,1,1,0,""
230,seed,"hummingbird meaning spiritual",signs_synchronicity,meaning,65.7,4,3,1,1,1,0,"meaning"
231,seed,"should i start a business",money_career,yes_no,65.2,15,2,1,0,1,0,""
232,discovered,"does she like",love_relationships,yes_no,65.2,4,6,3,1,0,1,""
233,discovered,"signs and symptoms of spiritual awakening",spiritual_awakening,signs,64.8,1,23,1,1,0,2,""
234,discovered,"how do you find out who is your spirit guide",psychic_abilities,how,64.6,1,16,2,1,0,1,""
235,seed,"what is my rising sign quiz",astrology,wh,64.2,1,2,2,1,1,0,""
236,seed,"what is clairaudience",psychic_abilities,wh,64.1,4,2,1,1,1,0,""
237,seed,"are dreams messages",dreams,yes_no,64.1,4,2,1,1,1,0,""
238,seed,"how to know if you are spiritually awakened",spiritual_awakening,how,63.2,0,7,2,1,1,0,""
239,seed,"how to protect your energy",unclassified,how,63.1,11,3,1,0,1,0,"howto|reddit"
240,seed,"is my ex coming back",love_relationships,yes_no,62.8,3,3,1,1,1,0,"quiz"
241,seed,"what does my birth chart mean",astrology,wh,62.8,3,3,1,1,1,0,"meaning|astrology"
242,seed,"do mediums work",grief_afterlife,yes_no,62.8,3,3,1,1,1,0,""
243,discovered,"how to manifest money instantly",manifestation,how,62.5,2,6,3,1,0,0,""
244,seed,"does he miss me during no contact",love_relationships,yes_no,62.3,2,5,1,1,1,0,""
245,seed,"what does the high priestess mean",tarot,wh,61.5,11,2,1,0,1,0,"meaning|tarot|reader"
246,discovered,"what does a kundalini awakening feel like",chakras_energy,wh,61.5,2,6,3,1,0,1,""
247,seed,"does he regret losing me",love_relationships,yes_no,61.2,3,2,1,1,1,0,"tarot"
248,seed,"how to strengthen intuition",psychic_abilities,how,61.2,3,2,1,1,1,0,"howto"
249,seed,"signs of bad energy in house",protection_energy,signs,61.2,3,2,1,1,1,0,"signs"
250,seed,"past life signs",past_lives_karma,signs,61.2,3,2,1,1,1,0,"signs|astrology"
251,seed,"what does it mean when you see a moth",unclassified,wh,61.2,3,2,1,1,1,0,"meaning"
252,discovered,"chakra healing",chakras_energy,noun,61.2,7,7,2,1,0,0,""
253,discovered,"how to read chart in astrology",astrology,how,61,1,20,1,1,0,1,""
254,discovered,"how to know your spirit animal",spiritual_awakening,how,61,4,9,2,1,0,0,""
255,seed,"full moon manifestation ritual",manifestation,noun,60.7,2,4,1,1,1,0,""
256,discovered,"what does mercury retrograde",astrology,wh,60.7,5,8,2,1,0,0,""
257,discovered,"mercury retrograde",astrology,noun,60.4,8,6,2,1,0,0,""
258,seed,"twin flame stages",twin_flame_soulmate,noun,60.3,10,2,1,0,1,0,""
259,seed,"what does 000 mean",unclassified,wh,60.3,10,2,1,0,1,0,"meaning"
260,discovered,"can i know my past life",past_lives_karma,yes_no,59.8,1,13,2,1,0,1,""
261,seed,"what is the akashic records",psychic_abilities,wh,59.6,3,1,1,1,1,0,""
262,seed,"what is a protection spell",protection_energy,wh,59.6,3,1,1,1,1,0,""
263,seed,"how to know my purpose",money_career,how,59.6,3,1,1,1,1,0,"howto"
264,discovered,"how to know if you are a medium",grief_afterlife,how,59.3,2,4,3,1,0,0,""
265,seed,"does he want a relationship with me",love_relationships,yes_no,59.1,2,3,1,1,1,0,""
266,seed,"is he dating someone else",love_relationships,yes_no,59.1,2,3,1,1,1,0,""
267,seed,"do we have past lives",unclassified,yes_no,59.1,2,3,1,1,1,0,""
268,discovered,"how to find your spirit animal",spiritual_awakening,how,59.1,5,7,2,1,0,0,""
269,discovered,"am i an intuitive empath",psychic_abilities,yes_no,58.9,2,10,2,1,0,0,""
270,discovered,"am i an empath or just sensitive",psychic_abilities,yes_no,58.5,2,16,1,1,0,0,""
271,discovered,"what does 222",angel_numbers,wh,58.3,10,10,1,1,0,0,""
272,discovered,"what is your spirit animal",spiritual_awakening,wh,58.1,5,7,2,1,0,1,""
273,discovered,"what is the death card",tarot,wh,57.8,1,18,1,1,0,1,""
274,seed,"signs you are psychic",psychic_abilities,signs,57.5,2,2,1,1,1,0,"signs|reader"
275,seed,"what is my psychic ability",psychic_abilities,wh,57.5,2,2,1,1,1,0,"quiz|reader"
276,seed,"am i a healer",psychic_abilities,yes_no,57.5,2,2,1,1,1,0,""
277,seed,"dream about babies meaning",dreams,meaning,57.5,2,2,1,1,1,0,"meaning"
278,discovered,"most accurate tarot",tarot,noun,57.5,2,16,1,1,0,1,""
279,discovered,"why is he distant all of a sudden",love_relationships,wh,57.2,1,17,1,1,0,0,""
280,seed,"how to read tarot for beginners",tarot,how,56.8,0,3,2,1,1,0,""
281,seed,"what is a spiritual awakening like",spiritual_awakening,wh,56.8,0,3,2,1,1,0,""
282,discovered,"does he love me free tarot",tarot,yes_no,56.4,1,4,3,1,0,0,""
283,seed,"why do i wake up at 3am",unclassified,wh,56.3,13,10,0,0,0,0,"reddit|meaning"
284,discovered,"does he love me or the idea",love_relationships,yes_no,56.3,2,9,2,1,0,1,""
285,seed,"spiritual meaning of seeing a cardinal",spiritual_awakening,meaning,56.2,7,2,1,0,1,0,"meaning"
286,discovered,"does death card",tarot,yes_no,56.2,1,17,1,1,0,1,""
287,seed,"spiritual bypassing",unclassified,noun,56.1,8,1,1,0,1,0,""
288,seed,"what is my aura color",unclassified,wh,56.1,6,3,1,0,1,0,"quiz|free"
289,seed,"why do i keep seeing 222",angel_numbers,wh,56.1,2,3,1,1,1,3,""
290,seed,"what does the wheel of fortune mean",unclassified,wh,56.1,8,1,1,0,1,0,"meaning|tarot"
291,discovered,"does my crush like me back",love_relationships,yes_no,56,7,10,1,1,0,0,""
292,seed,"how to tell if he loves you",love_relationships,how,55.9,2,1,1,1,1,0,"howto"
293,seed,"how to do a psychic reading",psychic_abilities,how,55.9,2,1,1,1,1,0,"reader|howto"
294,seed,"dream about death meaning",dreams,meaning,55.9,2,1,1,1,1,0,"meaning"
295,seed,"how to do a cleansing ritual",protection_energy,how,55.9,2,1,1,1,1,0,"howto"
296,seed,"signs of negative energy around you",protection_energy,signs,55.9,2,1,1,1,1,0,"signs"
297,discovered,"what does the future hold for you",money_career,wh,55.9,2,15,1,1,0,1,""
298,seed,"how to manifest your ex back",manifestation,how,55.8,0,3,2,1,1,1,""
299,discovered,"does he like me quiz high school",love_relationships,yes_no,55.4,1,4,3,1,0,1,""
300,discovered,"does he love me tarot free by date of birth",tarot,yes_no,55.4,1,4,3,1,0,1,""
301,discovered,"what is a kundalini awakening feel like",chakras_energy,wh,55.4,1,4,3,1,0,1,""
302,seed,"how to know if im an empath",psychic_abilities,how,55.2,0,2,2,1,1,0,""
303,discovered,"how to read tarot cards meanings for beginners",tarot,how,54.8,1,3,3,1,0,0,""
304,discovered,"is he thinking about",love_relationships,yes_no,54.6,3,6,2,1,0,0,""
305,discovered,"is he thinking about me too",love_relationships,yes_no,54.6,3,6,2,1,0,0,""
306,discovered,"how to know if i am an empath",psychic_abilities,how,54.6,3,6,2,1,0,0,""
307,discovered,"how to manifest something",manifestation,how,54.6,3,6,2,1,0,0,""
308,discovered,"how to open third eye step by step",psychic_abilities,how,54.6,1,16,1,1,0,1,""
309,discovered,"what does 1111 mean when you keep seeing",angel_numbers,wh,54.4,1,9,2,1,0,0,""
310,seed,"is he using me",love_relationships,yes_no,54,3,10,0,1,0,0,""
311,seed,"how long does manifestation take",manifestation,how,53.8,1,3,1,1,1,0,""
312,seed,"what does it mean when you see a butterfly",signs_synchronicity,wh,53.8,1,3,1,1,1,0,""
313,discovered,"how will i know who is my soulmate",twin_flame_soulmate,how,53.8,1,3,3,1,0,1,""
314,discovered,"do you still love",love_relationships,yes_no,53.6,4,5,2,1,0,1,""
315,discovered,"does he think about",love_relationships,yes_no,53,3,5,2,1,0,0,""
316,discovered,"why do i keep seeing angel numbers",angel_numbers,wh,53,3,5,2,1,0,0,""
317,discovered,"how to find my purpose in life",money_career,how,53,4,4,2,1,0,0,""
318,discovered,"what does mercury in retrograde",astrology,wh,53,3,5,2,1,0,0,""
319,discovered,"what happens during a spiritual awakening",spiritual_awakening,wh,53,1,15,1,1,0,1,""
320,discovered,"new moon manifestation ritual",manifestation,noun,52.8,1,3,3,1,0,2,""
321,seed,"what does it mean when he",unclassified,wh,52.7,10,1,0,1,0,0,"meaning"
322,seed,"what does the magician card mean",tarot,wh,52.5,5,2,1,0,1,0,"meaning|tarot|reader"
323,discovered,"getting signs from deceased loved ones",grief_afterlife,signs,52.4,1,14,1,1,0,0,""
324,seed,"can tarot predict the future",tarot,yes_no,52.2,1,2,1,1,1,0,""
325,seed,"best tarot deck for beginners",tarot,noun,52.2,1,2,1,1,1,0,""
326,seed,"why is my manifestation not working",manifestation,wh,52.2,1,2,1,1,1,0,""
327,seed,"can mediums talk to the dead",grief_afterlife,yes_no,52.2,1,2,1,1,1,0,""
328,seed,"how to know if a medium is real",grief_afterlife,how,52.2,1,2,1,1,1,0,""
329,seed,"is this job right for me",money_career,yes_no,52.2,1,2,1,1,1,0,""
330,seed,"what is my intuition telling me",psychic_abilities,wh,52.2,1,2,1,1,1,0,""
331,discovered,"what is kundalini awakening",chakras_energy,wh,52,4,4,2,1,0,1,""
332,seed,"what does 1111 mean in love",angel_numbers,wh,51.8,1,3,1,1,1,2,""
333,discovered,"psychic reviews",psychic_abilities,noun,51.8,1,3,3,1,0,3,""
334,discovered,"how do you know your spiritually awakened",spiritual_awakening,how,51.8,1,8,2,1,0,1,""
335,discovered,"what does the future hold",money_career,wh,51.8,6,8,1,1,0,0,""
336,discovered,"will he come back to me tarot",tarot,yes_no,51.4,3,4,2,1,0,0,""
337,discovered,"signs he's cheating",love_relationships,signs,51.4,3,4,2,1,0,0,""
338,discovered,"twin flame vs soulmate vs karmic",twin_flame_soulmate,noun,51,3,5,2,1,0,2,""
339,discovered,"how to see your spirit guide",psychic_abilities,how,51,1,15,1,1,0,3,""
340,discovered,"what does it mean when you dream about your ex",dreams,wh,50.9,2,5,2,1,0,0,""
341,discovered,"how to cleanse negative energy with sage",protection_energy,how,50.8,1,13,1,1,0,0,""
342,seed,"how to do candle magic",crystals_rituals,how,50.6,1,1,1,1,1,0,""
343,discovered,"how to read tarot cards for yourself",tarot,how,50.5,2,6,2,1,0,2,""
344,discovered,"will he ever come back",love_relationships,yes_no,50.4,3,4,2,1,0,1,""
345,discovered,"am i psychic quiz free with answers",psychic_abilities,yes_no,50.2,1,7,2,1,0,1,""
346,discovered,"what does a spiritual awakening feel like",spiritual_awakening,wh,49.9,2,5,2,1,0,1,""
347,discovered,"how to find your spirit animal native american",spiritual_awakening,how,49.9,2,5,2,1,0,1,""
348,discovered,"past life",past_lives_karma,noun,49.8,3,3,2,1,0,0,""
349,discovered,"is he thinking about me right",love_relationships,yes_no,49.5,2,6,2,1,0,3,""
350,discovered,"what does it mean when you dream about someone",dreams,wh,49.3,2,4,2,1,0,0,""
351,discovered,"what does it mean when you dream about someone dying who is still alive",dreams,wh,49.3,2,4,2,1,0,0,""
352,discovered,"how to manifest money quickly",manifestation,how,49.3,2,4,2,1,0,0,""
353,discovered,"how to manifest money overnight",manifestation,how,49.3,2,4,2,1,0,0,""
354,discovered,"is it cheating",love_relationships,yes_no,49.1,5,7,1,1,0,0,""
355,discovered,"what are chakras and how do they work",chakras_energy,wh,48.8,1,13,1,1,0,2,""
356,discovered,"law of attraction",manifestation,noun,48.8,8,5,1,1,0,0,""
357,seed,"how to find your calling",unclassified,how,48.5,4,1,1,0,1,0,"howto"
358,discovered,"what is a life path number",angel_numbers,wh,48.3,2,4,2,1,0,1,""
359,seed,"limerence",love_relationships,noun,48.1,19,2,0,0,0,0,"meaning"
360,discovered,"is he cheating on",love_relationships,yes_no,48,7,5,1,1,0,0,""
361,discovered,"how to know my past life regression",past_lives_karma,how,48,1,5,2,1,0,0,""
362,discovered,"how to know your spirit animal by zodiac",astrology,how,48,1,5,2,1,0,0,""
363,discovered,"why do i keep dreaming about my ex",dreams,wh,47.7,2,3,2,1,0,0,""
364,discovered,"what was my past life",past_lives_karma,wh,47.7,2,3,2,1,0,0,""
365,discovered,"does he like me or just being nice",love_relationships,yes_no,47.7,2,3,2,1,0,0,""
366,discovered,"how to read tarot for yourself",tarot,how,47.7,2,3,2,1,0,0,""
367,discovered,"signs she's cheating",love_relationships,signs,47.7,2,3,2,1,0,0,""
368,discovered,"angel numbers",angel_numbers,noun,47.5,5,6,1,1,0,0,""
369,discovered,"why does he seem distant",love_relationships,wh,47.2,1,12,1,1,0,2,""
370,discovered,"is trusted tarot",tarot,yes_no,47.2,1,12,1,1,0,2,""
371,discovered,"what does 444",angel_numbers,wh,47,6,5,1,1,0,0,""
372,discovered,"how to find your spirit animal quiz for kids",spiritual_awakening,how,47,1,5,2,1,0,1,""
373,discovered,"what do you need for a full moon ritual",crystals_rituals,wh,47,1,5,2,1,0,1,""
374,discovered,"what sign is my saturn return",astrology,wh,47,1,5,2,1,0,1,""
375,seed,"waking up at 3am spiritual meaning",spiritual_awakening,meaning,46.7,10,6,0,0,0,0,"meaning"
376,discovered,"is he thinking about me tarot reading",tarot,yes_no,46.7,2,3,2,1,0,1,""
377,discovered,"what is reiki healing",chakras_energy,wh,46.7,2,3,2,1,0,1,""
378,discovered,"how to read tarot for others",tarot,how,46.7,2,3,2,1,0,1,""
379,discovered,"how to manifest more money",manifestation,how,46.7,2,3,2,1,0,1,""
380,discovered,"full moon ceremony",crystals_rituals,noun,46.7,2,3,2,1,0,1,""
381,discovered,"how to find your life purpose",money_career,how,46.7,2,3,2,1,0,1,""
382,discovered,"what does the death card mean in a reading",tarot,wh,46.6,1,11,1,1,0,1,""
383,discovered,"would he come back",love_relationships,yes_no,46.6,1,11,1,1,0,1,""
384,discovered,"am i psychic quiz free for adults",psychic_abilities,yes_no,46.6,1,6,2,1,0,3,""
385,discovered,"when you dream about snakes",dreams,wh,46.6,1,11,1,1,0,1,""
386,discovered,"i am clairvoyant",psychic_abilities,noun,46.4,1,4,2,1,0,0,""
387,discovered,"what is a kundalini awakening symptoms",chakras_energy,wh,46.4,1,4,2,1,0,0,""
388,discovered,"what is kundalini awakening and how to do",chakras_energy,wh,46.4,1,4,2,1,0,0,""
389,discovered,"am i medium",grief_afterlife,yes_no,46.3,2,4,2,1,0,3,""
390,discovered,"am i cursed with bad luck",protection_energy,yes_no,46.2,3,7,1,1,0,0,""
391,discovered,"am i cursed to never find love",protection_energy,yes_no,46.2,3,7,1,1,0,0,""
392,discovered,"will i get the job offer",money_career,yes_no,46.2,4,6,1,1,0,0,""
393,discovered,"what is your career path",money_career,wh,46.2,4,6,1,1,0,0,""
394,discovered,"what is my purpose in life",money_career,wh,46.2,3,2,2,1,0,2,""
395,discovered,"tarot is not",tarot,noun,46.1,2,2,2,1,0,0,""
396,discovered,"dream about snakes everywhere",dreams,noun,46.1,2,2,2,1,0,0,""
397,discovered,"dream about snakes biting you",dreams,noun,46.1,2,2,2,1,0,0,""
398,discovered,"how to manifest him back",manifestation,how,46.1,2,2,2,1,0,0,""
399,discovered,"what does a full moon",crystals_rituals,wh,46.1,2,2,2,1,0,0,""
400,discovered,"mercury retrograde 2026 signs affected",astrology,signs,46.1,2,2,2,1,0,0,""
401,discovered,"am i psychic quiz for adults",psychic_abilities,yes_no,46,1,5,2,1,0,2,""
402,discovered,"what are chakras and why are they important",chakras_energy,wh,46,1,10,1,1,0,0,""
403,discovered,"how can i find out what is my spirit animal",spiritual_awakening,how,46,1,5,2,1,0,2,""
404,discovered,"how to manifest someone back",manifestation,how,45.7,2,3,2,1,0,2,""
405,discovered,"is he emotionally cheating",love_relationships,yes_no,45.7,2,3,2,1,0,2,""
406,discovered,"is tarot cards",tarot,yes_no,45.7,2,3,2,1,0,2,""
407,discovered,"how to manifest wealth",manifestation,how,45.7,2,3,2,1,0,2,""
408,discovered,"does scripting manifestation work",manifestation,yes_no,45.7,2,3,2,1,0,2,""
409,seed,"what is a lightworker",spiritual_awakening,wh,45.6,3,1,1,0,1,0,""
410,seed,"am i a starseed",spiritual_awakening,yes_no,45.6,3,1,1,0,1,0,"quiz"
411,discovered,"how to cleanse negative energy from house",protection_energy,how,45.6,1,11,1,1,0,2,""
412,discovered,"is tarot real or fake",tarot,yes_no,45.4,1,4,2,1,0,1,""
413,discovered,"tarot yes",tarot,noun,45.4,6,4,1,1,0,0,""
414,discovered,"dream about snakes meaning in house",dreams,meaning,45.4,1,4,2,1,0,1,""
415,discovered,"does he love me quiz crush",love_relationships,yes_no,45.4,1,4,2,1,0,1,""
416,discovered,"how to read tarot cards together",tarot,how,45.4,1,4,2,1,0,1,""
417,discovered,"how do i figure out what my spiritual gift",psychic_abilities,how,45.4,1,4,2,1,0,1,""
418,discovered,"dream about dying",dreams,noun,45.1,2,2,2,1,0,1,""
419,discovered,"how to manifest the love of your life",manifestation,how,45.1,2,2,2,1,0,1,""
420,discovered,"how to get a free tarot reading",tarot,how,45.1,2,2,2,1,0,1,""
421,discovered,"how to manifest love from a specific person",manifestation,how,45.1,2,2,2,1,0,1,""
422,discovered,"is he still in love with",love_relationships,yes_no,45,1,10,1,1,0,1,""
423,discovered,"what is my purpose in life meme",money_career,wh,45,1,10,1,1,0,1,""
424,seed,"what is a cusp sign",astrology,wh,44.8,0,3,1,1,1,0,""
425,discovered,"is tarot real in islam",tarot,yes_no,44.8,1,3,2,1,0,0,""
426,discovered,"dream about snakes meaning spiritual",dreams,meaning,44.8,1,3,2,1,0,0,""
427,discovered,"dream about snakes meaning in islam",dreams,meaning,44.8,1,3,2,1,0,0,""
428,discovered,"how to manifest money spiritually",manifestation,how,44.8,1,3,2,1,0,0,""
429,discovered,"how to manifest someone to text you",manifestation,how,44.8,1,3,2,1,0,0,""
430,discovered,"how long does manifestation take to work",manifestation,how,44.8,1,3,2,1,0,0,""
431,discovered,"signs of spiritual awakening christianity",spiritual_awakening,signs,44.8,1,3,2,1,0,0,""
432,discovered,"signs of spiritual awakening dreams",dreams,signs,44.8,1,3,2,1,0,0,""
433,discovered,"signs of spiritual awakening hinduism",spiritual_awakening,signs,44.8,1,3,2,1,0,0,""
434,discovered,"what is a spiritual awakening in aa",spiritual_awakening,wh,44.8,1,3,2,1,0,0,""
435,discovered,"signs of kundalini awakening twin flame",twin_flame_soulmate,signs,44.8,1,3,2,1,0,0,""
436,discovered,"signs of kundalini awakening during sleep",chakras_energy,signs,44.8,1,3,2,1,0,0,""
437,discovered,"what crystal is for protection",protection_energy,wh,44.8,1,3,2,1,0,0,""
438,discovered,"i am psychic",psychic_abilities,noun,44.8,1,3,2,1,0,0,""
439,discovered,"what does mercury in retrograde mean relationship",astrology,wh,44.8,1,3,2,1,0,0,""
440,discovered,"what does mercury in retrograde mean for zodiac",astrology,wh,44.8,1,3,2,1,0,0,""
441,discovered,"full moon ritual questions",crystals_rituals,noun,44.8,1,3,2,1,0,0,""
442,discovered,"does he love me tarot spread",tarot,yes_no,44.7,2,3,2,1,0,3,""
443,discovered,"is tarot reading true",tarot,yes_no,44.7,2,3,2,1,0,3,""
444,discovered,"signs of spiritual awakening physical symptoms",spiritual_awakening,signs,44.4,1,9,1,1,0,0,""
445,discovered,"does he love me quiz psychology",love_relationships,yes_no,44.4,1,4,2,1,0,2,""
446,discovered,"what is my spirit animal free results",spiritual_awakening,wh,44.4,1,4,2,1,0,2,""
447,discovered,"what is my spirit animal quiz buzzfeed",spiritual_awakening,wh,44.4,1,4,2,1,0,2,""
448,discovered,"what does 333",angel_numbers,wh,44.3,5,4,1,1,0,0,""
449,discovered,"what does 555",angel_numbers,wh,44.3,5,4,1,1,0,0,""
450,discovered,"what does 777",angel_numbers,wh,44.3,5,4,1,1,0,0,""
451,discovered,"how to do a tarot reading for someone else",tarot,how,44.1,2,2,2,1,0,2,""
452,discovered,"how to manifest him",manifestation,how,44.1,2,2,2,1,0,2,""
453,discovered,"birth chart",astrology,noun,44.1,2,2,2,1,0,2,""
454,discovered,"can dreams be",dreams,yes_no,44.1,2,2,2,1,0,2,""
455,discovered,"how to chart your birth chart",astrology,how,44,1,10,1,1,0,2,""
456,discovered,"what are angel number",angel_numbers,wh,43.8,1,3,2,1,0,1,""
457,discovered,"what does it mean when you see a hawk spiritually",signs_synchronicity,wh,43.8,1,3,2,1,0,1,""
458,discovered,"is he cheating free search",love_relationships,yes_no,43.8,1,3,2,1,0,1,""
459,discovered,"what does mercury in retrograde mean to virgos",astrology,wh,43.8,1,3,2,1,0,1,""
460,discovered,"dream about dead snakes spiritual",dreams,noun,43.8,1,3,2,1,0,1,""
461,discovered,"what is kundalini awakening process",chakras_energy,wh,43.8,1,3,2,1,0,1,""
462,discovered,"full moon ritual to attract money",crystals_rituals,noun,43.8,1,3,2,1,0,1,""
463,discovered,"is he also thinking about",love_relationships,yes_no,43.8,1,3,2,1,0,1,""
464,discovered,"what are my rising signs and moon",astrology,wh,43.8,1,3,2,1,0,1,""
465,discovered,"what does cleansing aura",protection_energy,wh,43.8,1,3,2,1,0,1,""
466,discovered,"stop cleansing my aura",protection_energy,noun,43.8,1,3,2,1,0,1,""
467,discovered,"what job is right",money_career,wh,43.8,6,3,1,1,0,0,""
468,discovered,"will she ever come back",love_relationships,yes_no,43.7,2,3,2,1,0,4,""
469,discovered,"what is my spirit animal quiz for kids",spiritual_awakening,wh,43.4,1,4,2,1,0,3,""
470,discovered,"how to know what was my past life",past_lives_karma,how,43.4,1,9,1,1,0,1,""
471,discovered,"how do i find out if i had a past life",past_lives_karma,how,43.4,1,9,1,1,0,1,""
472,discovered,"is my girlfriend cheating",love_relationships,yes_no,43.3,5,4,1,1,0,1,""
473,seed,"what are angel signs",unclassified,wh,43.2,0,2,1,1,1,0,""
474,seed,"what is a sign from the universe",signs_synchronicity,wh,43.2,0,2,1,1,1,0,""
475,seed,"signs he is my twin flame",twin_flame_soulmate,signs,43.2,0,2,1,1,1,0,""
476,discovered,"how to develop intuition and psychic abilities",psychic_abilities,how,43.2,1,2,2,1,0,0,""
477,discovered,"dream about snakes meaning biblical",dreams,meaning,43.2,1,2,2,1,0,0,""
478,discovered,"dream about snake meaning hindu",dreams,meaning,43.2,1,2,2,1,0,0,""
479,discovered,"dream about being chased spiritual",dreams,noun,43.2,1,2,2,1,1,0,""
480,discovered,"is he loves me or not",love_relationships,yes_no,43.2,1,2,2,1,0,0,""
481,discovered,"how to read tarot cards with zodiac",tarot,how,43.2,1,2,2,1,0,0,""
482,discovered,"dream about snakes spiritual meaning christianity",dreams,meaning,43.2,1,2,2,1,0,0,""
483,discovered,"how to manifest love with a specific person",manifestation,how,43.2,1,2,2,1,0,0,""
484,discovered,"how to find your spirit animal totem",spiritual_awakening,how,43.2,1,2,2,1,0,0,""
485,discovered,"what is the evil eye represent",protection_energy,wh,43.2,1,2,2,1,0,0,""
486,discovered,"what is he thinking about me free tarot",tarot,wh,43.2,1,2,2,1,0,0,""
487,discovered,"what does he think about me free tarot",tarot,wh,43.2,1,2,2,1,0,0,""
488,discovered,"how to read tarot cards meanings",tarot,how,43.2,1,2,2,1,0,0,""
489,discovered,"what does the tower and death card mean together",tarot,wh,43.2,1,2,2,1,0,0,""
490,discovered,"what is my soul contract",past_lives_karma,wh,43.2,1,2,2,1,0,0,""
491,discovered,"how to find your purpose tony robbins",money_career,how,43.2,1,2,2,1,0,0,""
492,discovered,"what is your life path number",angel_numbers,wh,43.1,2,2,2,1,0,3,""
493,discovered,"how to manifest romantic love",manifestation,how,43.1,2,2,2,1,0,3,""
494,discovered,"how to find out your past life",past_lives_karma,how,43.1,2,7,1,1,0,1,""
495,discovered,"does he miss",love_relationships,yes_no,43,3,5,1,1,0,0,""
496,discovered,"is she cheating on",love_relationships,yes_no,43,4,4,1,1,0,0,""
497,discovered,"is he serious about",love_relationships,yes_no,43,3,5,1,1,0,0,""
498,discovered,"is he seeing someone else",love_relationships,yes_no,43,4,4,1,1,0,0,""
499,discovered,"am i an empath or a narcissist",psychic_abilities,yes_no,43,3,5,1,1,0,0,""
500,discovered,"what does 888",angel_numbers,wh,43,4,4,1,1,0,0,""
501,discovered,"what does 999",angel_numbers,wh,43,4,4,1,1,0,0,""
502,discovered,"what are signs of a spiritual awakening",spiritual_awakening,wh,43,1,5,2,1,0,5,""
503,discovered,"what is the evil eye symbol",protection_energy,wh,43,3,5,1,1,0,0,""
504,discovered,"moon phases",crystals_rituals,noun,43,3,5,1,1,0,0,""
505,discovered,"lucid dreaming",dreams,noun,43,4,4,1,1,0,0,""
506,discovered,"dream about teeth falling out meaning islam",dreams,meaning,42.8,1,3,2,1,0,2,""
507,discovered,"how to manifest someone to think about you",manifestation,how,42.8,1,3,2,1,0,2,""
508,discovered,"how to manifest money fast youtube",manifestation,how,42.8,1,3,2,1,0,2,""
509,discovered,"is he cheating free tarot reading",tarot,yes_no,42.8,1,3,2,1,0,2,""
510,discovered,"is he cheating reading reddit stories",love_relationships,yes_no,42.8,1,3,2,1,0,2,""
511,discovered,"what does my life path number 1",angel_numbers,wh,42.8,1,3,2,1,0,2,""
512,discovered,"dream about killing snakes spiritual",dreams,noun,42.8,1,3,2,1,0,2,""
513,discovered,"full moon ritual to attract love",crystals_rituals,noun,42.8,1,3,2,1,0,2,""
514,discovered,"how to i find my purpose",money_career,how,42.8,1,3,2,1,0,2,""
515,discovered,"what does the full moon",crystals_rituals,wh,42.7,5,3,1,1,0,0,""
516,discovered,"is he still cheating",love_relationships,yes_no,42.7,2,3,2,1,0,5,""
517,discovered,"am i psychic quiz buzzfeed",psychic_abilities,yes_no,42.4,1,4,2,1,0,4,""
518,discovered,"what does seeing 1111 constantly",angel_numbers,wh,42.4,1,4,2,1,0,4,""
519,discovered,"why does 1111",angel_numbers,wh,42.4,1,9,1,1,0,2,""
520,seed,"how to manifest a job",manifestation,how,42.2,0,2,1,1,1,1,""
521,discovered,"what is my rising sign quiz buzzfeed",astrology,wh,42.2,1,2,2,1,0,1,""
522,discovered,"what is a kundalini awakening like",chakras_energy,wh,42.2,1,2,2,1,0,1,""
523,discovered,"what is a kundalini awakening experience",chakras_energy,wh,42.2,1,2,2,1,0,1,""
524,discovered,"what is a kundalini awakening psychosis",chakras_energy,wh,42.2,1,2,2,1,0,1,""
525,discovered,"signs of kundalini awakening physical",chakras_energy,signs,42.2,1,2,2,1,0,1,""
526,discovered,"what does it mean when you see a feather on the ground",signs_synchronicity,wh,42.2,1,2,2,1,0,1,""
527,discovered,"what does it mean when you see a cardinal bird",signs_synchronicity,wh,42.2,1,2,2,1,0,1,""
528,discovered,"what does it mean when you see a deer spiritually",signs_synchronicity,wh,42.2,1,2,2,1,0,1,""
529,discovered,"what to do on a full moon spiritually",crystals_rituals,wh,42.2,1,2,2,1,0,1,""
530,discovered,"how to manifest money fast book",manifestation,how,42.2,1,2,2,1,0,1,""
531,discovered,"dream about snakes bite",dreams,noun,42.2,1,2,2,1,0,1,""
532,discovered,"signs a deceased loved one is still with you",grief_afterlife,signs,42.2,1,2,2,1,0,1,""
533,discovered,"she is cheating",love_relationships,noun,42.2,1,2,2,1,0,1,""
534,discovered,"is he using me for money",money_career,yes_no,42.2,1,2,2,1,0,1,""
535,discovered,"how to know if he loves you",love_relationships,how,42.2,1,2,2,1,0,1,""
536,discovered,"what does it mean when you dream about your ex biblical",dreams,wh,42.2,1,2,2,1,0,1,""
537,discovered,"how do you know if a dream",dreams,how,42.2,1,2,2,1,0,1,""
538,discovered,"what is my spirit animal free quiz buzzfeed",spiritual_awakening,wh,42.2,1,2,2,1,0,1,""
539,discovered,"how to find your purpose psychology",money_career,how,42.2,1,2,2,1,0,1,""
540,discovered,"what is my purpose",money_career,wh,42.2,1,2,2,1,0,1,""
541,discovered,"learn how to read tarot cards",tarot,noun,42.1,2,2,2,1,0,4,""
542,discovered,"what is the life path number",angel_numbers,wh,42,4,4,1,1,0,1,""
543,seed,"how to heal your chakras",chakras_energy,how,41.9,2,1,1,0,1,0,"howto"
544,discovered,"is he thinking about me on vacation",love_relationships,yes_no,41.8,1,3,2,1,0,3,""
545,discovered,"what does a spiritual awakening look like",spiritual_awakening,wh,41.8,1,3,2,1,0,3,""
546,discovered,"how to manifest love into your life",manifestation,how,41.8,1,3,2,1,0,3,""
547,discovered,"full moon ritual to release",crystals_rituals,noun,41.8,1,3,2,1,0,3,""
548,discovered,"is he my soulmate",twin_flame_soulmate,yes_no,41.7,5,3,1,1,0,1,""
549,seed,"is my intuition telling me something",psychic_abilities,yes_no,41.6,0,1,1,1,1,0,""
550,seed,"is being psychic real",psychic_abilities,yes_no,41.6,0,1,1,1,1,0,""
551,seed,"what is my tarot birth card",tarot,wh,41.6,0,1,1,1,1,0,""
552,seed,"what sign is compatible with me",unclassified,wh,41.6,0,1,1,1,1,0,""
553,seed,"dream about falling teeth meaning",dreams,meaning,41.6,0,1,1,1,1,0,""
554,seed,"dream about being chased meaning",dreams,meaning,41.6,0,1,1,1,1,0,""
555,seed,"am i spiritually awakening",spiritual_awakening,yes_no,41.6,0,1,1,1,1,0,""
556,seed,"how to start a spiritual practice",unclassified,how,41.6,0,1,1,1,1,0,""
557,seed,"what is grounding spiritually",protection_energy,wh,41.6,0,1,1,1,1,0,""
558,seed,"chakra healing how to",chakras_energy,noun,41.6,0,1,1,1,1,0,""
559,seed,"what is a blocked chakra",chakras_energy,wh,41.6,0,1,1,1,1,0,""
560,seed,"signs of a blocked heart chakra",chakras_energy,signs,41.6,0,1,1,1,1,0,""
561,seed,"what is my past life quiz",past_lives_karma,wh,41.6,0,1,1,1,1,0,""
562,seed,"is my loved one watching over me",unclassified,yes_no,41.6,0,1,1,1,1,0,""
563,seed,"what happens after death spiritually",unclassified,wh,41.6,0,1,1,1,1,0,""
564,seed,"signs of a spirit in your house",unclassified,signs,41.6,0,1,1,1,1,0,""
565,discovered,"why did he break up with me if he still loves",love_relationships,wh,41.5,2,6,1,1,0,1,""
566,discovered,"does he still love",love_relationships,yes_no,41.4,3,4,1,1,0,0,""
567,discovered,"should i break up with my boyfriend",love_relationships,yes_no,41.4,4,3,1,1,0,0,""
568,discovered,"why won't he commit",love_relationships,wh,41.4,4,3,1,1,0,0,""
569,discovered,"zodiac compatibility chart",astrology,noun,41.4,3,4,1,1,0,0,""
570,discovered,"what crystal is this",crystals_rituals,wh,41.4,4,3,1,1,0,0,""
571,discovered,"how to know if i am an empath or a narcissist",psychic_abilities,how,41.2,1,2,2,1,0,2,""
572,discovered,"what does the death card mean in a love reading",tarot,wh,41.2,1,7,1,1,0,0,""
573,discovered,"is tarot really",tarot,yes_no,41.2,1,2,2,1,0,2,""
574,discovered,"how to read tarot cards for beginners step by step",tarot,how,41.2,1,2,2,1,0,2,""
575,discovered,"what does 111 mean spiritually in love",love_relationships,wh,41.2,1,2,2,1,0,2,""
576,discovered,"dream about many snakes",dreams,noun,41.2,1,2,2,1,0,2,""
577,discovered,"what does it mean when you dream about someone dying who is still alive spiritually",dreams,wh,41.2,1,2,2,1,0,2,""
578,discovered,"what does it mean when you see a cardinal in your yard",signs_synchronicity,wh,41.2,1,2,2,1,0,2,""
579,discovered,"what does it mean when you see a hawk in your yard",signs_synchronicity,wh,41.2,1,2,2,1,0,2,""
580,discovered,"how to break a curse or spell",protection_energy,how,41.2,1,2,2,1,0,2,""
581,discovered,"what to do on a new moon for manifestation",manifestation,wh,41.2,1,2,2,1,0,2,""
582,discovered,"what is a blocked throat chakra",chakras_energy,wh,41.2,1,2,2,1,0,2,""
583,discovered,"what does it mean when you dream about being chased and hiding",dreams,wh,41.2,1,2,2,1,0,2,""
584,discovered,"does she like me reddit lesbian",love_relationships,yes_no,41.2,1,2,2,1,0,2,""
585,discovered,"does he like me quiz middle school",love_relationships,yes_no,41.2,1,2,2,1,0,2,""
586,discovered,"did he come back",love_relationships,yes_no,41.2,1,2,2,1,0,2,""
587,discovered,"did she come back",love_relationships,yes_no,41.2,1,2,2,1,0,2,""
588,discovered,"does he still think about",love_relationships,yes_no,41.2,1,2,2,1,0,2,""
589,discovered,"does he ever think about",love_relationships,yes_no,41.2,1,2,2,1,0,2,""
590,discovered,"how do you know if someone is your soulmate",twin_flame_soulmate,how,41.2,1,2,2,1,0,2,""
591,discovered,"am i in love with being in love",love_relationships,yes_no,41.2,1,2,2,1,0,2,""
592,discovered,"i am medium",grief_afterlife,noun,41.2,1,2,2,1,0,2,""
593,discovered,"how to read pot tarot cards meanings",tarot,how,41.2,1,2,2,1,0,2,""
594,discovered,"how to learn to read tarot cards",tarot,how,41.2,1,2,2,1,0,2,""
595,discovered,"how to read tarot cards to someone else",tarot,how,41.2,1,2,2,1,0,2,""
596,discovered,"why do i sometimes dream",dreams,wh,41.2,1,2,2,1,0,2,""
597,discovered,"karmic twin flame signs separation",twin_flame_soulmate,signs,41.2,1,2,2,1,0,2,""
598,discovered,"dream about water park",dreams,noun,41.1,2,2,2,1,0,7,""
599,discovered,"dream about snakes in bed",dreams,noun,41.1,2,2,2,1,0,5,""
600,discovered,"how to manifest something quickly",manifestation,how,41.1,2,2,2,1,0,6,""
601,discovered,"spiritual awakening",spiritual_awakening,noun,41.1,2,2,2,1,0,5,""
602,discovered,"judgement tarot card",tarot,noun,41.1,2,2,2,1,0,5,""
603,discovered,"i will teach you to be rich",money_career,noun,41.1,5,2,1,1,0,0,""
604,discovered,"what does the death card mean in tarot",tarot,wh,40.9,2,5,1,1,0,0,""
605,discovered,"what is my spirit animal zodiac",astrology,wh,40.9,2,5,1,1,0,0,""
606,discovered,"will i get the job tarot spread",tarot,yes_no,40.9,2,5,1,1,0,0,""
607,discovered,"how to know if your third eye is open",psychic_abilities,how,40.9,2,5,1,1,0,0,""
608,discovered,"does he like me quiz over text",love_relationships,yes_no,40.8,1,3,2,1,0,4,""
609,discovered,"what does it mean when you dream about spiders",dreams,wh,40.8,1,3,2,1,0,4,""
610,seed,"ascension symptoms",spiritual_awakening,noun,40.7,9,3,0,0,0,0,"meaning|reddit"
611,discovered,"is chatgpt tarot",tarot,yes_no,40.4,3,4,1,1,0,1,""
612,discovered,"how to know your past life",past_lives_karma,how,40.4,4,3,1,1,0,1,""
613,discovered,"will my ex come back",love_relationships,yes_no,40.4,4,3,1,1,0,1,""
614,discovered,"twin flame or soulmate",twin_flame_soulmate,noun,40.4,4,3,1,1,0,1,""
615,discovered,"what is my zodiac",astrology,wh,40.4,4,3,1,1,0,1,""
616,discovered,"does he love me or is he using",love_relationships,yes_no,40.2,1,7,1,1,0,1,""
617,discovered,"how to do a tarot reading for someone else far away",tarot,how,40.2,1,2,2,1,0,3,""
618,discovered,"does he love me tarot yes or no oracle",tarot,yes_no,40.2,1,2,2,1,0,3,""
619,discovered,"what does 111 mean spiritually in a relationship",love_relationships,wh,40.2,1,2,2,1,0,3,""
620,discovered,"why is my 369 manifestation not working",manifestation,wh,40.2,1,2,2,1,0,3,""
621,discovered,"what does it mean when you see a hawk in the morning",signs_synchronicity,wh,40.2,1,2,2,1,0,3,""
622,discovered,"how to manifest money fast and easy",manifestation,how,40.2,1,2,2,1,0,3,""
623,discovered,"what is the 1111",angel_numbers,wh,40.2,1,7,1,1,0,1,""
624,discovered,"what does 222 symbolize",angel_numbers,wh,40.2,1,2,2,1,0,3,""
625,discovered,"dream about snakes everywhere spiritual",dreams,noun,40.2,1,2,2,1,0,3,""
626,discovered,"what does it mean when you dream about snakes around you",dreams,wh,40.2,1,2,2,1,0,3,""
627,discovered,"how to know my spirit animal",spiritual_awakening,how,40.2,1,2,2,1,0,3,""
628,discovered,"what is a full moon ritual",crystals_rituals,wh,40.2,1,7,1,1,0,1,""
629,discovered,"how long does it take for a man to fall in love",love_relationships,how,40.2,1,2,2,1,0,3,""
630,discovered,"does he like me quiz teenager",love_relationships,yes_no,40.2,1,2,2,1,0,3,""
631,discovered,"he is cheating",love_relationships,noun,40.2,1,2,2,1,0,3,""
632,discovered,"is he cheating website",love_relationships,yes_no,40.2,1,2,2,1,0,3,""
633,discovered,"does he still think",love_relationships,yes_no,40.2,1,2,2,1,0,3,""
634,discovered,"how to read tarot cards and their meanings",tarot,how,40.2,1,2,2,1,0,3,""
635,discovered,"how to explain mercury retrograde to someone",astrology,how,40.2,1,2,2,1,0,3,""
636,discovered,"what is considered an angel number",angel_numbers,wh,40.2,1,2,2,1,0,3,""
637,discovered,"what does it mean when you dream about the same thing",dreams,wh,40.2,1,2,2,1,0,3,""
638,discovered,"is dreams",dreams,yes_no,40.2,1,2,2,1,0,3,""
639,discovered,"signs i'm having a spiritual awakening",spiritual_awakening,signs,40.2,1,2,2,1,0,3,""
640,discovered,"spiritual gift",psychic_abilities,noun,40.2,1,2,2,1,0,3,""
641,discovered,"do you find yourself somebody who can do the job",money_career,yes_no,40.2,1,2,2,1,0,3,""
642,discovered,"how to find your personal purpose",money_career,how,40.2,1,2,2,1,0,3,""
643,discovered,"why did he ghost",grief_afterlife,wh,39.8,3,3,1,1,0,0,""
644,discovered,"does he want a relationship with",love_relationships,yes_no,39.8,3,3,1,1,0,0,""
645,discovered,"will he regret losing",love_relationships,yes_no,39.8,3,3,1,1,0,0,""
646,discovered,"what does my birth chart",astrology,wh,39.8,3,3,1,1,0,0,""
647,discovered,"is astrology",astrology,yes_no,39.8,3,3,1,1,0,0,""
648,discovered,"what does 1111",angel_numbers,wh,39.8,3,3,1,1,0,0,""
649,discovered,"karmic or twin flame",twin_flame_soulmate,noun,39.8,3,3,1,1,0,0,""
650,discovered,"what is your life purpose",money_career,wh,39.8,3,3,1,1,0,0,""
651,discovered,"open third eye",psychic_abilities,noun,39.8,3,3,1,1,0,0,""
652,discovered,"what crystal",crystals_rituals,wh,39.8,3,3,1,1,0,0,""
653,seed,"what do dreams mean spiritually",dreams,wh,39.6,0,1,1,1,1,2,""
654,seed,"what does my venus sign mean",astrology,wh,39.6,0,1,1,1,1,2,""
655,discovered,"does my crush like me quiz for girls",love_relationships,yes_no,39.6,1,6,1,1,0,0,""
656,discovered,"am i cursed by god",protection_energy,yes_no,39.6,1,6,1,1,0,0,""
657,discovered,"if mediums can talk to the dead imagine what a large could do",grief_afterlife,noun,39.6,1,6,1,1,0,0,""
658,discovered,"signs of deceased loved ones visiting",grief_afterlife,signs,39.6,1,6,1,1,0,0,""
659,discovered,"dark night of the soul symptoms",spiritual_awakening,noun,39.4,3,4,1,1,0,2,""
660,discovered,"why is he acting distant all of a sudden",love_relationships,wh,39.3,2,4,1,1,0,0,""
661,discovered,"how to open third eye chakra",psychic_abilities,how,39.3,2,4,1,1,0,0,""
662,discovered,"what is my rising sign and moon",astrology,wh,39.3,2,4,1,1,0,0,""
663,discovered,"what is my spirit animal by birthday",spiritual_awakening,wh,39.3,2,4,1,1,0,0,""
664,discovered,"what is the evil eye bracelet",protection_energy,wh,39.3,2,4,1,1,0,0,""
665,discovered,"no signs from deceased loved ones",grief_afterlife,signs,39.3,2,4,1,1,0,0,""
666,discovered,"what does the future hold for us",money_career,wh,39.3,2,4,1,1,0,0,""
667,discovered,"i am not psychic",psychic_abilities,noun,39.3,2,4,1,1,0,0,""
668,discovered,"i am not clairvoyant",psychic_abilities,noun,39.2,1,2,2,1,0,4,""
669,discovered,"how to do a tarot reading with playing cards",tarot,how,39.2,1,2,2,1,0,4,""
670,discovered,"what does 111 mean spiritually twin flame",twin_flame_soulmate,wh,39.2,1,2,2,1,0,4,""
671,discovered,"why is my love manifestation not working",manifestation,wh,39.2,1,2,2,1,0,4,""
672,discovered,"why hasn't my manifestation is not working",manifestation,wh,39.2,1,2,2,1,0,4,""
673,discovered,"new moon ritual ideas",crystals_rituals,noun,39.2,1,2,2,1,0,4,""
674,discovered,"how to find my purpose in christ",money_career,how,39.2,1,2,2,1,0,4,""
675,discovered,"can you be an empath for one person",psychic_abilities,yes_no,39.2,1,7,1,1,0,2,""
676,discovered,"how to read tarot cards for someone",tarot,how,39.2,1,2,2,1,0,4,""
677,discovered,"what is a good full moon ritual",crystals_rituals,wh,39.2,1,7,1,1,0,2,""
678,discovered,"does she like me wlw",love_relationships,yes_no,39.2,1,2,2,1,0,4,""
679,discovered,"did he love me free tarot",tarot,yes_no,39.2,1,2,2,1,0,4,""
680,discovered,"how to read playing cards as tarot cards meanings",tarot,how,39.2,1,2,2,1,0,4,""
681,discovered,"how to read tarot cards to yourself",tarot,how,39.2,1,2,2,1,0,4,""
682,discovered,"what is the big three",astrology,wh,38.8,3,3,1,1,0,1,""
683,discovered,"will i be successful in life",money_career,yes_no,38.8,3,3,1,1,0,1,""
684,seed,"crystals for love and attraction",crystals_rituals,noun,38.6,0,1,1,1,1,3,""
685,discovered,"what is my rising sign and what does",astrology,wh,38.6,1,6,1,1,0,1,""
686,discovered,"what is shadow work and how do you do",manifestation,wh,38.6,1,6,1,1,0,1,""
687,discovered,"what is the purpose of a spiritual awakening",spiritual_awakening,wh,38.6,1,6,1,1,0,1,""
688,discovered,"what do the 7 chakras do",chakras_energy,wh,38.6,1,6,1,1,0,1,""
689,discovered,"can you talk to the dead bible",grief_afterlife,yes_no,38.6,1,6,1,1,0,1,""
690,discovered,"will he come back after no contact",love_relationships,yes_no,38.3,2,4,1,1,0,1,""
691,discovered,"does my work crush like",love_relationships,yes_no,38.3,2,4,1,1,0,1,""
692,discovered,"am i an hsp or empath",psychic_abilities,yes_no,38.3,2,4,1,1,0,1,""
693,discovered,"find your spirit animal",spiritual_awakening,noun,38.3,2,4,1,1,0,1,""
694,seed,"how to stop obsessing over someone",unclassified,how,38.2,1,2,1,0,1,0,""
695,seed,"how to cleanse your space",protection_energy,how,38.2,1,2,1,0,1,0,""
696,discovered,"how to know if someone is spiritually awakened",spiritual_awakening,how,38.2,1,2,2,1,0,6,""
697,discovered,"what to do on a full moon for manifestation",manifestation,wh,38.2,1,2,2,1,0,6,""
698,discovered,"is online cheating really cheating",love_relationships,yes_no,38.2,1,2,2,1,0,5,""
699,discovered,"am i a psychic",psychic_abilities,yes_no,38.2,3,2,1,1,0,0,""
700,discovered,"how to read multiple tarot cards together",tarot,how,38.2,1,2,2,1,0,7,""
701,discovered,"dream about eating snakes spiritual",dreams,noun,38.2,1,2,2,1,0,8,""
702,discovered,"does he like me quiz buzzfeed",love_relationships,yes_no,38.2,1,2,2,1,0,6,""
703,discovered,"what does 333 and 555 mean together",angel_numbers,wh,38.2,1,2,2,1,0,8,""
704,discovered,"what does my dream",dreams,wh,38.2,3,2,1,1,0,0,""
705,discovered,"what is the bear spirit animal",spiritual_awakening,wh,38.2,1,2,2,1,0,5,""
706,discovered,"what is the fox spirit animal",spiritual_awakening,wh,38.2,1,2,2,1,0,6,""
707,discovered,"what is the owl spirit animal",spiritual_awakening,wh,38.2,1,2,2,1,0,7,""
708,discovered,"moon phase",crystals_rituals,noun,38.2,3,2,1,1,0,0,""
709,discovered,"does manifestation work to get an ex back",manifestation,yes_no,38,1,5,1,1,0,0,""
710,discovered,"will i get the job i applied",money_career,yes_no,38,1,5,1,1,0,0,""
711,discovered,"angel numbers meaning of 555",angel_numbers,meaning,38,1,5,1,1,0,0,""
712,discovered,"does manifestation work if you tell someone",manifestation,yes_no,38,1,5,1,1,0,0,""
713,discovered,"past life regression therapy",past_lives_karma,noun,37.8,3,3,1,1,0,2,""
714,discovered,"will he come back after working on himself",love_relationships,yes_no,37.7,2,3,1,1,0,0,""
715,discovered,"is he cheating tarot spread",tarot,yes_no,37.7,2,3,1,1,0,0,""
716,discovered,"what does the death card",tarot,wh,37.7,2,3,1,1,0,0,""
717,discovered,"what is my rising sign by date of birth and time",astrology,wh,37.7,2,3,1,1,0,0,""
718,discovered,"what does mercury retrograde mean for virgo",astrology,wh,37.7,2,3,1,1,0,0,""
719,discovered,"what does mercury retrograde mean for gemini",astrology,wh,37.7,2,3,1,1,0,0,""
720,discovered,"what is a cusp",astrology,wh,37.7,2,3,1,1,0,0,""
721,discovered,"what does 222 mean spiritually",angel_numbers,wh,37.7,2,3,1,1,0,0,""
722,discovered,"why do i keep dreaming about the same person",dreams,wh,37.7,2,3,1,1,0,0,""
723,discovered,"why do i keep dreaming about someone",dreams,wh,37.7,2,3,1,1,0,0,""
724,discovered,"what is akashic records",psychic_abilities,wh,37.7,2,3,1,1,0,0,""
725,discovered,"can mediums really talk to the dead",grief_afterlife,yes_no,37.7,2,3,1,1,0,0,""
726,discovered,"are mediums",grief_afterlife,yes_no,37.7,2,3,1,1,0,0,""
727,discovered,"am i an empath or narcissist",psychic_abilities,yes_no,37.7,2,3,1,1,0,0,""
728,discovered,"what is spiritual enlightenment",spiritual_awakening,wh,37.7,2,3,1,1,0,0,""
729,discovered,"how to unblock heart chakra",chakras_energy,how,37.7,2,3,1,1,0,0,""
730,discovered,"how do mediums talk to the dead",grief_afterlife,how,37.7,2,3,1,1,0,0,""
731,discovered,"will i get government job astrology",astrology,yes_no,37.7,2,3,1,1,0,0,""
732,discovered,"death card",tarot,noun,37.6,1,6,1,1,0,2,""
733,discovered,"how to know if your birth chart is good",astrology,how,37.6,1,6,1,1,0,2,""
734,discovered,"is astrology real or fake",astrology,yes_no,37.3,2,4,1,1,0,2,""
735,discovered,"how to manifest money in 24 hours",manifestation,how,37.3,2,4,1,1,0,2,""
736,discovered,"what are angel numbers",angel_numbers,wh,37.3,2,4,1,1,0,2,""
737,discovered,"should i break up with my girlfriend",love_relationships,yes_no,37.2,3,2,1,1,0,1,""
738,discovered,"what is a stellium in astrology",astrology,wh,37.2,3,2,1,1,0,1,""
739,discovered,"who will i marry tarot free reading",tarot,wh,37.2,3,2,1,1,0,1,""
740,discovered,"how much does my crush like",love_relationships,how,37.2,3,2,1,1,0,1,""
741,discovered,"is he the right one",love_relationships,yes_no,37.2,3,2,1,1,0,1,""
742,discovered,"are tarot cards",tarot,yes_no,37.2,3,2,1,1,0,1,""
743,discovered,"will manifestation work",manifestation,yes_no,37.2,1,7,1,1,0,4,""
744,discovered,"does my crush like me quiz for guys",love_relationships,yes_no,37,1,5,1,1,0,1,""
745,discovered,"does my crush like me quiz for 11 year olds",love_relationships,yes_no,37,1,5,1,1,0,1,""
746,discovered,"what does it mercury in retrograde",astrology,wh,37,1,5,1,1,0,1,""
747,discovered,"does manifestation work for everyone",manifestation,yes_no,37,1,5,1,1,0,1,""
748,discovered,"should i break up with him",love_relationships,yes_no,36.8,3,3,1,1,0,3,""
749,discovered,"does he really love",love_relationships,yes_no,36.7,2,3,1,1,0,1,""
750,discovered,"is he the one tarot spread",tarot,yes_no,36.7,2,3,1,1,0,1,""
751,discovered,"is my boyfriend toxic",love_relationships,yes_no,36.7,2,3,1,1,0,1,""
752,discovered,"how to read my astrology chart",astrology,how,36.7,2,3,1,1,0,1,""
753,discovered,"why do i keep dreaming about the same person romantically",dreams,wh,36.7,2,3,1,1,0,1,""
754,discovered,"why do i keep dreaming about my ex spiritual",dreams,wh,36.7,2,3,1,1,0,1,""
755,discovered,"signs manifestation is coming",manifestation,signs,36.7,2,3,1,1,0,1,""
756,discovered,"how to manifest a specific person to fall in love with you",manifestation,how,36.7,2,3,1,1,0,1,""
757,discovered,"am i having a spiritual awakening",spiritual_awakening,yes_no,36.7,2,3,1,1,0,1,""
758,discovered,"will i get the job tarot",tarot,yes_no,36.7,2,3,1,1,0,1,""
759,discovered,"does she miss",love_relationships,yes_no,36.7,2,3,1,1,0,1,""
760,discovered,"is it cheating questions",love_relationships,yes_no,36.7,2,3,1,1,0,1,""
761,discovered,"how to attract money",money_career,how,36.7,2,3,1,1,0,1,""
762,discovered,"what is the best career path",money_career,wh,36.7,2,3,1,1,0,1,""
763,seed,"how to know who your soulmate is",twin_flame_soulmate,how,36.6,1,1,1,0,1,0,""
764,seed,"can dreams predict the future",dreams,yes_no,36.6,1,1,1,0,1,0,""
765,seed,"why manifestation is not working",manifestation,wh,36.6,1,1,1,0,1,0,""
766,seed,"what is the void state",unclassified,wh,36.6,1,1,1,0,1,0,""
767,seed,"what is a retrograde planet",astrology,wh,36.6,1,1,1,0,1,0,""
768,seed,"crystals for manifesting money",manifestation,noun,36.6,1,1,1,0,1,0,""
769,seed,"what to do on the new moon",crystals_rituals,wh,36.6,1,1,1,0,1,0,""
770,seed,"how to ask tarot questions",tarot,how,36.6,1,1,1,0,1,0,""
771,seed,"will i be financially stable",money_career,yes_no,36.6,1,1,1,0,1,0,""
772,discovered,"dream about big snakes",dreams,noun,36.6,1,1,2,1,0,6,""
773,discovered,"dream about black snakes",dreams,noun,36.6,1,1,2,1,0,7,""
774,discovered,"dream about killing snakes",dreams,noun,36.6,1,1,2,1,0,8,""
775,discovered,"what does the angel number 1111 stand",angel_numbers,wh,36.6,1,6,1,1,0,3,""
776,discovered,"why is he distant after hanging out",love_relationships,wh,36.4,1,4,1,1,0,0,""
777,discovered,"how to open third eye to see spirits",psychic_abilities,how,36.4,1,4,1,1,0,0,""
778,discovered,"how to read your birth chart in depth",astrology,how,36.4,1,4,1,1,0,0,""
779,discovered,"does manifestation work on a person",manifestation,yes_no,36.4,1,4,1,1,0,0,""
780,discovered,"does manifestation work for weight loss",manifestation,yes_no,36.4,1,4,1,1,0,0,""
781,discovered,"signs of spiritual awakening waking up at 3am",spiritual_awakening,signs,36.4,1,4,1,1,0,0,""
782,discovered,"how to unblock chakras in real life",chakras_energy,how,36.4,1,4,1,1,0,0,""
783,discovered,"what does the future hold for me tarot",tarot,wh,36.4,1,4,1,1,0,0,""
784,discovered,"why is he being distant after we kissed",love_relationships,wh,36.4,1,4,1,1,0,0,""
785,discovered,"why is he being distant after the first date",love_relationships,wh,36.4,1,4,1,1,0,0,""
786,discovered,"what does the death card mean in a health reading",tarot,wh,36.4,1,4,1,1,0,0,""
787,discovered,"what does the death card mean in a yes or no question",tarot,wh,36.4,1,4,1,1,0,0,""
788,discovered,"what is my rising sign how to know",astrology,wh,36.4,1,4,1,1,0,0,""
789,discovered,"how to read your birth chart for the year",astrology,how,36.4,1,4,1,1,0,0,""
790,discovered,"how to ask chatgpt to read my birth chart",astrology,how,36.4,1,4,1,1,0,0,""
791,discovered,"what does mercury retrograde mean in birth chart",astrology,wh,36.4,1,4,1,1,0,0,""
792,discovered,"signs of spiritual awakening in the body",spiritual_awakening,signs,36.4,1,4,1,1,0,0,""
793,discovered,"what is the evil eye and what does",protection_energy,wh,36.4,1,4,1,1,0,0,""
794,discovered,"i got your message understanding signs from deceased loved ones",grief_afterlife,signs,36.4,1,4,1,1,0,0,""
795,discovered,"what is the career path to become a judge",money_career,wh,36.4,1,4,1,1,0,0,""
796,discovered,"when will i get married astrology",astrology,wh,36.2,3,2,1,1,0,2,""
797,discovered,"how to find out your spirit animal",spiritual_awakening,how,36.2,3,2,1,1,0,2,""
798,seed,"tarot card meanings",tarot,noun,36.1,6,3,0,0,0,0,"tarot"
799,discovered,"does he still love me after break up",love_relationships,yes_no,36.1,2,2,1,1,0,0,""
800,discovered,"does he regret losing",love_relationships,yes_no,36.1,2,2,1,1,0,0,""
801,discovered,"am i psychic medium",psychic_abilities,yes_no,36.1,2,2,1,1,0,0,""
802,discovered,"how to know if you're an empath",psychic_abilities,how,36.1,2,2,1,1,0,0,""
803,discovered,"what is my intuition telling",psychic_abilities,wh,36.1,2,2,1,1,0,0,""
804,discovered,"what is your big three",astrology,wh,36.1,2,2,1,1,0,0,""
805,discovered,"what does 1212",angel_numbers,wh,36.1,2,2,1,1,0,0,""
806,discovered,"what does 1010",angel_numbers,wh,36.1,2,2,1,1,0,0,""
807,discovered,"what do dreams",dreams,wh,36.1,2,2,1,1,0,0,""
808,discovered,"lucid dreaming how",dreams,noun,36.1,2,2,1,1,0,0,""
809,discovered,"recurring dreams",dreams,noun,36.1,2,2,1,1,0,0,""
810,discovered,"why do i keep seeing repeating numbers spiritual",angel_numbers,wh,36.1,2,2,1,1,0,0,""
811,discovered,"what does it mean when you see a cardinal spiritual",signs_synchronicity,wh,36.1,2,2,1,1,0,0,""
812,discovered,"full moon ritual june",crystals_rituals,noun,36.1,2,2,1,1,0,0,""
813,discovered,"is this job right",money_career,yes_no,36.1,2,2,1,1,0,0,""
814,discovered,"what is my destiny matrix",money_career,wh,36.1,2,2,1,1,0,0,""
815,discovered,"does my crush like me back middle school",love_relationships,yes_no,36.1,2,2,1,1,0,0,""
816,discovered,"does my crush like me or not",love_relationships,yes_no,36.1,2,2,1,1,0,0,""
817,discovered,"is tarot always",tarot,yes_no,36.1,2,2,1,1,0,0,""
818,discovered,"what does it mean when you dream about killing someone and hiding the body",dreams,wh,36.1,2,2,1,1,0,0,""
819,discovered,"why do i keep dreaming about work",dreams,wh,36.1,2,2,1,1,0,0,""
820,discovered,"what does a spiritual awakening",spiritual_awakening,wh,36.1,2,2,1,1,0,0,""
821,discovered,"what crystal is for virgo",astrology,wh,36.1,2,2,1,1,0,0,""
822,discovered,"full moon ritual may 31",crystals_rituals,noun,36.1,2,2,1,1,0,0,""
823,discovered,"it will come back",love_relationships,noun,36.1,2,2,1,1,0,0,""
824,discovered,"what is the north node",astrology,wh,36.1,2,2,1,1,0,0,""
825,discovered,"what do my dreams",dreams,wh,36.1,2,2,1,1,0,0,""
826,discovered,"karmic twin flame",twin_flame_soulmate,noun,36.1,2,2,1,1,0,0,""
827,discovered,"will i ever be rich",money_career,yes_no,36.1,2,2,1,1,0,0,""
828,discovered,"what does the death card mean in a relationship reading",tarot,wh,36,1,5,1,1,0,2,""
829,discovered,"what can 222",angel_numbers,wh,36,1,5,1,1,0,2,""
830,discovered,"what does it mean to dream about snakes on you",dreams,wh,36,1,5,1,1,0,2,""
831,discovered,"what crystal to use for good luck",crystals_rituals,wh,36,1,5,1,1,0,2,""
832,discovered,"is twin flame different from soulmate",twin_flame_soulmate,yes_no,36,1,5,1,1,0,2,""
833,discovered,"what does my venus sign say about",astrology,wh,36,1,5,1,1,0,2,""
834,discovered,"what is the difference between twin flame and karmic",twin_flame_soulmate,wh,36,1,5,1,1,0,2,""
835,discovered,"does my crush hate",love_relationships,yes_no,35.8,3,3,1,1,0,4,""
836,discovered,"does he still like",love_relationships,yes_no,35.7,2,3,1,1,0,2,""
837,discovered,"is he cheating on me tarot",tarot,yes_no,35.7,2,3,1,1,0,2,""
838,discovered,"how to open my third eye",psychic_abilities,how,35.7,2,3,1,1,0,2,""
839,discovered,"read my natal chart",astrology,noun,35.7,2,3,1,1,0,2,""
840,discovered,"have i been cursed",protection_energy,yes_no,35.7,2,3,1,1,0,2,""
841,discovered,"how to unblock throat chakra",chakras_energy,how,35.7,2,3,1,1,0,2,""
842,discovered,"does my crush like me name",love_relationships,yes_no,35.6,3,1,1,1,0,1,""
843,discovered,"is tarot even",tarot,yes_no,35.6,3,1,1,1,0,1,""
844,discovered,"tarot is",tarot,noun,35.6,3,1,1,1,0,1,""
845,discovered,"can deceased loved ones send",grief_afterlife,yes_no,35.6,1,6,1,1,0,4,""
846,discovered,"what does the death card mean in tarot reading",tarot,wh,35.4,1,4,1,1,0,1,""
847,discovered,"what does the death card mean in phasmophobia",tarot,wh,35.4,1,4,1,1,0,1,""
848,discovered,"what is a spiritual awakening in the bible",spiritual_awakening,wh,35.4,1,4,1,1,0,1,""
849,discovered,"how to open third eye to see ghost",psychic_abilities,how,35.4,1,4,1,1,0,1,""
850,discovered,"how to read my birth chart to tell me when i meet my partner",astrology,how,35.4,1,4,1,1,0,1,""
851,discovered,"zodiac.compatibility chart",astrology,noun,35.4,1,4,1,1,0,1,""
852,discovered,"angel numbers meaning of 444",angel_numbers,meaning,35.4,1,4,1,1,0,1,""
853,discovered,"what is the best life path number to have",angel_numbers,wh,35.4,1,4,1,1,0,1,""
854,discovered,"how to know what is my life path number",angel_numbers,how,35.4,1,4,1,1,0,1,""
855,discovered,"signs you are awakening spiritually",spiritual_awakening,signs,35.4,1,4,1,1,0,1,""
856,discovered,"signs your deceased loved one is visiting",grief_afterlife,signs,35.4,1,4,1,1,0,1,""
857,discovered,"do jobs let you know if you didn't get the job",money_career,yes_no,35.4,1,4,1,1,0,1,""
858,discovered,"ways to shuffle tarot cards",tarot,noun,35.4,1,4,1,1,0,1,""
859,discovered,"what does 777 symbolize",angel_numbers,wh,35.4,1,4,1,1,0,1,""
860,discovered,"does my online crush like",love_relationships,yes_no,35.3,2,4,1,1,0,4,""
861,discovered,"read my birth chart",astrology,noun,35.2,3,2,1,1,0,3,""
862,discovered,"horoscope compatibility",astrology,noun,35.2,3,2,1,1,0,3,""
863,discovered,"is she cheating or am i paranoid",love_relationships,yes_no,35.1,2,2,1,1,0,1,""
864,discovered,"why did he ghost me but not delete",grief_afterlife,wh,35.1,2,2,1,1,0,1,""
865,discovered,"why did he ghost me out of nowhere",grief_afterlife,wh,35.1,2,2,1,1,0,1,""
866,discovered,"who is my soulmate quiz ai",twin_flame_soulmate,wh,35.1,2,2,1,1,0,1,""
867,discovered,"how to strengthen psychic abilities",psychic_abilities,how,35.1,2,2,1,1,0,1,""
868,discovered,"does tarot predict the future",tarot,yes_no,35.1,2,2,1,1,0,1,""
869,discovered,"what does my birth chart say about",astrology,wh,35.1,2,2,1,1,0,1,""
870,discovered,"what does 444 mean spiritually",angel_numbers,wh,35.1,2,2,1,1,0,1,""
871,discovered,"how to do shadow work healing",manifestation,how,35.1,2,2,1,1,0,1,""
872,discovered,"how to raise your vibration for manifestation",manifestation,how,35.1,2,2,1,1,0,1,""
873,discovered,"why do i keep seeing 666",angel_numbers,wh,35.1,2,2,1,1,0,1,""
874,discovered,"crystals for anxiety and overthinking",crystals_rituals,noun,35.1,2,2,1,1,0,1,""
875,discovered,"how to remove karma",past_lives_karma,how,35.1,2,2,1,1,0,1,""
876,discovered,"past life connection",past_lives_karma,noun,35.1,2,2,1,1,0,1,""
877,discovered,"are psychic",psychic_abilities,yes_no,35.1,2,2,1,1,0,1,""
878,discovered,"will i be rich one day",money_career,yes_no,35.1,2,2,1,1,0,1,""
879,discovered,"does he ever miss",love_relationships,yes_no,35.1,2,2,1,1,0,1,""
880,discovered,"will she ever miss",love_relationships,yes_no,35.1,2,2,1,1,0,1,""
881,discovered,"is he the one tarot",tarot,yes_no,35.1,2,2,1,1,0,1,""
882,discovered,"why am i such an empath",psychic_abilities,wh,35.1,2,2,1,1,0,1,""
883,discovered,"astrology compatibility",astrology,noun,35.1,2,2,1,1,0,1,""
884,discovered,"why do i keep dreaming about him",dreams,wh,35.1,2,2,1,1,0,1,""
885,discovered,"how to manifest instantly",manifestation,how,35.1,2,2,1,1,0,1,""
886,discovered,"what is the meaning of evil eye",protection_energy,wh,35.1,2,2,1,1,0,1,""
887,discovered,"what is the evil eye tattoo",protection_energy,wh,35.1,2,2,1,1,0,1,""
888,discovered,"what is crystal uhd",crystals_rituals,wh,35.1,2,2,1,1,0,1,""
889,discovered,"what are chakra beads",chakras_energy,wh,35.1,2,2,1,1,0,1,""
890,discovered,"what are chakra crystals",crystals_rituals,wh,35.1,2,2,1,1,0,1,""
891,discovered,"what are different chakras",chakras_energy,wh,35.1,2,2,1,1,0,1,""
892,discovered,"signs she will come back",love_relationships,signs,35.1,2,2,1,1,0,1,""
893,discovered,"do i break up",love_relationships,yes_no,35.1,2,2,1,1,0,1,""
894,discovered,"will i ever fall in love",love_relationships,yes_no,35.1,2,2,1,1,0,1,""
895,discovered,"twin flame soulmate",twin_flame_soulmate,noun,35.1,2,2,1,1,0,1,""
896,discovered,"who is your soulmate",twin_flame_soulmate,wh,35.1,2,2,1,1,0,1,""
897,discovered,"what is clairvoyance",psychic_abilities,wh,35.1,2,2,1,1,0,1,""
898,discovered,"what does 222 mean angel",angel_numbers,wh,35.1,2,2,1,1,0,1,""
899,discovered,"what do your dreams",dreams,wh,35.1,2,2,1,1,0,1,""
900,discovered,"what is life purpose",money_career,wh,35.1,2,2,1,1,0,1,""
901,discovered,"who should i marry",love_relationships,wh,35.1,2,2,1,1,0,1,""
902,discovered,"dream about teeth falling out meaning biblical",dreams,meaning,35.1,2,2,2,0,0,1,""
903,discovered,"how to find my life purpose",money_career,how,35.1,2,2,2,0,0,1,""
904,discovered,"does my crush actually like",love_relationships,yes_no,35,1,5,1,1,0,3,""
905,discovered,"what is the meaning of seeing angel numbers",angel_numbers,wh,35,1,5,1,1,0,3,""
906,discovered,"what is a twin flame vs soulmate",twin_flame_soulmate,wh,35,1,5,1,1,0,3,""
907,discovered,"does he miss me like i miss him",love_relationships,yes_no,34.8,1,3,1,1,0,0,""
908,discovered,"does he miss me too",love_relationships,yes_no,34.8,1,3,1,1,0,0,""
909,discovered,"does my crush like me ai",love_relationships,yes_no,34.8,1,3,1,1,0,0,""
910,discovered,"why is he distant after intimacy",love_relationships,wh,34.8,1,3,1,1,0,0,""
911,discovered,"why is he distant after cheating",love_relationships,wh,34.8,1,3,1,1,0,0,""
912,discovered,"why is he distant with",love_relationships,wh,34.8,1,3,1,1,0,0,""
913,discovered,"should i text him back",love_relationships,yes_no,34.8,3,3,1,1,0,7,""
914,discovered,"how to know if someone loves you",love_relationships,how,34.8,3,3,1,1,0,5,""
915,discovered,"am i psychic or crazy",psychic_abilities,yes_no,34.8,1,3,1,1,0,0,""
916,discovered,"how to open third eye in 3 minutes",psychic_abilities,how,34.8,1,3,1,1,0,0,""
917,discovered,"how to open third eye without meditation",psychic_abilities,how,34.8,1,3,1,1,0,0,""
918,discovered,"how to open third eye pineal gland",psychic_abilities,how,34.8,1,3,1,1,0,0,""
919,discovered,"how to read tarot for someone else",tarot,how,34.8,1,3,1,1,0,0,""
920,discovered,"what does the death card mean upside down",tarot,wh,34.8,1,3,1,1,0,0,""
921,discovered,"how to read my birth chart for love",astrology,how,34.8,1,3,1,1,0,0,""
922,discovered,"what does mercury retrograde mean in astrology",astrology,wh,34.8,1,3,1,1,0,0,""
923,discovered,"what does mercury retrograde mean for leo",astrology,wh,34.8,1,3,1,1,0,0,""
924,discovered,"what does it mean when you dream about your teeth falling out",dreams,wh,34.8,1,3,1,1,0,0,""
925,discovered,"how to manifest money and wealth",manifestation,how,34.8,1,3,1,1,0,0,""
926,discovered,"does manifestation work during periods",manifestation,yes_no,34.8,1,3,1,1,0,0,""
927,discovered,"am i spiritually awakened",spiritual_awakening,yes_no,34.8,1,3,1,1,0,0,""
928,discovered,"what does it mean when you see a blue jay",signs_synchronicity,wh,34.8,1,3,1,1,0,0,""
929,discovered,"how to cleanse negative energy from home",protection_energy,how,34.8,1,3,1,1,0,0,""
930,discovered,"how to cleanse negative energy from yourself",protection_energy,how,34.8,1,3,1,1,0,0,""
931,discovered,"how to cleanse negative energy from jewelry",protection_energy,how,34.8,1,3,1,1,0,0,""
932,discovered,"what is the evil eye used",protection_energy,wh,34.8,1,3,1,1,0,0,""
933,discovered,"what is the evil eye in the bible",protection_energy,wh,34.8,1,3,1,1,0,0,""
934,discovered,"how to use a pendulum to ask questions",crystals_rituals,how,34.8,1,3,1,1,0,0,""
935,discovered,"how to unblock chakras with reiki",chakras_energy,how,34.8,1,3,1,1,0,0,""
936,discovered,"how to know my past life partner astrology",astrology,how,34.8,1,3,1,1,0,0,""
937,discovered,"how to know my past life by date of birth",past_lives_karma,how,34.8,1,3,1,1,0,0,""
938,discovered,"what is your career path sample answer",money_career,wh,34.8,1,3,1,1,0,0,""
939,discovered,"what does the future hold for xrp",money_career,wh,34.8,1,3,1,1,0,0,""
940,discovered,"will he miss me after going back to his ex",love_relationships,yes_no,34.8,1,3,1,1,0,0,""
941,discovered,"is it cheating if",love_relationships,yes_no,34.8,3,3,1,1,0,6,""
942,discovered,"how to open third eye in one day",psychic_abilities,how,34.8,1,3,1,1,0,0,""
943,discovered,"what does the tarot card death mean when you ask about your ex relationship",tarot,wh,34.8,1,3,1,1,0,0,""
944,discovered,"is tarot reading accurate for love",tarot,yes_no,34.8,1,3,1,1,0,0,""
945,discovered,"what is my rising sign no birth time",astrology,wh,34.8,1,3,1,1,0,0,""
946,discovered,"what is my life path number and what does",angel_numbers,wh,34.8,1,3,1,1,0,0,""
947,discovered,"what is life path number how to calculate",angel_numbers,wh,34.8,1,3,1,1,0,0,""
948,discovered,"does manifestation work and how",manifestation,yes_no,34.8,1,3,1,1,0,0,""
949,discovered,"what is shadow work and how to do",manifestation,wh,34.8,1,3,1,1,0,0,""
950,discovered,"what is shadow work how to do",manifestation,wh,34.8,1,3,1,1,0,0,""
951,discovered,"signs of high vibration person spiritual awakening",manifestation,signs,34.8,1,3,1,1,0,0,""
952,discovered,"signs spiritual awakening is over",spiritual_awakening,signs,34.8,1,3,1,1,0,0,""
953,discovered,"what is my spirit animal and why",spiritual_awakening,wh,34.8,1,3,1,1,0,0,""
954,discovered,"how to get your spirit guides to talk to you",psychic_abilities,how,34.8,1,3,1,1,0,0,""
955,discovered,"how to know your spirit guide is with you",psychic_abilities,how,34.8,1,3,1,1,0,0,""
956,discovered,"how to cleanse negative energy off you",protection_energy,how,34.8,1,3,1,1,0,0,""
957,discovered,"what crystal is for the heart",crystals_rituals,wh,34.8,1,3,1,1,0,0,""
958,discovered,"what are the chakras of the world",chakras_energy,wh,34.8,1,3,1,1,0,0,""
959,discovered,"how to get signs from deceased loved ones",grief_afterlife,how,34.8,1,3,1,1,0,0,""
960,discovered,"signs deceased loved one is nearby",grief_afterlife,signs,34.8,1,3,1,1,0,0,""
961,discovered,"when will i get the job free astrology",astrology,wh,34.8,1,3,1,1,0,0,""
962,discovered,"does my gym crush like",love_relationships,yes_no,34.7,2,3,1,1,0,3,""
963,discovered,"is ai tarot",tarot,yes_no,34.7,2,3,1,1,0,3,""
964,discovered,"how to remember your past life",past_lives_karma,how,34.7,2,3,1,1,0,3,""
965,discovered,"full moon ritual july",crystals_rituals,noun,34.6,3,1,1,1,0,2,""
966,discovered,"full moon rituals",crystals_rituals,noun,34.5,2,1,1,1,0,0,""
967,discovered,"new moon rituals",crystals_rituals,noun,34.5,2,1,1,1,0,0,""
968,discovered,"what is my past life",past_lives_karma,wh,34.5,2,1,1,1,0,0,""
969,discovered,"does he love me back",love_relationships,yes_no,34.5,2,1,1,1,0,0,""
970,discovered,"does my crush like me lesbian",love_relationships,yes_no,34.5,2,1,1,1,0,0,""
971,discovered,"does my crush like me school",love_relationships,yes_no,34.5,2,1,1,1,0,0,""
972,discovered,"i am medium height",grief_afterlife,noun,34.5,2,1,1,1,0,0,""
973,discovered,"zodiac compatibility percentage",astrology,noun,34.5,2,1,1,1,0,0,""
974,discovered,"why do i keep dreaming about zombies",dreams,wh,34.5,2,1,1,1,0,0,""
975,discovered,"how to manifest quickly",manifestation,how,34.5,2,1,1,1,0,0,""
976,discovered,"do manifestation candles work",manifestation,yes_no,34.5,2,1,1,1,0,0,""
977,discovered,"does manifesting love work",manifestation,yes_no,34.5,2,1,1,1,0,0,""
978,discovered,"do manifestation videos work",manifestation,yes_no,34.5,2,1,1,1,0,0,""
979,discovered,"what is my spirit animal com",spiritual_awakening,wh,34.5,2,1,1,1,0,0,""
980,discovered,"what is my spirit animal kids",spiritual_awakening,wh,34.5,2,1,1,1,0,0,""
981,discovered,"what is the evil eye emoji",protection_energy,wh,34.5,2,1,1,1,0,0,""
982,discovered,"what is the evil eye necklace",protection_energy,wh,34.5,2,1,1,1,0,0,""
983,discovered,"full moon ritual august",crystals_rituals,noun,34.5,2,1,1,1,0,0,""
984,discovered,"signs she will come back after pulling away",love_relationships,signs,34.5,2,1,1,1,0,0,""
985,discovered,"does he want to be in a relationship with",love_relationships,yes_no,34.5,2,1,1,1,0,0,""
986,discovered,"tarot yes or no questions",tarot,noun,34.5,2,1,1,1,0,0,""
987,discovered,"law of attraction signs love is coming",manifestation,signs,34.5,2,1,1,1,0,0,""
988,discovered,"is he the one quiz crush",love_relationships,yes_no,34.4,1,4,1,1,0,2,""
989,discovered,"why is he distant after being close",love_relationships,wh,34.4,1,4,1,1,0,2,""
990,discovered,"what is my spirit animal by birthday september",spiritual_awakening,wh,34.4,1,4,1,1,0,2,""
991,discovered,"how to cleanse negative energy from a person",protection_energy,how,34.4,1,4,1,1,0,2,""
992,discovered,"why does 222",angel_numbers,wh,34.4,1,4,1,1,0,2,""
993,discovered,"angel numbers meaning of 333",angel_numbers,meaning,34.4,1,4,1,1,0,2,""
994,discovered,"what is shadow work and inner child healing",manifestation,wh,34.4,1,4,1,1,0,2,""
995,discovered,"what is the spiritual awakening process",spiritual_awakening,wh,34.4,1,4,1,1,0,2,""
996,discovered,"what is the evil eye stand",protection_energy,wh,34.4,1,4,1,1,0,2,""
997,discovered,"signs your deceased loved one is with you",grief_afterlife,signs,34.4,1,4,1,1,0,2,""
998,discovered,"what.does 777",angel_numbers,wh,34.4,1,4,1,1,0,2,""
999,discovered,"what is a karmic relation",past_lives_karma,wh,34.4,1,4,1,1,0,2,""
1000,discovered,"am i in love with him",love_relationships,yes_no,34.2,3,2,1,1,0,4,""
1001,discovered,"is my ex gonna come back",love_relationships,yes_no,34.1,2,2,1,1,0,2,""
1002,discovered,"when will i meet my soulmate by date of birth",twin_flame_soulmate,wh,34.1,2,2,1,1,0,2,""
1003,discovered,"how to improve psychic abilities",psychic_abilities,how,34.1,2,2,1,1,0,2,""
1004,discovered,"how to know if you re an empath spiritual",psychic_abilities,how,34.1,2,2,1,1,0,2,""
1005,discovered,"how to trust your intuition when you have anxiety",psychic_abilities,how,34.1,2,2,1,1,0,2,""
1006,discovered,"how to follow your intuition",psychic_abilities,how,34.1,2,2,1,1,0,2,""
1007,discovered,"what is the big three anime",astrology,wh,34.1,2,2,1,1,0,2,""
1008,discovered,"signs manifestation is close",manifestation,signs,34.1,2,2,1,1,0,2,""
1009,discovered,"dark night of the soul stages",spiritual_awakening,noun,34.1,2,2,1,1,0,2,""
1010,discovered,"what is my spiritual gift from god",psychic_abilities,wh,34.1,2,2,1,1,0,2,""
1011,discovered,"why do i keep seeing 444",angel_numbers,wh,34.1,2,2,1,1,0,2,""
1012,discovered,"what is reiki massage",chakras_energy,wh,34.1,2,2,1,1,0,2,""
1013,discovered,"what is my destiny matrix chart",money_career,wh,34.1,2,2,1,1,0,2,""
1014,discovered,"who will i marry ai",love_relationships,wh,34.1,2,2,1,1,0,2,""
1015,discovered,"will he miss",love_relationships,yes_no,34.1,2,2,1,1,0,2,""
1016,discovered,"am ia psychic empath",psychic_abilities,noun,34.1,2,2,1,1,0,2,""
1017,discovered,"chinese zodiac compatibility",astrology,noun,34.1,2,2,1,1,0,2,""
1018,discovered,"why do i keep dreaming about ex",dreams,wh,34.1,2,2,1,1,0,2,""
1019,discovered,"how to manifest friends",manifestation,how,34.1,2,2,1,1,0,2,""
1020,discovered,"how to manifest financial freedom",manifestation,how,34.1,2,2,1,1,0,2,""
1021,discovered,"i am cursed in hindi",protection_energy,noun,34.1,2,2,1,1,0,2,""
1022,discovered,"what are chakra bracelets",chakras_energy,wh,34.1,2,2,1,1,0,2,""
1023,discovered,"will i get the job i interviewed",money_career,yes_no,34.1,2,2,1,1,0,2,""
1024,discovered,"astrological compatibility",astrology,noun,34.1,2,2,1,1,0,2,""
1025,discovered,"how to do scripting manifestation",manifestation,how,34.1,2,2,1,1,0,2,""
1026,discovered,"how to talk to spirit guides",psychic_abilities,how,34.1,2,2,1,1,0,2,""
1027,discovered,"how to read tarot for someone",tarot,how,34,1,5,1,1,0,4,""
1028,discovered,"what does dreaming about snakes.mean",dreams,wh,34,1,5,1,1,0,4,""
1029,discovered,"why is he distant after cuddling",love_relationships,wh,33.8,1,3,1,1,0,1,""
1030,discovered,"why did he ghost me for no reason",grief_afterlife,wh,33.8,1,3,1,1,0,1,""
1031,discovered,"am i psychic or intuitive",psychic_abilities,yes_no,33.8,1,3,1,1,0,1,""
1032,discovered,"how to trust your intuition more",psychic_abilities,how,33.8,1,3,1,1,0,1,""
1033,discovered,"what does the death card mean in reverse",tarot,wh,33.8,1,3,1,1,0,1,""
1034,discovered,"what does mercury retrograde mean for capricorn",astrology,wh,33.8,1,3,1,1,0,1,""
1035,discovered,"what does 222 mean in the bible",angel_numbers,wh,33.8,1,3,1,1,0,1,""
1036,discovered,"how to manifest money into your life",manifestation,how,33.8,1,3,1,1,0,1,""
1037,discovered,"how to manifest money and success",manifestation,how,33.8,1,3,1,1,0,1,""
1038,discovered,"what is my spirit animal buzzfeed",spiritual_awakening,wh,33.8,1,3,1,1,0,1,""
1039,discovered,"how to cleanse negative energy from your body",protection_energy,how,33.8,1,3,1,1,0,1,""
1040,discovered,"how to unblock chakras with crystals",crystals_rituals,how,33.8,1,3,1,1,0,1,""
1041,discovered,"how to unblock chakras in body",chakras_energy,how,33.8,1,3,1,1,0,1,""
1042,discovered,"how to know my past life karma astrology",astrology,how,33.8,1,3,1,1,0,1,""
1043,discovered,"what is a soul contract with someone",past_lives_karma,wh,33.8,1,3,1,1,0,1,""
1044,discovered,"does she miss me during no contact",love_relationships,yes_no,33.8,1,3,1,1,0,1,""
1045,discovered,"does my crush like me tarot",tarot,yes_no,33.8,1,3,1,1,0,1,""
1046,discovered,"is he cheating i don't know",love_relationships,yes_no,33.8,1,3,1,1,0,1,""
1047,discovered,"what does the death tarot card mean upside down",tarot,wh,33.8,1,3,1,1,0,1,""
1048,discovered,"what does it mean when you get the death card",tarot,wh,33.8,1,3,1,1,0,1,""
1049,discovered,"how to read your birth chart about relationships",astrology,how,33.8,1,3,1,1,0,1,""
1050,discovered,"how to read your astrological chart aspects of the cosmic puzzle",astrology,how,33.8,1,3,1,1,0,1,""
1051,discovered,"what does mercury retrograde mean in love",astrology,wh,33.8,1,3,1,1,0,1,""
1052,discovered,"what does 11 11 mean in love hindi",love_relationships,wh,33.8,1,3,1,1,0,1,""
1053,discovered,"what does angel number 1111",angel_numbers,wh,33.8,1,3,1,1,0,1,""
1054,discovered,"does manifestation work if you type.it",manifestation,yes_no,33.8,1,3,1,1,0,1,""
1055,discovered,"what is shadow work spiritual",manifestation,wh,33.8,1,3,1,1,0,1,""
1056,discovered,"how to find your mayan spirit animal by date of birth",spiritual_awakening,how,33.8,1,3,1,1,0,1,""
1057,discovered,"how to find out how many spirit guides you have",psychic_abilities,how,33.8,1,3,1,1,0,1,""
1058,discovered,"how to find out who your spirit guide",psychic_abilities,how,33.8,1,3,1,1,0,1,""
1059,discovered,"how to find out what spirit animal you are",spiritual_awakening,how,33.8,1,3,1,1,0,1,""
1060,discovered,"how to cleanse negative energy without sage",protection_energy,how,33.8,1,3,1,1,0,1,""
1061,discovered,"am i cursed in relationships",protection_energy,yes_no,33.8,1,3,1,1,0,1,""
1062,discovered,"what is the evil eye for good luck",protection_energy,wh,33.8,1,3,1,1,0,1,""
1063,discovered,"what is the evil eye protect you from",protection_energy,wh,33.8,1,3,1,1,0,1,""
1064,discovered,"signs for deceased loved ones at wedding",grief_afterlife,signs,33.8,1,3,1,1,0,1,""
1065,discovered,"do catholics believe in signs from deceased loved ones",grief_afterlife,yes_no,33.8,1,3,1,1,0,1,""
1066,discovered,"why am i not getting signs from deceased loved ones",grief_afterlife,wh,33.8,1,3,1,1,0,1,""
1067,discovered,"how to see signs from deceased loved ones",grief_afterlife,how,33.8,1,3,1,1,0,1,""
1068,discovered,"signs deceased loved one is near",grief_afterlife,signs,33.8,1,3,1,1,0,1,""
1069,discovered,"will i get the job yes or no tarot",tarot,yes_no,33.8,1,3,1,1,0,1,""
1070,discovered,"what is the career path to become a detective",money_career,wh,33.8,1,3,1,1,0,1,""
1071,discovered,"what is the career path for cyber security",money_career,wh,33.8,1,3,1,1,0,1,""
1072,discovered,"how to find your career path in life",money_career,how,33.8,1,3,1,1,0,1,""
1073,discovered,"my career path quiz.free",money_career,noun,33.8,1,3,1,1,0,1,""
1074,discovered,"does 999 mean anything",angel_numbers,yes_no,33.8,1,3,1,1,0,1,""
1075,discovered,"how do i find out who is my spirit guide",psychic_abilities,how,33.8,1,3,1,1,0,1,""
1076,discovered,"what are good crystals for protection",protection_energy,wh,33.8,1,3,1,1,0,1,""
1077,discovered,"what is a new moon ritual",crystals_rituals,wh,33.8,1,3,1,1,0,1,""
1078,discovered,"how does energy healing work",chakras_energy,how,33.8,1,3,1,1,0,1,""
1079,discovered,"how to know your purpose",money_career,how,33.8,1,3,1,1,0,1,""
1080,discovered,"does he regret losing me tarot",tarot,yes_no,33.5,2,1,1,1,0,1,""
1081,discovered,"369 method manifestation",manifestation,noun,33.5,2,1,1,1,0,1,""
1082,discovered,"does my hallway crush like",love_relationships,yes_no,33.5,2,1,1,1,0,1,""
1083,discovered,"how accurate is tarot reading",tarot,how,33.5,2,1,1,1,0,1,""
1084,discovered,"why is tarot",tarot,wh,33.5,2,1,1,1,0,1,""
1085,discovered,"what is the life path number six",angel_numbers,wh,33.5,2,1,1,1,0,1,""
1086,discovered,"how to manifest ex back",manifestation,how,33.5,2,1,1,1,0,1,""
1087,discovered,"how to manifest job",manifestation,how,33.5,2,1,1,1,0,1,""
1088,discovered,"how to manifest overnight",manifestation,how,33.5,2,1,1,1,0,1,""
1089,discovered,"does manifestation actually work",manifestation,yes_no,33.5,2,1,1,1,0,1,""
1090,discovered,"does manifesting ex work",manifestation,yes_no,33.5,2,1,1,1,0,1,""
1091,discovered,"full moon ritual december",crystals_rituals,noun,33.5,2,1,1,1,0,1,""
1092,discovered,"full moon ritual november",crystals_rituals,noun,33.5,2,1,1,1,0,1,""
1093,discovered,"signs i should break up with him",love_relationships,signs,33.5,2,1,1,1,0,1,""
1094,discovered,"who is my soulmate zodiac",twin_flame_soulmate,wh,33.5,2,1,1,1,0,1,""
1095,discovered,"how to read tarot cards for someone else",tarot,how,33.4,1,4,1,1,0,3,""
1096,discovered,"what does the death card mean in a relationship",tarot,wh,33.4,1,4,1,1,0,3,""
1097,discovered,"how to read birth chart for beginners",astrology,how,33.4,1,4,1,1,0,3,""
1098,discovered,"what does 222 mean when you keep seeing",angel_numbers,wh,33.4,1,4,1,1,0,3,""
1099,discovered,"angel numbers meaning of 1111",angel_numbers,meaning,33.4,1,4,1,1,0,3,""
1100,discovered,"what is shadow work and how does it help",manifestation,wh,33.4,1,4,1,1,0,3,""
1101,discovered,"what does it mean to be spiritually awakened",spiritual_awakening,wh,33.4,1,4,1,1,0,3,""
1102,discovered,"what is the evil eye symbol called",protection_energy,wh,33.4,1,4,1,1,0,3,""
1103,discovered,"are twin flames karmic",twin_flame_soulmate,yes_no,33.4,1,4,1,1,0,3,""
1104,discovered,"does he love me i wanna know",love_relationships,yes_no,33.2,1,2,1,1,0,0,""
1105,discovered,"does he miss me tarot",tarot,yes_no,33.2,1,2,1,1,0,0,""
1106,discovered,"does he miss me as much as i miss him",love_relationships,yes_no,33.2,1,2,1,1,0,0,""
1107,discovered,"will he come back if i leave him alone",love_relationships,yes_no,33.2,1,2,1,1,0,0,""
1108,discovered,"is he cheating man i don't know",love_relationships,yes_no,33.2,1,2,1,1,0,0,""
1109,discovered,"is he the one show",love_relationships,yes_no,33.2,1,2,1,1,0,0,""
1110,discovered,"why is he distant sometimes",love_relationships,wh,33.2,1,2,1,1,0,0,""
1111,discovered,"who is my soulmate astrology",twin_flame_soulmate,wh,33.2,3,2,1,1,0,6,""
1112,discovered,"signs i am clairvoyant",psychic_abilities,signs,33.2,1,2,1,1,0,0,""
1113,discovered,"how to open third eye naturally",psychic_abilities,how,33.2,1,2,1,1,0,0,""
1114,discovered,"how to open third eye spiritually",psychic_abilities,how,33.2,1,2,1,1,0,0,""
1115,discovered,"what is the psychic ability to read minds",psychic_abilities,wh,33.2,1,2,1,1,0,0,""
1116,discovered,"how to read tarot with playing cards",tarot,how,33.2,1,2,1,1,0,0,""
1117,discovered,"how to read tarot book",tarot,how,33.2,1,2,1,1,0,0,""
1118,discovered,"how to read tarot neopets",tarot,how,33.2,1,2,1,1,0,0,""
1119,discovered,"is tarot accurate or astrology",tarot,yes_no,33.2,1,2,1,1,0,0,""
1120,discovered,"how to cleanse tarot cards without tools",tarot,how,33.2,1,2,1,1,0,0,""
1121,discovered,"how to shuffle tarot cards to get reversed",tarot,how,33.2,1,2,1,1,0,0,""
1122,discovered,"what does my tarot birth card",tarot,wh,33.2,1,2,1,1,0,0,""
1123,discovered,"what is my rising sign ruling chakra",astrology,wh,33.2,1,2,1,1,0,0,""
1124,discovered,"how to read my birth chart astrology",astrology,how,33.2,1,2,1,1,0,0,""
1125,discovered,"how to read my birth chart houses",astrology,how,33.2,1,2,1,1,0,0,""
1126,discovered,"how to read your birth chart wheel",astrology,how,33.2,1,2,1,1,0,0,""
1127,discovered,"what does mercury retrograde mean for cancer",astrology,wh,33.2,1,2,1,1,0,0,""
1128,discovered,"what does mercury retrograde mean spiritually",astrology,wh,33.2,1,2,1,1,0,0,""
1129,discovered,"zodiac compatibility by birthday",astrology,noun,33.2,1,2,1,1,0,0,""
1130,discovered,"zodiac compatibility friendship",astrology,noun,33.2,1,2,1,1,0,0,""
1131,discovered,"what is my saturn return going to be like",astrology,wh,33.2,1,2,1,1,0,0,""
1132,discovered,"what does a cusp",astrology,wh,33.2,1,2,1,1,0,0,""
1133,discovered,"what does 1111 mean in angel numbers",angel_numbers,wh,33.2,1,2,1,1,0,0,""
1134,discovered,"what does 1111 mean spiritually",angel_numbers,wh,33.2,1,2,1,1,0,0,""
1135,discovered,"what does 1111 mean twin flame",twin_flame_soulmate,wh,33.2,1,2,1,1,0,0,""
1136,discovered,"what does 222 mean in angel numbers",angel_numbers,wh,33.2,1,2,1,1,0,0,""
1137,discovered,"what is my life path number in numerology",angel_numbers,wh,33.2,1,2,1,1,0,0,""
1138,discovered,"what does it mean when you dream about dead people",dreams,wh,33.2,1,2,1,1,0,0,""
1139,discovered,"why do i keep dreaming about snakes",dreams,wh,33.2,1,2,1,1,0,0,""
1140,discovered,"why do i keep dreaming about my teeth falling out",dreams,wh,33.2,1,2,1,1,0,0,""
1141,discovered,"why do i keep dreaming about death",dreams,wh,33.2,1,2,1,1,0,0,""
1142,discovered,"what does it mean to dream about someone trying to kill you",dreams,wh,33.2,1,2,1,1,0,0,""
1143,discovered,"dreams are messages from the deep",dreams,noun,33.2,1,2,1,1,0,0,""
1144,discovered,"how to manifest aura in vv ultimatum",manifestation,how,33.2,1,2,1,1,0,0,""
1145,discovered,"how to manifest winning the lottery",manifestation,how,33.2,1,2,1,1,0,0,""
1146,discovered,"how to manifest money with bay leaves",manifestation,how,33.2,1,2,1,1,0,0,""
1147,discovered,"does manifestation work without action",manifestation,yes_no,33.2,1,2,1,1,0,0,""
1148,discovered,"does manifestation work for love",manifestation,yes_no,33.2,1,2,1,1,0,0,""
1149,discovered,"does manifestation work in islam",manifestation,yes_no,33.2,1,2,1,1,0,0,""
1150,discovered,"what is the meaning of law of assumption",manifestation,wh,33.2,1,2,1,1,0,0,""
1151,discovered,"what is shadow work in witchcraft",manifestation,wh,33.2,1,2,1,1,0,0,""
1152,discovered,"what is shadow work spirituality",manifestation,wh,33.2,1,2,1,1,0,0,""
1153,discovered,"what is shadow work journaling",manifestation,wh,33.2,1,2,1,1,0,0,""
1154,discovered,"what is shadow work carl jung",manifestation,wh,33.2,1,2,1,1,0,0,""
1155,discovered,"what is shadow work and how does it work",manifestation,wh,33.2,1,2,1,1,0,0,""
1156,discovered,"how to raise your vibration to attract money",manifestation,how,33.2,1,2,1,1,0,0,""
1157,discovered,"how to manifest a specific person to text you",manifestation,how,33.2,1,2,1,1,0,0,""
1158,discovered,"signs of spiritual awakening islam",spiritual_awakening,signs,33.2,1,2,1,1,0,0,""
1159,discovered,"what is a spiritual awakening journey",spiritual_awakening,wh,33.2,1,2,1,1,0,0,""
1160,discovered,"how to find your spirit guides name",psychic_abilities,how,33.2,1,2,1,1,0,0,""
1161,discovered,"what does it mean when you see a red cardinal",signs_synchronicity,wh,33.2,1,2,1,1,0,0,""
1162,discovered,"what does it mean when you see a hummingbird",signs_synchronicity,wh,33.2,1,2,1,1,0,0,""
1163,discovered,"what does it mean when you see a dragonfly",signs_synchronicity,wh,33.2,1,2,1,1,0,0,""
1164,discovered,"what does it mean when you see a fox",signs_synchronicity,wh,33.2,1,2,1,1,0,0,""
1165,discovered,"synchronicities reddit",signs_synchronicity,noun,33.2,1,2,1,1,0,0,""
1166,discovered,"hummingbird spiritual",signs_synchronicity,noun,33.2,1,2,1,1,0,0,""
1167,discovered,"how to cleanse negative energy at work",protection_energy,how,33.2,1,2,1,1,0,0,""
1168,discovered,"am i cursed like the lead in the opera",protection_energy,yes_no,33.2,1,2,1,1,0,0,""
1169,discovered,"what is the evil eye called",protection_energy,wh,33.2,1,2,1,1,0,0,""
1170,discovered,"what crystal is for good luck",crystals_rituals,wh,33.2,1,2,1,1,0,0,""
1171,discovered,"what crystal is for love",crystals_rituals,wh,33.2,1,2,1,1,0,0,""
1172,discovered,"what crystal is for healing",crystals_rituals,wh,33.2,1,2,1,1,0,0,""
1173,discovered,"what crystal is for money",crystals_rituals,wh,33.2,1,2,1,1,0,0,""
1174,discovered,"what crystal is for anxiety",crystals_rituals,wh,33.2,1,2,1,1,0,0,""
1175,discovered,"what crystal is for fertility",crystals_rituals,wh,33.2,1,2,1,1,0,0,""
1176,discovered,"full moon ritual ideas",crystals_rituals,noun,33.2,1,2,1,1,0,0,""
1177,discovered,"what are chakras in yoga",chakras_energy,wh,33.2,1,2,1,1,0,0,""
1178,discovered,"what are chakras stones",chakras_energy,wh,33.2,1,2,1,1,0,0,""
1179,discovered,"what are chakras used",chakras_energy,wh,33.2,1,2,1,1,0,0,""
1180,discovered,"how to unblock chakras yourself",chakras_energy,how,33.2,1,2,1,1,0,0,""
1181,discovered,"how to know my past life karma",past_lives_karma,how,33.2,1,2,1,1,0,0,""
1182,discovered,"how to know my past life astrology",astrology,how,33.2,1,2,1,1,0,0,""
1183,discovered,"twin flame vs karmic",twin_flame_soulmate,noun,33.2,1,2,1,1,0,0,""
1184,discovered,"can mediums talk to dead pets",grief_afterlife,yes_no,33.2,1,2,1,1,0,0,""
1185,discovered,"can mediums talk to dead animals",grief_afterlife,yes_no,33.2,1,2,1,1,0,0,""
1186,discovered,"if mediums can talk to the dead",grief_afterlife,noun,33.2,1,2,1,1,0,0,""
1187,discovered,"signs from deceased loved ones quotes",grief_afterlife,signs,33.2,1,2,1,1,0,0,""
1188,discovered,"signs from deceased loved ones book",grief_afterlife,signs,33.2,1,2,1,1,0,0,""
1189,discovered,"common signs from deceased loved ones",grief_afterlife,signs,33.2,1,2,1,1,0,0,""
1190,discovered,"i am being haunted",grief_afterlife,noun,33.2,1,2,1,1,0,0,""
1191,discovered,"how to know if a medium is real or fake",grief_afterlife,how,33.2,1,2,1,1,0,0,""
1192,discovered,"what is my life purpose astrology",astrology,wh,33.2,1,2,1,1,0,0,""
1193,discovered,"what is my life purpose number",money_career,wh,33.2,1,2,1,1,0,0,""
1194,discovered,"what is my career path astrology",astrology,wh,33.2,1,2,1,1,0,0,""
1195,discovered,"what does my future hold astrology",astrology,wh,33.2,1,2,1,1,0,0,""
1196,discovered,"what does the future hold reading",money_career,wh,33.2,1,2,1,1,0,0,""
1197,discovered,"does he miss me or my body",love_relationships,yes_no,33.2,1,2,1,1,0,0,""
1198,discovered,"does he miss me free tarot",tarot,yes_no,33.2,1,2,1,1,0,0,""
1199,discovered,"does he miss me when i miss him",love_relationships,yes_no,33.2,1,2,1,1,0,0,""
1200,discovered,"how much does he miss",love_relationships,how,33.2,1,2,1,1,0,0,""
1201,discovered,"does my crush like me back quiz high school",love_relationships,yes_no,33.2,1,2,1,1,0,0,""
1202,discovered,"does my long distance crush like",love_relationships,yes_no,33.2,1,2,1,1,0,0,""
1203,discovered,"does my crush like me name generator",love_relationships,yes_no,33.2,1,2,1,1,0,0,""
1204,discovered,"subtle signs he will come back after pulling away",love_relationships,signs,33.2,1,2,1,1,0,0,""
1205,discovered,"is it cheating to look up words in connections",love_relationships,yes_no,33.2,1,2,1,1,0,0,""
1206,discovered,"why is he distant after hooking up",love_relationships,wh,33.2,1,2,1,1,0,0,""
1207,discovered,"why is he so distant lately",love_relationships,wh,33.2,1,2,1,1,0,0,""
1208,discovered,"why is he so distant all the sudden",love_relationships,wh,33.2,1,2,1,1,0,0,""
1209,discovered,"am i under psychic attack",psychic_abilities,yes_no,33.2,1,2,1,1,0,0,""
1210,discovered,"am i psychic birth chart",astrology,yes_no,33.2,1,2,1,1,0,0,""
1211,discovered,"am i psychic or delusional",psychic_abilities,yes_no,33.2,1,2,1,1,0,0,""
1212,discovered,"i am psychic in spanish",psychic_abilities,noun,33.2,1,2,1,1,0,0,""
1213,discovered,"i am an empath",psychic_abilities,noun,33.2,1,2,1,1,0,0,""
1214,discovered,"how to open third eye at home",psychic_abilities,how,33.2,1,2,1,1,0,0,""
1215,discovered,"how to open third eye for beginners",psychic_abilities,how,33.2,1,2,1,1,0,0,""
1216,discovered,"how to unlock third eye gomah sparking zero",psychic_abilities,how,33.2,1,2,1,1,0,0,""
1217,discovered,"how to open third eye in kannada",psychic_abilities,how,33.2,1,2,1,1,0,0,""
1218,discovered,"how to read tarot using playing cards",tarot,how,33.2,1,2,1,1,0,0,""
1219,discovered,"what does the tower and death card",tarot,wh,33.2,1,2,1,1,0,0,""
1220,discovered,"what does the death card mean in blair",tarot,wh,33.2,1,2,1,1,0,0,""
1221,discovered,"what does the death tarot card mean in career",tarot,wh,33.2,1,2,1,1,0,0,""
1222,discovered,"what does the death card mean in love",tarot,wh,33.2,1,2,1,1,0,0,""
1223,discovered,"what does the death tarot card mean phasmophobia",tarot,wh,33.2,1,2,1,1,0,0,""
1224,discovered,"what sign does the death card represent",tarot,wh,33.2,1,2,1,1,0,0,""
1225,discovered,"what zodiac sign does the death card represent",tarot,wh,33.2,1,2,1,1,0,0,""
1226,discovered,"is tarot more accurate than astrology",tarot,yes_no,33.2,1,2,1,1,0,0,""
1227,discovered,"what is my rising sign without birth time",astrology,wh,33.2,1,2,1,1,0,0,""
1228,discovered,"how to read and understand my birth chart",astrology,how,33.2,1,2,1,1,0,0,""
1229,discovered,"how to read your birth chart vedic astrology",astrology,how,33.2,1,2,1,1,0,0,""
1230,discovered,"how to read your astrological chart donna cunningham",astrology,how,33.2,1,2,1,1,0,0,""
1231,discovered,"how to read your birth chart for marriage",astrology,how,33.2,1,2,1,1,0,0,""
1232,discovered,"how to read your birth chart in numerology",angel_numbers,how,33.2,1,2,1,1,0,0,""
1233,discovered,"what does mercury retrograde being over",astrology,wh,33.2,1,2,1,1,0,0,""
1234,discovered,"what does mercury in retrograde mean urban dictionary",astrology,wh,33.2,1,2,1,1,0,0,""
1235,discovered,"what does mercury retrograde mean for each",astrology,wh,33.2,1,2,1,1,0,0,""
1236,discovered,"what does mercury retrograde mean for taurus",astrology,wh,33.2,1,2,1,1,0,0,""
1237,discovered,"what does mercury retrograde mean right",astrology,wh,33.2,1,2,1,1,0,0,""
1238,discovered,"what does mercury retrograde mean for sagittarius woman",astrology,wh,33.2,1,2,1,1,0,0,""
1239,discovered,"what does mercury in retrograde mean to us",astrology,wh,33.2,1,2,1,1,0,0,""
1240,discovered,"what does 222 mean when you see",angel_numbers,wh,33.2,1,2,1,1,0,0,""
1241,discovered,"angel numbers meaning doreen virtue",angel_numbers,meaning,33.2,1,2,1,1,0,0,""
1242,discovered,"angel numbers meaning in spanish",angel_numbers,meaning,33.2,1,2,1,1,0,0,""
1243,discovered,"angel numbers meaning joanne sacred scribes",angel_numbers,meaning,33.2,1,2,1,1,0,0,""
1244,discovered,"what is my life path number by date of birth",angel_numbers,wh,33.2,1,2,1,1,0,0,""
1245,discovered,"what is my life path number if i was born",angel_numbers,wh,33.2,1,2,1,1,0,0,""
1246,discovered,"what is the life path number of jesus christ",angel_numbers,wh,33.2,1,2,1,1,0,0,""
1247,discovered,"what is the life path number for virgo",angel_numbers,wh,33.2,1,2,1,1,0,0,""
1248,discovered,"what does it mean when you dream about losing your teeth",dreams,wh,33.2,1,2,1,1,0,0,""
1249,discovered,"what does it mean when you dream about tornadoes",dreams,wh,33.2,1,2,1,1,0,0,""
1250,discovered,"what does it mean when you dream about zodiac",dreams,wh,33.2,1,2,1,1,0,0,""
1251,discovered,"why do i keep dreaming about him spiritual",dreams,wh,33.2,1,2,1,1,0,0,""
1252,discovered,"why do i keep dreaming about tornadoes",dreams,wh,33.2,1,2,1,1,0,0,""
1253,discovered,"dream about snakes meaning in the house",dreams,meaning,33.2,1,2,1,1,0,0,""
1254,discovered,"to dream about snakes",dreams,noun,33.2,1,2,1,1,0,0,""
1255,discovered,"how to manifest your aura in vv ultimatum",manifestation,how,33.2,1,2,1,1,0,0,""
1256,discovered,"how to manifest money joe dispenza",manifestation,how,33.2,1,2,1,1,0,0,""
1257,discovered,"how to manifest money neville goddard",manifestation,how,33.2,1,2,1,1,0,0,""
1258,discovered,"does manifesting work better on a full moon",manifestation,yes_no,33.2,1,2,1,1,0,0,""
1259,discovered,"what is shadow work on yourself",manifestation,wh,33.2,1,2,1,1,0,0,""
1260,discovered,"what is shadow work questions",manifestation,wh,33.2,1,2,1,1,0,0,""
1261,discovered,"signs of spiritual growth and maturity",spiritual_awakening,signs,33.2,1,2,1,1,0,0,""
1262,discovered,"signs of going through spiritual awakening",spiritual_awakening,signs,33.2,1,2,1,1,0,0,""
1263,discovered,"what is a spiritual awakening feel like",spiritual_awakening,wh,33.2,1,2,1,1,0,0,""
1264,discovered,"what is a spiritual awakening twin flame",twin_flame_soulmate,wh,33.2,1,2,1,1,0,0,""
1265,discovered,"what is my spirit animal how do i find out",spiritual_awakening,wh,33.2,1,2,1,1,0,0,""
1266,discovered,"what is my spirit animal november",spiritual_awakening,wh,33.2,1,2,1,1,0,0,""
1267,discovered,"what is my spirit animal september",spiritual_awakening,wh,33.2,1,2,1,1,0,0,""
1268,discovered,"explain how to identify your spirit animal by interpreting its",spiritual_awakening,noun,33.2,1,2,1,1,0,0,""
1269,discovered,"explain how to find my spirit animal using birthday methods",spiritual_awakening,noun,33.2,1,2,1,1,0,0,""
1270,discovered,"how to find your spirit animal for kids",spiritual_awakening,how,33.2,1,2,1,1,0,0,""
1271,discovered,"how to cleanse negative energy with egg",protection_energy,how,33.2,1,2,1,1,0,0,""
1272,discovered,"how to remove negative energy from gold jewelry",protection_energy,how,33.2,1,2,1,1,0,0,""
1273,discovered,"how to remove negative energy using kapoor",protection_energy,how,33.2,1,2,1,1,0,0,""
1274,discovered,"how to remove negative energy from toilet",protection_energy,how,33.2,1,2,1,1,0,0,""
1275,discovered,"should i keep cursed ducks in clusterduck",protection_energy,yes_no,33.2,1,2,1,1,0,0,""
1276,discovered,"am i cursed or hexed",protection_energy,yes_no,33.2,1,2,1,1,0,0,""
1277,discovered,"am i cursed in love",protection_energy,yes_no,33.2,1,2,1,1,0,0,""
1278,discovered,"am i just cursed or gone insane",protection_energy,yes_no,33.2,1,2,1,1,0,0,""
1279,discovered,"am i cursed or something",protection_energy,yes_no,33.2,1,2,1,1,0,0,""
1280,discovered,"am i pretty cursed spirit jjk",protection_energy,yes_no,33.2,1,2,1,1,0,0,""
1281,discovered,"what crystal is for cancer zodiac",astrology,wh,33.2,1,2,1,1,0,0,""
1282,discovered,"what are chakras and how to activate them",chakras_energy,wh,33.2,1,2,1,1,0,0,""
1283,discovered,"what are chakra tuning forks",chakras_energy,wh,33.2,1,2,1,1,0,0,""
1284,discovered,"what chakras are blocked",chakras_energy,wh,33.2,1,2,1,1,0,0,""
1285,discovered,"how to know how i died in my past life",grief_afterlife,how,33.2,1,2,1,1,0,0,""
1286,discovered,"how to know what my past life",past_lives_karma,how,33.2,1,2,1,1,0,0,""
1287,discovered,"how to know your past life zodiac",astrology,how,33.2,1,2,1,1,0,0,""
1288,discovered,"asking for signs from deceased loved ones",grief_afterlife,signs,33.2,1,2,1,1,0,0,""
1289,discovered,"signs a deceased loved one is looking over you",grief_afterlife,signs,33.2,1,2,1,1,0,0,""
1290,discovered,"top 9 signs from deceased loved ones",grief_afterlife,signs,33.2,1,2,1,1,0,0,""
1291,discovered,"will i get the job king of swords",money_career,yes_no,33.2,1,2,1,1,0,0,""
1292,discovered,"signs i will get the job",money_career,signs,33.2,1,2,1,1,0,0,""
1293,discovered,"what is your career path interview answer",money_career,wh,33.2,1,2,1,1,0,0,""
1294,discovered,"what is the career path act update",money_career,wh,33.2,1,2,1,1,0,0,""
1295,discovered,"what is your career path example answer",money_career,wh,33.2,1,2,1,1,0,0,""
1296,discovered,"what is my career pathway after hotel engineer",money_career,wh,33.2,1,2,1,1,0,0,""
1297,discovered,"what is the career path if you work as a transaction analyst",money_career,wh,33.2,1,2,1,1,0,0,""
1298,discovered,"what does the future hold for cryptocurrency",money_career,wh,33.2,1,2,1,1,0,0,""
1299,discovered,"what does the future hold for donald trump",money_career,wh,33.2,1,2,1,1,0,0,""
1300,discovered,"what does the future hold for humanity",money_career,wh,33.2,1,2,1,1,0,0,""
1301,discovered,"what does the future hold for gen z",money_career,wh,33.2,1,2,1,1,0,0,""
1302,discovered,"what does the future hold jw org",money_career,wh,33.2,1,2,1,1,0,0,""
1303,discovered,"should i quit my job to be a stay at home mom",money_career,yes_no,33.2,1,2,1,1,0,0,""
1304,discovered,"how to know what is my soul purpose",money_career,how,33.2,1,2,1,1,0,0,""
1305,discovered,"how to find purpose meaning in life",money_career,how,33.2,1,2,2,0,0,0,""
1306,discovered,"is he thinking about me during no contact",love_relationships,yes_no,33.1,2,2,1,1,0,3,""
1307,discovered,"who is my soulmate name",twin_flame_soulmate,wh,33.1,2,2,1,1,0,3,""
1308,discovered,"when will i meet my soulmate tarot reading",twin_flame_soulmate,wh,33.1,2,2,1,1,0,3,""
1309,discovered,"he is dating someone else but still contacts",love_relationships,noun,33.1,2,2,1,1,0,3,""
1310,discovered,"tarot yes or no question",tarot,noun,33.1,2,2,1,1,0,3,""
1311,discovered,"scripting manifestation success stories",manifestation,noun,33.1,2,2,1,1,0,3,""
1312,discovered,"how to do shadow work on yourself",manifestation,how,33.1,2,2,1,1,0,3,""
1313,discovered,"what is your purpose in life",money_career,wh,33.1,2,2,1,1,0,3,""
1314,discovered,"who will i marry name",love_relationships,wh,33.1,2,2,1,1,0,3,""
1315,discovered,"what is my ascendant",astrology,wh,33.1,2,2,1,1,0,3,""
1316,discovered,"what is the life path number 5",angel_numbers,wh,33.1,2,2,1,1,0,3,""
1317,discovered,"why do i keep dreaming about her",dreams,wh,33.1,2,2,1,1,0,3,""
1318,discovered,"how to manifest sp",manifestation,how,33.1,2,2,1,1,0,3,""
1319,discovered,"does she still think about",love_relationships,yes_no,33.1,2,2,1,1,0,3,""
1320,discovered,"is he my soulmate or twin flame",twin_flame_soulmate,yes_no,33.1,2,2,1,1,0,3,""
1321,discovered,"what is your north node",astrology,wh,33.1,2,2,1,1,0,3,""
1322,discovered,"am i psychic or schizophrenic",psychic_abilities,yes_no,32.8,1,3,1,1,0,2,""
1323,discovered,"what is my rising sign if im a leo",astrology,wh,32.8,1,3,1,1,0,2,""
1324,discovered,"what counts as a stellium",astrology,wh,32.8,1,3,1,1,0,2,""
1325,discovered,"what is a spiritual awakening in recovery",spiritual_awakening,wh,32.8,1,3,1,1,0,2,""
1326,discovered,"what is a hex key",protection_energy,wh,32.8,1,3,1,1,0,2,""
1327,discovered,"what happens in a chakra healing session",chakras_energy,wh,32.8,1,3,1,1,0,2,""
1328,discovered,"how to unblock chakras with pendulum",crystals_rituals,how,32.8,1,3,1,1,0,2,""
1329,discovered,"does he love me does he not",love_relationships,yes_no,32.8,1,3,1,1,0,2,""
1330,discovered,"does my crush like me quiz buzzfeed",love_relationships,yes_no,32.8,1,3,1,1,0,2,""
1331,discovered,"can he come back",love_relationships,yes_no,32.8,1,3,1,1,0,2,""
1332,discovered,"is it cheating to fantasize about someone else",love_relationships,yes_no,32.8,1,3,1,1,0,2,""
1333,discovered,"is she the one you ve been waiting",love_relationships,yes_no,32.8,1,3,1,1,0,2,""
1334,discovered,"am i psychic or a witch",psychic_abilities,yes_no,32.8,1,3,1,1,0,2,""
1335,discovered,"how to open third eye chakra step by step",psychic_abilities,how,32.8,1,3,1,1,0,2,""
1336,discovered,"how to read tarot yes or no questions",tarot,how,32.8,1,3,1,1,0,2,""
1337,discovered,"what does 222 mean when you see it on the clock",angel_numbers,wh,32.8,1,3,1,1,0,2,""
1338,discovered,"what to say to manifest money",manifestation,wh,32.8,1,3,1,1,0,2,""
1339,discovered,"does manifestation work during lunar eclipse",manifestation,yes_no,32.8,1,3,1,1,0,2,""
1340,discovered,"does manifestation work for height growth",manifestation,yes_no,32.8,1,3,1,1,0,2,""
1341,discovered,"signs of spiritual growth in the bible",spiritual_awakening,signs,32.8,1,3,1,1,0,2,""
1342,discovered,"how to find what your spirit animal",spiritual_awakening,how,32.8,1,3,1,1,0,2,""
1343,discovered,"what are the 9 chakras",chakras_energy,wh,32.8,1,3,1,1,0,2,""
1344,discovered,"how to know past life",past_lives_karma,how,32.8,1,3,1,1,0,2,""
1345,discovered,"what does the bible say about signs from deceased loved ones",grief_afterlife,wh,32.8,1,3,1,1,0,2,""
1346,discovered,"signs a deceased loved one is trying to contact you",grief_afterlife,signs,32.8,1,3,1,1,0,2,""
1347,discovered,"what is the career path to become an astronaut",money_career,wh,32.8,1,3,1,1,0,2,""
1348,discovered,"what is the definition of career path",money_career,wh,32.8,1,3,1,1,0,2,""
1349,discovered,"what does does 444",angel_numbers,wh,32.8,1,3,1,1,0,2,""
1350,discovered,"what does 999.",angel_numbers,wh,32.8,1,3,1,1,0,2,""
1351,discovered,"how life path number is calculated",angel_numbers,how,32.8,1,3,1,1,0,2,""
1352,discovered,"how to do law of attraction",manifestation,how,32.8,1,3,1,1,0,2,""
1353,discovered,"get rid of negative energy at home",protection_energy,noun,32.8,1,3,1,1,0,2,""
1354,discovered,"how to make a protection spell jar",protection_energy,how,32.8,1,3,1,1,0,2,""
1355,discovered,"how to find out what your spirit animal",spiritual_awakening,how,32.7,2,3,1,1,0,5,""
1356,discovered,"full moon ritual april",crystals_rituals,noun,32.6,3,1,1,1,0,4,""
1357,discovered,"does he like me back",love_relationships,yes_no,32.5,2,1,1,1,0,2,""
1358,discovered,"who is my soulmate by birthdate",twin_flame_soulmate,wh,32.5,2,1,1,1,0,2,""
1359,discovered,"am i in love with my best friend",love_relationships,yes_no,32.5,2,1,1,1,0,2,""
1360,discovered,"what is my chiron placement",astrology,wh,32.5,2,1,1,1,0,2,""
1361,discovered,"does my crush like me middle school",love_relationships,yes_no,32.5,2,1,1,1,0,2,""
1362,discovered,"i am a psychic",psychic_abilities,noun,32.5,2,1,1,1,0,2,""
1363,discovered,"japanese zodiac compatibility",astrology,noun,32.5,2,1,1,1,0,2,""
1364,discovered,"full moon ritual october",crystals_rituals,noun,32.5,2,1,1,1,0,2,""
1365,discovered,"full moon ritual september",crystals_rituals,noun,32.5,2,1,1,1,0,2,""
1366,discovered,"when will i get married free astrology",astrology,wh,32.5,2,1,1,1,0,2,""
1367,discovered,"what is the rarest rising sign to have",astrology,wh,32.4,1,4,1,1,0,4,""
1368,discovered,"angel numbers meaning of 222",angel_numbers,meaning,32.4,1,4,1,1,0,4,""
1369,discovered,"what is shadow work and how do i start",manifestation,wh,32.4,1,4,1,1,0,4,""
1370,discovered,"what is my spirit animal by birthday zodiac",astrology,wh,32.4,1,4,1,1,0,4,""
1371,discovered,"does she love me or not",love_relationships,yes_no,32.2,1,2,1,1,0,1,""
1372,discovered,"does he still love me tarot",tarot,yes_no,32.2,1,2,1,1,0,1,""
1373,discovered,"does he miss me at all",love_relationships,yes_no,32.2,1,2,1,1,0,1,""
1374,discovered,"will he come back technoblade",love_relationships,yes_no,32.2,1,2,1,1,0,1,""
1375,discovered,"is she seeing someone else",love_relationships,yes_no,32.2,1,2,1,1,0,1,""
1376,discovered,"am i intuitive",psychic_abilities,yes_no,32.2,1,2,1,1,0,1,""
1377,discovered,"how to open third eye in 30 seconds",psychic_abilities,how,32.2,1,2,1,1,0,1,""
1378,discovered,"how do i know if im.an empath",psychic_abilities,how,32.2,1,2,1,1,0,1,""
1379,discovered,"what is my psychic power",psychic_abilities,wh,32.2,1,2,1,1,0,1,""
1380,discovered,"what is clairaudient mean in the bible",psychic_abilities,wh,32.2,1,2,1,1,0,1,""
1381,discovered,"how to cleanse tarot cards for the first time",tarot,how,32.2,1,2,1,1,0,1,""
1382,discovered,"what's your tarot birth card",tarot,wh,32.2,1,2,1,1,0,1,""
1383,discovered,"what is my rising sign if im a cancer",astrology,wh,32.2,1,2,1,1,0,1,""
1384,discovered,"zodiac compatibility by date of birth",astrology,noun,32.2,1,2,1,1,0,1,""
1385,discovered,"is astrology real according to the bible",astrology,yes_no,32.2,1,2,1,1,0,1,""
1386,discovered,"what does 1111 mean in the bible",angel_numbers,wh,32.2,1,2,1,1,0,1,""
1387,discovered,"what does 1111 mean spiritually in the bible",angel_numbers,wh,32.2,1,2,1,1,0,1,""
1388,discovered,"what does 222 mean tattoo",angel_numbers,wh,32.2,1,2,1,1,0,1,""
1389,discovered,"what does 222 mean spiritually in the bible",angel_numbers,wh,32.2,1,2,1,1,0,1,""
1390,discovered,"what does it mean when you dream about snakes",dreams,wh,32.2,1,2,1,1,0,1,""
1391,discovered,"how to manifest someone to fall in love with you",manifestation,how,32.2,1,2,1,1,0,1,""
1392,discovered,"law of attraction tony robbins",manifestation,noun,32.2,1,2,1,1,0,1,""
1393,discovered,"how long do manifestations take to work",manifestation,how,32.2,1,2,1,1,0,1,""
1394,discovered,"what is shadow work in therapy",manifestation,wh,32.2,1,2,1,1,0,1,""
1395,discovered,"signs of spiritual awakening physical",spiritual_awakening,signs,32.2,1,2,1,1,0,1,""
1396,discovered,"what is a spiritual awakening in christianity",spiritual_awakening,wh,32.2,1,2,1,1,0,1,""
1397,discovered,"how to know your spirit guides are with you",psychic_abilities,how,32.2,1,2,1,1,0,1,""
1398,discovered,"what is the evil eye in greece",protection_energy,wh,32.2,1,2,1,1,0,1,""
1399,discovered,"how do you know if there is bad energy in your house",protection_energy,how,32.2,1,2,1,1,0,1,""
1400,discovered,"what crystal is for health",crystals_rituals,wh,32.2,1,2,1,1,0,1,""
1401,discovered,"what crystal is for protection from evil",protection_energy,wh,32.2,1,2,1,1,0,1,""
1402,discovered,"what crystal is for luck",crystals_rituals,wh,32.2,1,2,1,1,0,1,""
1403,discovered,"full moon ritual for the buck moon",crystals_rituals,noun,32.2,1,2,1,1,0,1,""
1404,discovered,"what are chakras in hinduism",chakras_energy,wh,32.2,1,2,1,1,0,1,""
1405,discovered,"what are chakras and what do they",chakras_energy,wh,32.2,1,2,1,1,0,1,""
1406,discovered,"signs from deceased loved ones butterflies",grief_afterlife,signs,32.2,1,2,1,1,0,1,""
1407,discovered,"does she miss me after breakup",love_relationships,yes_no,32.2,1,2,1,1,0,1,""
1408,discovered,"why does my crush doesn t like",love_relationships,wh,32.2,1,2,1,1,0,1,""
1409,discovered,"is it cheating to look up definitions for connections",love_relationships,yes_no,32.2,1,2,1,1,0,1,""
1410,discovered,"he is cheating you",love_relationships,noun,32.2,1,2,1,1,0,1,""
1411,discovered,"i am a psychic empath",psychic_abilities,noun,32.2,1,2,1,1,0,1,""
1412,discovered,"i am a psychic vampire",psychic_abilities,noun,32.2,1,2,1,1,0,1,""
1413,discovered,"how to open your third eye at night",psychic_abilities,how,32.2,1,2,1,1,0,1,""
1414,discovered,"how to open third eye in hindi",psychic_abilities,how,32.2,1,2,1,1,0,1,""
1415,discovered,"how to open your third eye",psychic_abilities,how,32.2,1,2,1,1,0,1,""
1416,discovered,"how to unlock third eye",psychic_abilities,how,32.2,1,2,1,1,0,1,""
1417,discovered,"how to read tarot step by step",tarot,how,32.2,1,2,1,1,0,1,""
1418,discovered,"what does the death card mean in love reading",tarot,wh,32.2,1,2,1,1,0,1,""
1419,discovered,"what does the ace of spades death card",tarot,wh,32.2,1,2,1,1,0,1,""
1420,discovered,"what does the death tarot card mean reversed",tarot,wh,32.2,1,2,1,1,0,1,""
1421,discovered,"is tarot a real thing",tarot,yes_no,32.2,1,2,1,1,0,1,""
1422,discovered,"what is my rising sign by date of birth",astrology,wh,32.2,1,2,1,1,0,1,""
1423,discovered,"how to read your birth chart for career",astrology,how,32.2,1,2,1,1,0,1,""
1424,discovered,"how to make chatgpt read your birth chart",astrology,how,32.2,1,2,1,1,0,1,""
1425,discovered,"how to read your natal chart for love",astrology,how,32.2,1,2,1,1,0,1,""
1426,discovered,"how to learn to read your birth chart",astrology,how,32.2,1,2,1,1,0,1,""
1427,discovered,"what does mercury retrograde mean for libra",astrology,wh,32.2,1,2,1,1,0,1,""
1428,discovered,"what does it mean to have mercury retrograde in your chart",astrology,wh,32.2,1,2,1,1,0,1,""
1429,discovered,"what does mercury retrograde mean in relationships",astrology,wh,32.2,1,2,1,1,0,1,""
1430,discovered,"what does mercury retrograde mean for scorpio woman",astrology,wh,32.2,1,2,1,1,0,1,""
1431,discovered,"what does 1111 mean when you see",angel_numbers,wh,32.2,1,2,1,1,0,1,""
1432,discovered,"what does 222 mean today tomorrow",angel_numbers,wh,32.2,1,2,1,1,0,1,""
1433,discovered,"what is my life path number compatibility",angel_numbers,wh,32.2,1,2,1,1,0,1,""
1434,discovered,"why do i keep dreaming about water",dreams,wh,32.2,1,2,1,1,0,1,""
1435,discovered,"dream about killing snakes biblical",dreams,noun,32.2,1,2,1,1,0,1,""
1436,discovered,"how to manifest money with cinnamon",manifestation,how,32.2,1,2,1,1,0,1,""
1437,discovered,"how to attract money lal kitab remedies",money_career,how,32.2,1,2,1,1,0,1,""
1438,discovered,"manifestation do work",manifestation,noun,32.2,1,2,1,1,0,1,""
1439,discovered,"did manifestation work",manifestation,yes_no,32.2,1,2,1,1,0,1,""
1440,discovered,"does manifestation work to increase height",manifestation,yes_no,32.2,1,2,1,1,0,1,""
1441,discovered,"signs of spiritual awakening in hindi",spiritual_awakening,signs,32.2,1,2,1,1,0,1,""
1442,discovered,"signs of ascension and symptoms of spiritual awakening",spiritual_awakening,signs,32.2,1,2,1,1,0,1,""
1443,discovered,"what is spiritual awakening in hindi",spiritual_awakening,wh,32.2,1,2,1,1,0,1,""
1444,discovered,"what is spiritual awakening symptoms",spiritual_awakening,wh,32.2,1,2,1,1,0,1,""
1445,discovered,"what is my spirit animal chinese zodiac",astrology,wh,32.2,1,2,1,1,0,1,""
1446,discovered,"what is my spirit animal totem",spiritual_awakening,wh,32.2,1,2,1,1,0,1,""
1447,discovered,"how to meditate to find your spirit animal",spiritual_awakening,how,32.2,1,2,1,1,0,1,""
1448,discovered,"how to remove negative energy and evil eye",protection_energy,how,32.2,1,2,1,1,0,1,""
1449,discovered,"how to cleanse negative energy from your life",protection_energy,how,32.2,1,2,1,1,0,1,""
1450,discovered,"how to cleanse negative energy from your room",protection_energy,how,32.2,1,2,1,1,0,1,""
1451,discovered,"i am cursed with knowledge",protection_energy,noun,32.2,1,2,1,1,0,1,""
1452,discovered,"am i pretty cursed spirit",protection_energy,yes_no,32.2,1,2,1,1,0,1,""
1453,discovered,"i was cursed",protection_energy,noun,32.2,1,2,1,1,0,1,""
1454,discovered,"what is the evil eye bracelet used",protection_energy,wh,32.2,1,2,1,1,0,1,""
1455,discovered,"what is the evil eye meaning spiritual",protection_energy,wh,32.2,1,2,1,1,0,1,""
1456,discovered,"what is the evil eye necklace used",protection_energy,wh,32.2,1,2,1,1,0,1,""
1457,discovered,"what crystal is for leo zodiac",astrology,wh,32.2,1,2,1,1,0,1,""
1458,discovered,"what are chakras and how to open them",chakras_energy,wh,32.2,1,2,1,1,0,1,""
1459,discovered,"what are the 11 chakras",chakras_energy,wh,32.2,1,2,1,1,0,1,""
1460,discovered,"how to unblock all chakras at once",chakras_energy,how,32.2,1,2,1,1,0,1,""
1461,discovered,"how to open chakras",chakras_energy,how,32.2,1,2,1,1,0,1,""
1462,discovered,"signs that deceased loved ones are near",grief_afterlife,signs,32.2,1,2,1,1,0,1,""
1463,discovered,"are signs from deceased loved ones",grief_afterlife,yes_no,32.2,1,2,1,1,0,1,""
1464,discovered,"stories of signs from deceased loved ones",grief_afterlife,signs,32.2,1,2,1,1,0,1,""
1465,discovered,"will i get job after bca",money_career,yes_no,32.2,1,2,1,1,0,1,""
1466,discovered,"will i get the job i just interviewed",money_career,yes_no,32.2,1,2,1,1,0,1,""
1467,discovered,"am i going to get the job",money_career,yes_no,32.2,1,2,1,1,0,1,""
1468,discovered,"will i get the job tarot reading",tarot,yes_no,32.2,1,2,1,1,0,1,""
1469,discovered,"what is the career path for video game designer",money_career,wh,32.2,1,2,1,1,0,1,""
1470,discovered,"what is the career path for human resources",money_career,wh,32.2,1,2,1,1,0,1,""
1471,discovered,"what is the career path for united states navy seals",money_career,wh,32.2,1,2,1,1,0,1,""
1472,discovered,"what will the future hold how will i be rewarded",money_career,wh,32.2,1,2,1,1,0,1,""
1473,discovered,"what does the near future hold jw",money_career,wh,32.2,1,2,1,1,0,1,""
1474,discovered,"what does your future hold",money_career,wh,32.2,1,2,1,1,0,1,""
1475,discovered,"what does the future hold for the world",money_career,wh,32.2,1,2,1,1,0,1,""
1476,discovered,"ways to open my third eye",psychic_abilities,noun,32.2,1,2,1,1,0,1,""
1477,discovered,"trust your intuition",psychic_abilities,noun,32.2,1,2,1,1,0,1,""
1478,discovered,"psychic readings near",psychic_abilities,noun,32.2,1,2,1,1,0,1,""
1479,discovered,"what is your chiron",astrology,wh,32.2,1,2,1,1,0,1,""
1480,discovered,"what is 333",angel_numbers,wh,32.2,1,2,1,1,0,1,""
1481,discovered,"what is 888",angel_numbers,wh,32.2,1,2,1,1,0,1,""
1482,discovered,"does 1010 mean anything",angel_numbers,yes_no,32.2,1,2,1,1,0,1,""
1483,discovered,"when you see 1010 what does",angel_numbers,wh,32.2,1,2,1,1,0,1,""
1484,discovered,"what my angel number",angel_numbers,wh,32.2,1,2,1,1,0,1,""
1485,discovered,"can dreams send you messages",dreams,yes_no,32.2,1,2,1,1,0,1,""
1486,discovered,"getting rid of negative energy",protection_energy,noun,32.2,1,2,1,1,0,1,""
1487,discovered,"what crystals good for anxiety",crystals_rituals,wh,32.2,1,2,1,1,0,1,""
1488,discovered,"ways to charge crystals",crystals_rituals,noun,32.2,1,2,1,1,0,1,""
1489,discovered,"is success worth",money_career,yes_no,32.2,1,2,2,0,0,1,""
1490,discovered,"how to know if a man loves you",love_relationships,how,32.1,2,2,1,1,0,4,""
1491,discovered,"is he my twin flame or karmic",twin_flame_soulmate,yes_no,32.1,2,2,1,1,0,4,""
1492,discovered,"scripting manifestation examples specific person",manifestation,noun,32.1,2,2,1,1,0,4,""
1493,discovered,"dark night of the soul book",spiritual_awakening,noun,32.1,2,2,1,1,0,4,""
1494,discovered,"what is the career path",money_career,wh,32.1,2,2,1,1,0,4,""
1495,discovered,"will my relationship last forever",love_relationships,yes_no,32.1,2,2,1,1,0,4,""
1496,discovered,"what is the life path number 4",angel_numbers,wh,32.1,2,2,1,1,0,4,""
1497,discovered,"what is crystal ball",crystals_rituals,wh,32.1,2,2,1,1,0,4,""
1498,discovered,"will i get job",money_career,yes_no,32.1,2,2,1,1,0,4,""
1499,discovered,"should i break up with her",love_relationships,yes_no,32.1,2,2,1,1,0,4,""
1500,discovered,"what are my big three",astrology,wh,32.1,2,2,1,1,0,4,""
1501,discovered,"do i quit my job",money_career,yes_no,32.1,2,2,1,1,0,4,""
1502,discovered,"does my crush like me back quiz buzzfeed",love_relationships,yes_no,31.8,1,3,1,1,0,3,""
1503,discovered,"how to read tarot cards for beginners book",tarot,how,31.8,1,3,1,1,0,3,""
1504,discovered,"how to manifest money in 3 days",manifestation,how,31.8,1,3,1,1,0,3,""
1505,discovered,"how to cleanse negative energy from a room",protection_energy,how,31.8,1,3,1,1,0,3,""
1506,discovered,"what are chakras and what do they do",chakras_energy,wh,31.8,1,3,1,1,0,3,""
1507,discovered,"what is a soul contract reading",past_lives_karma,wh,31.8,1,3,1,1,0,3,""
1508,discovered,"can psychic mediums really talk to the dead",psychic_abilities,yes_no,31.8,1,3,1,1,0,3,""
1509,discovered,"what is your career path as a student",money_career,wh,31.8,1,3,1,1,0,3,""
1510,discovered,"does he really love me or is he just saying",love_relationships,yes_no,31.8,1,3,1,1,0,3,""
1511,discovered,"does my crush like me quiz for boys",love_relationships,yes_no,31.8,1,3,1,1,0,3,""
1512,discovered,"is it cheating to have a crush while in a relationship",love_relationships,yes_no,31.8,1,3,1,1,0,3,""
1513,discovered,"is he the one quiz long distance",love_relationships,yes_no,31.8,1,3,1,1,0,3,""
1514,discovered,"why is he so distant and cold",love_relationships,wh,31.8,1,3,1,1,0,3,""
1515,discovered,"which is more accurate tarot or astrology",tarot,wh,31.8,1,3,1,1,0,3,""
1516,discovered,"what is my rising sign chakra body part",astrology,wh,31.8,1,3,1,1,0,3,""
1517,discovered,"what is the best rising sign to have",astrology,wh,31.8,1,3,1,1,0,3,""
1518,discovered,"what is mercury retrograde meaning in love",astrology,wh,31.8,1,3,1,1,0,3,""
1519,discovered,"what does 222 mean when you see it all the time",angel_numbers,wh,31.8,1,3,1,1,0,3,""
1520,discovered,"detail common starseed characteristics and signs of spiritual awakening",spiritual_awakening,signs,31.8,1,3,1,1,0,3,""
1521,discovered,"what is the evil eye supposed to do",protection_energy,wh,31.8,1,3,1,1,0,3,""
1522,discovered,"what are the 7 healing chakras",chakras_energy,wh,31.8,1,3,1,1,0,3,""
1523,discovered,"how do the 7 chakras work",chakras_energy,how,31.8,1,3,1,1,0,3,""
1524,discovered,"how to unblock chakras with meditation",chakras_energy,how,31.8,1,3,1,1,0,3,""
1525,discovered,"how to unblock sacral chakra",chakras_energy,how,31.8,1,3,1,1,0,3,""
1526,discovered,"signs a deceased loved one is reaching out",grief_afterlife,signs,31.8,1,3,1,1,0,3,""
1527,discovered,"what is the career path to become a pilot",money_career,wh,31.8,1,3,1,1,0,3,""
1528,discovered,"what does clairvoyant",psychic_abilities,wh,31.8,1,3,1,1,0,3,""
1529,discovered,"why am i seeing repeating numbers",angel_numbers,wh,31.8,1,3,1,1,0,3,""
1530,discovered,"should i quit my job if i am unhappy",money_career,yes_no,31.8,1,3,1,1,0,3,""
1531,seed,"how to know if someone is your soulmate",twin_flame_soulmate,how,31.7,4,3,0,0,0,0,"howto|quiz"
1532,discovered,"is being psychic",psychic_abilities,yes_no,31.6,1,1,1,1,0,0,""
1533,discovered,"what does the tower card mean in tarot",tarot,wh,31.6,1,1,1,1,0,0,""
1534,discovered,"what does the lovers card mean in tarot",tarot,wh,31.6,1,1,1,1,0,0,""
1535,discovered,"what does the moon card mean in tarot",tarot,wh,31.6,1,1,1,1,0,0,""
1536,discovered,"what does the star card mean in tarot",tarot,wh,31.6,1,1,1,1,0,0,""
1537,discovered,"who should i date based on my zodiac",astrology,wh,31.6,1,1,1,1,0,0,""
1538,discovered,"what does retrograde",astrology,wh,31.6,1,1,1,1,0,0,""
1539,discovered,"angel numbers meanings",angel_numbers,noun,31.6,1,1,1,1,0,0,""
1540,discovered,"what does 1234 mean in angel numbers",angel_numbers,wh,31.6,1,1,1,1,0,0,""
1541,discovered,"dream about falling teeth",dreams,noun,31.6,1,1,1,1,0,0,""
1542,discovered,"dream about babies",dreams,noun,31.6,1,1,1,1,0,0,""
1543,discovered,"dream about death",dreams,noun,31.6,1,1,1,1,0,0,""
1544,discovered,"law of attraction how to manifest",manifestation,noun,31.6,1,1,1,1,0,0,""
1545,discovered,"what does the full moon mean spiritually",crystals_rituals,wh,31.6,1,1,1,1,0,0,""
1546,discovered,"chakra healing how",chakras_energy,noun,31.6,1,1,1,1,0,0,""
1547,discovered,"how to heal karmic relationship",twin_flame_soulmate,how,31.6,1,1,1,1,0,0,""
1548,discovered,"how to get in touch with a loved one who passed away",grief_afterlife,how,31.6,1,1,1,1,0,0,""
1549,discovered,"how to know if a medium",grief_afterlife,how,31.6,1,1,1,1,0,0,""
1550,discovered,"how to know my purpose in life",money_career,how,31.6,1,1,1,1,0,0,""
1551,discovered,"does he love me anymore",love_relationships,yes_no,31.6,1,1,1,1,0,0,""
1552,discovered,"does he love me cher",love_relationships,yes_no,31.6,1,1,1,1,0,0,""
1553,discovered,"does he love me does he love me not",love_relationships,yes_no,31.6,1,1,1,1,0,0,""
1554,discovered,"does he love me if he calls everyday",love_relationships,yes_no,31.6,1,1,1,1,0,0,""
1555,discovered,"is he like me forrest gump",love_relationships,yes_no,31.6,1,1,1,1,0,0,""
1556,discovered,"how does he love",love_relationships,how,31.6,1,1,1,1,0,0,""
1557,discovered,"he loves me know",love_relationships,noun,31.6,1,1,1,1,0,0,""
1558,discovered,"does he love me more",love_relationships,yes_no,31.6,1,1,1,1,0,0,""
1559,discovered,"does he love me or does he love me not",love_relationships,yes_no,31.6,1,1,1,1,0,0,""
1560,discovered,"does he love me page of cups",love_relationships,yes_no,31.6,1,1,1,1,0,0,""
1561,discovered,"he loves me voice change",love_relationships,noun,31.6,1,1,1,1,0,0,""
1562,discovered,"he still loves me by walter williams",love_relationships,noun,31.6,1,1,1,1,0,0,""
1563,discovered,"do you still love me ella mai",love_relationships,yes_no,31.6,1,1,1,1,0,0,""
1564,discovered,"do you still love me hindi",love_relationships,yes_no,31.6,1,1,1,1,0,0,""
1565,discovered,"did he really love me if he moved on so fast",love_relationships,yes_no,31.6,1,1,1,1,0,0,""
1566,discovered,"he still loves me jonathan mcreynolds",love_relationships,noun,31.6,1,1,1,1,0,0,""
1567,discovered,"do you still love me vinyl ella mai",love_relationships,yes_no,31.6,1,1,1,1,0,0,""
1568,discovered,"he still loves me walter williams",love_relationships,noun,31.6,1,1,1,1,0,0,""
1569,discovered,"does he even miss",love_relationships,yes_no,31.6,1,1,1,1,0,0,""
1570,discovered,"does miss me have a store",love_relationships,yes_no,31.6,1,1,1,1,0,0,""
1571,discovered,"does he miss me in spanish",love_relationships,yes_no,31.6,1,1,1,1,0,0,""
1572,discovered,"does miss me jeans run small",love_relationships,yes_no,31.6,1,1,1,1,0,0,""
1573,discovered,"does he miss me knight of cups",love_relationships,yes_no,31.6,1,1,1,1,0,0,""
1574,discovered,"will he miss me if i stop texting him",love_relationships,yes_no,31.6,1,1,1,1,0,0,""
1575,discovered,"do miss me you",love_relationships,yes_no,31.6,1,1,1,1,0,0,""
1576,discovered,"does my crush like me even though we don t talk",love_relationships,yes_no,31.6,1,1,1,1,0,0,""
1577,discovered,"does my crush like me for kids",love_relationships,yes_no,31.6,1,1,1,1,0,0,""
1578,discovered,"does my crush like me game",love_relationships,yes_no,31.6,1,1,1,1,0,0,""
1579,discovered,"does my crush like me in school",love_relationships,yes_no,31.6,1,1,1,1,0,0,""
1580,discovered,"does my crush like me or is he just being nice",love_relationships,yes_no,31.6,1,1,1,1,0,0,""
1581,discovered,"does my crush like me kdrama",love_relationships,yes_no,31.6,1,1,1,1,0,0,""
1582,discovered,"does my crush like me psychology",love_relationships,yes_no,31.6,1,1,1,1,0,0,""
1583,discovered,"will he come back when he's ready for a relationship",love_relationships,yes_no,31.6,1,1,1,1,0,0,""
1584,discovered,"it will come back to you",love_relationships,noun,31.6,1,1,1,1,0,0,""
1585,discovered,"is he cheating boy i don't know",love_relationships,yes_no,31.6,1,1,1,1,0,0,""
1586,discovered,"is he cheating cs2 website",love_relationships,yes_no,31.6,1,1,1,1,0,0,""
1587,discovered,"is it cheating during separation",love_relationships,yes_no,31.6,1,1,1,1,0,0,""
1588,discovered,"is he cheating ely oaks",love_relationships,yes_no,31.6,1,1,1,1,0,0,""
1589,discovered,"is he cheating game",love_relationships,yes_no,31.6,1,1,1,1,0,0,""
1590,discovered,"is it cheating having a celebrity crush",love_relationships,yes_no,31.6,1,1,1,1,0,0,""
1591,discovered,"is he cheating in on the rocks",love_relationships,yes_no,31.6,1,1,1,1,0,0,""
1592,discovered,"is he cheating or just busy",love_relationships,yes_no,31.6,1,1,1,1,0,0,""
1593,discovered,"is he cheating knight of swords",love_relationships,yes_no,31.6,1,1,1,1,0,0,""
1594,discovered,"is it cheating prompts",love_relationships,yes_no,31.6,1,1,1,1,0,0,""
1595,discovered,"is it cheating using chatgpt",love_relationships,yes_no,31.6,1,1,1,1,0,0,""
1596,discovered,"is he the one christian",love_relationships,yes_no,31.6,1,1,1,1,0,0,""
1597,discovered,"is he the one john barry",love_relationships,yes_no,31.6,1,1,1,1,0,0,""
1598,discovered,"why is he being distant",love_relationships,wh,31.6,1,1,1,1,0,0,""
1599,discovered,"why is he emotionally distant",love_relationships,wh,31.6,1,1,1,1,0,0,""
1600,discovered,"why does he feel distant",love_relationships,wh,31.6,1,1,1,1,0,0,""
1601,discovered,"why is he getting distant",love_relationships,wh,31.6,1,1,1,1,0,0,""
1602,discovered,"he's more distant",love_relationships,noun,31.6,1,1,1,1,0,0,""
1603,discovered,"am i medium contrast",grief_afterlife,yes_no,31.6,1,1,1,1,0,0,""
1604,discovered,"should i evolve psychic or fire ponyta",psychic_abilities,yes_no,31.6,1,1,1,1,0,0,""
1605,discovered,"am i psychic gif",psychic_abilities,yes_no,31.6,1,1,1,1,0,0,""
1606,discovered,"i am psychic.jason",psychic_abilities,noun,31.6,1,1,1,1,0,0,""
1607,discovered,"i am kannada medium",grief_afterlife,noun,31.6,1,1,1,1,0,0,""
1608,discovered,"am i low medium or high contrast",grief_afterlife,yes_no,31.6,1,1,1,1,0,0,""
1609,discovered,"am i slightly psychic",psychic_abilities,yes_no,31.6,1,1,1,1,0,0,""
1610,discovered,"i am very psychic",psychic_abilities,noun,31.6,1,1,1,1,0,0,""
1611,discovered,"i am medium weight",grief_afterlife,noun,31.6,1,1,1,1,0,0,""
1612,discovered,"am i an awakened empath",psychic_abilities,yes_no,31.6,1,1,1,1,0,0,""
1613,discovered,"am i an dark empath",psychic_abilities,yes_no,31.6,1,1,1,1,0,0,""
1614,discovered,"how am i an empath",psychic_abilities,how,31.6,1,1,1,1,0,0,""
1615,discovered,"i am an empath in spanish",psychic_abilities,noun,31.6,1,1,1,1,0,0,""
1616,discovered,"i an empath person",psychic_abilities,noun,31.6,1,1,1,1,0,0,""
1617,discovered,"i am such an empath",psychic_abilities,noun,31.6,1,1,1,1,0,0,""
1618,discovered,"how to open third eye book",psychic_abilities,how,31.6,1,1,1,1,0,0,""
1619,discovered,"how to open third eye easily",psychic_abilities,how,31.6,1,1,1,1,0,0,""
1620,discovered,"how to open third eye hinduism",psychic_abilities,how,31.6,1,1,1,1,0,0,""
1621,discovered,"how long to open third eye",psychic_abilities,how,31.6,1,1,1,1,0,0,""
1622,discovered,"how to open third eye meditation",psychic_abilities,how,31.6,1,1,1,1,0,0,""
1623,discovered,"how to open third eye osho",psychic_abilities,how,31.6,1,1,1,1,0,0,""
1624,discovered,"how to open third eye quickly",psychic_abilities,how,31.6,1,1,1,1,0,0,""
1625,discovered,"how to open up third eye",psychic_abilities,how,31.6,1,1,1,1,0,0,""
1626,discovered,"how to open third eye youtube",psychic_abilities,how,31.6,1,1,1,1,0,0,""
1627,discovered,"how to read tarot a practical guide",tarot,how,31.6,1,1,1,1,0,0,""
1628,discovered,"how to read tarot de marseille",tarot,how,31.6,1,1,1,1,0,0,""
1629,discovered,"how to read tarot easy",tarot,how,31.6,1,1,1,1,0,0,""
1630,discovered,"how to read tarot guide",tarot,how,31.6,1,1,1,1,0,0,""
1631,discovered,"how to read tarot horoscope",tarot,how,31.6,1,1,1,1,0,0,""
1632,discovered,"how to read tarot intuitively",tarot,how,31.6,1,1,1,1,0,0,""
1633,discovered,"how to read tarot jessica wiggan",tarot,how,31.6,1,1,1,1,0,0,""
1634,discovered,"how to read kawaii tarot cards",tarot,how,31.6,1,1,1,1,0,0,""
1635,discovered,"how to read tarot like a pro",tarot,how,31.6,1,1,1,1,0,0,""
1636,discovered,"how to read tarot major arcana",tarot,how,31.6,1,1,1,1,0,0,""
1637,discovered,"how to read tarot on yourself",tarot,how,31.6,1,1,1,1,0,0,""
1638,discovered,"how to read tarot playing cards",tarot,how,31.6,1,1,1,1,0,0,""
1639,discovered,"how to read tarot quick",tarot,how,31.6,1,1,1,1,0,0,""
1640,discovered,"how to read tarot spreads",tarot,how,31.6,1,1,1,1,0,0,""
1641,discovered,"how to read tarot time of event",tarot,how,31.6,1,1,1,1,0,0,""
1642,discovered,"how to read zodiac tarot spread",tarot,how,31.6,1,1,1,1,0,0,""
1643,discovered,"what does the death and emperor tarot card",tarot,wh,31.6,1,1,1,1,0,0,""
1644,discovered,"what does the death card mean for love",tarot,wh,31.6,1,1,1,1,0,0,""
1645,discovered,"what does it mean to get the death tarot card",tarot,wh,31.6,1,1,1,1,0,0,""
1646,discovered,"what does the death card mean reversed",tarot,wh,31.6,1,1,1,1,0,0,""
1647,discovered,"what does the death card mean tarot",tarot,wh,31.6,1,1,1,1,0,0,""
1648,discovered,"what does the xiii death tarot card",tarot,wh,31.6,1,1,1,1,0,0,""
1649,discovered,"is biddy tarot",tarot,yes_no,31.6,1,1,1,1,0,0,""
1650,discovered,"is tarot card",tarot,yes_no,31.6,1,1,1,1,0,0,""
1651,discovered,"is tarot divination",tarot,yes_no,31.6,1,1,1,1,0,0,""
1652,discovered,"is tarot ever",tarot,yes_no,31.6,1,1,1,1,0,0,""
1653,discovered,"how accurate is gpt tarot",tarot,how,31.6,1,1,1,1,0,0,""
1654,discovered,"how is tarot",tarot,how,31.6,1,1,1,1,0,0,""
1655,discovered,"is kino tarot",tarot,yes_no,31.6,1,1,1,1,0,0,""
1656,discovered,"is tarot predictions",tarot,yes_no,31.6,1,1,1,1,0,0,""
1657,discovered,"is tarot true story",tarot,yes_no,31.6,1,1,1,1,0,0,""
1658,discovered,"is tarot usually",tarot,yes_no,31.6,1,1,1,1,0,0,""
1659,discovered,"are tarot videos",tarot,yes_no,31.6,1,1,1,1,0,0,""
1660,discovered,"is tarot a real word",tarot,yes_no,31.6,1,1,1,1,0,0,""
1661,discovered,"what is my rising sign degree",astrology,wh,31.6,1,1,1,1,0,0,""
1662,discovered,"what's my rising sign etc",astrology,wh,31.6,1,1,1,1,0,0,""
1663,discovered,"what is my rising sign gemini",astrology,wh,31.6,1,1,1,1,0,0,""
1664,discovered,"what is my rising sign june 21",astrology,wh,31.6,1,1,1,1,0,0,""
1665,discovered,"what is your rising sign known as",astrology,wh,31.6,1,1,1,1,0,0,""
1666,discovered,"what is my rising sign leo",astrology,wh,31.6,1,1,1,1,0,0,""
1667,discovered,"what is my rising sign on my chart",astrology,wh,31.6,1,1,1,1,0,0,""
1668,discovered,"what is my rising sign planet",astrology,wh,31.6,1,1,1,1,0,0,""
1669,discovered,"what is my rising sign scorpio",astrology,wh,31.6,1,1,1,1,0,0,""
1670,discovered,"what is my rising sign virgo",astrology,wh,31.6,1,1,1,1,0,0,""
1671,discovered,"what is my rising sign this year",astrology,wh,31.6,1,1,1,1,0,0,""
1672,discovered,"what is my rising sign zodiac",astrology,wh,31.6,1,1,1,1,0,0,""
1673,discovered,"how to read your birth chart book",astrology,how,31.6,1,1,1,1,0,0,""
1674,discovered,"how to read your birth chart circle",astrology,how,31.6,1,1,1,1,0,0,""
1675,discovered,"read my birth chart etsy",astrology,noun,31.6,1,1,1,1,0,0,""
1676,discovered,"read my birth chart gemini",astrology,noun,31.6,1,1,1,1,0,0,""
1677,discovered,"how to read my own birth chart",astrology,how,31.6,1,1,1,1,0,0,""
1678,discovered,"how to read my zodiac birth chart",astrology,how,31.6,1,1,1,1,0,0,""
1679,discovered,"what does mercury retrograde mean astrology",astrology,wh,31.6,1,1,1,1,0,0,""
1680,discovered,"what does mercury retrograde cancer",astrology,wh,31.6,1,1,1,1,0,0,""
1681,discovered,"what does mercury retrograde ending",astrology,wh,31.6,1,1,1,1,0,0,""
1682,discovered,"what does mercury in retrograde mean horoscope",astrology,wh,31.6,1,1,1,1,0,0,""
1683,discovered,"what does this mercury retrograde mean july",astrology,wh,31.6,1,1,1,1,0,0,""
1684,discovered,"what does mercury in retrograde mean for kids",astrology,wh,31.6,1,1,1,1,0,0,""
1685,discovered,"what does mercury retrograde pisces",astrology,wh,31.6,1,1,1,1,0,0,""
1686,discovered,"what does it mean when mercury retrograde is in your",astrology,wh,31.6,1,1,1,1,0,0,""
1687,discovered,"what does mercury in retrograde mean zodiac",astrology,wh,31.6,1,1,1,1,0,0,""
1688,discovered,"zodiac compatibility dates",astrology,noun,31.6,1,1,1,1,0,0,""
1689,discovered,"zodiac compatibility exact birth dates",astrology,noun,31.6,1,1,1,1,0,0,""
1690,discovered,"zodiac compatibility gemini",astrology,noun,31.6,1,1,1,1,0,0,""
1691,discovered,"zodiac compatibility horoscope",astrology,noun,31.6,1,1,1,1,0,0,""
1692,discovered,"zodiac compatibility ivalice chronicles",astrology,noun,31.6,1,1,1,1,0,0,""
1693,discovered,"preethi zodiac compatible jar",astrology,noun,31.6,1,1,1,1,0,0,""
1694,discovered,"horoscope compatibility kerala",astrology,noun,31.6,1,1,1,1,0,0,""
1695,discovered,"zodiac compatibility love",astrology,noun,31.6,1,1,1,1,0,0,""
1696,discovered,"zodiac compatibility moon and rising",astrology,noun,31.6,1,1,1,1,0,0,""
1697,discovered,"zodiac compatibility natal chart",astrology,noun,31.6,1,1,1,1,0,0,""
1698,discovered,"zodiac compatibility of scorpio",astrology,noun,31.6,1,1,1,1,0,0,""
1699,discovered,"zodiac compatibility relationship",astrology,noun,31.6,1,1,1,1,0,0,""
1700,discovered,"zodiac match up",astrology,noun,31.6,1,1,1,1,0,0,""
1701,discovered,"zodiac compatibility virgo",astrology,noun,31.6,1,1,1,1,0,0,""
1702,discovered,"zodiac compatibility with cancer",astrology,noun,31.6,1,1,1,1,0,0,""
1703,discovered,"zodiac compatibility year",astrology,noun,31.6,1,1,1,1,0,0,""
1704,discovered,"zodiac zodiac compatibility",astrology,noun,31.6,1,1,1,1,0,0,""
1705,discovered,"what does 1111 mean angel number",angel_numbers,wh,31.6,1,1,1,1,0,0,""
1706,discovered,"what does 1111 mean biblically",angel_numbers,wh,31.6,1,1,1,1,0,0,""
1707,discovered,"what does 1111 mean christian",angel_numbers,wh,31.6,1,1,1,1,0,0,""
1708,discovered,"what does 1111 mean for love",angel_numbers,wh,31.6,1,1,1,1,0,0,""
1709,discovered,"what does 1111 mean to jesus",angel_numbers,wh,31.6,1,1,1,1,0,0,""
1710,discovered,"what does 1111 mean manifestation",angel_numbers,wh,31.6,1,1,1,1,0,0,""
1711,discovered,"what does 11 11 mean numerology",angel_numbers,wh,31.6,1,1,1,1,0,0,""
1712,discovered,"what does 1111 mean on a clock",angel_numbers,wh,31.6,1,1,1,1,0,0,""
1713,discovered,"what does 1111 mean prophetically",angel_numbers,wh,31.6,1,1,1,1,0,0,""
1714,discovered,"what does 222 mean angel numbers",angel_numbers,wh,31.6,1,1,1,1,0,0,""
1715,discovered,"what does 222 mean biblically",angel_numbers,wh,31.6,1,1,1,1,0,0,""
1716,discovered,"what does 222 mean christian",angel_numbers,wh,31.6,1,1,1,1,0,0,""
1717,discovered,"what does 222 mean during a breakup",angel_numbers,wh,31.6,1,1,1,1,0,0,""
1718,discovered,"what does 222 mean ex",angel_numbers,wh,31.6,1,1,1,1,0,0,""
1719,discovered,"what does 222 mean for love",angel_numbers,wh,31.6,1,1,1,1,0,0,""
1720,discovered,"what does 222 mean god",angel_numbers,wh,31.6,1,1,1,1,0,0,""
1721,discovered,"what does 222 mean hebrew",angel_numbers,wh,31.6,1,1,1,1,0,0,""
1722,discovered,"what does 222 mean joanne sacred scribes",angel_numbers,wh,31.6,1,1,1,1,0,0,""
1723,discovered,"what does 222 mean korean",angel_numbers,wh,31.6,1,1,1,1,0,0,""
1724,discovered,"what does 222 mean love",angel_numbers,wh,31.6,1,1,1,1,0,0,""
1725,discovered,"what does 222 mean money",angel_numbers,wh,31.6,1,1,1,1,0,0,""
1726,discovered,"what does 222 mean numerology",angel_numbers,wh,31.6,1,1,1,1,0,0,""
1727,discovered,"what does 222 mean on a clock",angel_numbers,wh,31.6,1,1,1,1,0,0,""
1728,discovered,"what does 222 mean prophetically",angel_numbers,wh,31.6,1,1,1,1,0,0,""
1729,discovered,"what does 222 mean in the quran",angel_numbers,wh,31.6,1,1,1,1,0,0,""
1730,discovered,"what does 222 mean relationship",angel_numbers,wh,31.6,1,1,1,1,0,0,""
1731,discovered,"what does 222 mean tattoo on a woman",angel_numbers,wh,31.6,1,1,1,1,0,0,""
1732,discovered,"what does 222 usually",angel_numbers,wh,31.6,1,1,1,1,0,0,""
1733,discovered,"what does 222 mean in volleyball",angel_numbers,wh,31.6,1,1,1,1,0,0,""
1734,discovered,"what does 222 mean youtube",angel_numbers,wh,31.6,1,1,1,1,0,0,""
1735,discovered,"angel numbers meaning all",angel_numbers,meaning,31.6,1,1,1,1,0,0,""
1736,discovered,"angel numbers meaning book",angel_numbers,meaning,31.6,1,1,1,1,0,0,""
1737,discovered,"angel numbers meaning chart",angel_numbers,meaning,31.6,1,1,1,1,0,0,""
1738,discovered,"angel numbers meaning each",angel_numbers,meaning,31.6,1,1,1,1,0,0,""
1739,discovered,"angel numbers meaning for love",angel_numbers,meaning,31.6,1,1,1,1,0,0,""
1740,discovered,"angel numbers meaning guide",angel_numbers,meaning,31.6,1,1,1,1,0,0,""
1741,discovered,"angel numbers meaning hindi",angel_numbers,meaning,31.6,1,1,1,1,0,0,""
1742,discovered,"angel number meaning in kannada",angel_numbers,meaning,31.6,1,1,1,1,0,0,""
1743,discovered,"angel numbers meaning love",angel_numbers,meaning,31.6,1,1,1,1,0,0,""
1744,discovered,"angel numbers meaning money",angel_numbers,meaning,31.6,1,1,1,1,0,0,""
1745,discovered,"angel numbers meaning spiritual",angel_numbers,meaning,31.6,1,1,1,1,0,0,""
1746,discovered,"angel numbers meaning tamil",angel_numbers,meaning,31.6,1,1,1,1,0,0,""
1747,discovered,"angel numbers urban dictionary",angel_numbers,noun,31.6,1,1,1,1,0,0,""
1748,discovered,"angel numbers mean what",angel_numbers,meaning,31.6,1,1,1,1,0,0,""
1749,discovered,"angel numbers that mean your ex is coming back",angel_numbers,meaning,31.6,1,1,1,1,0,0,""
1750,discovered,"what is the meaning of life path number eight",angel_numbers,wh,31.6,1,1,1,1,0,0,""
1751,discovered,"what is my life path number gg33",angel_numbers,wh,31.6,1,1,1,1,0,0,""
1752,discovered,"what is my karmic life path number",angel_numbers,wh,31.6,1,1,1,1,0,0,""
1753,discovered,"what is the life path number for leo",angel_numbers,wh,31.6,1,1,1,1,0,0,""
1754,discovered,"what is my life path number numerology",angel_numbers,wh,31.6,1,1,1,1,0,0,""
1755,discovered,"what is my life path number of my birthday",angel_numbers,wh,31.6,1,1,1,1,0,0,""
1756,discovered,"what is the powerful life path number",angel_numbers,wh,31.6,1,1,1,1,0,0,""
1757,discovered,"what is my life path number september",angel_numbers,wh,31.6,1,1,1,1,0,0,""
1758,discovered,"what is the life path number three",angel_numbers,wh,31.6,1,1,1,1,0,0,""
1759,discovered,"what is the unluckiest life path number",angel_numbers,wh,31.6,1,1,1,1,0,0,""
1760,discovered,"what is my life path number this year",angel_numbers,wh,31.6,1,1,1,1,0,0,""
1761,discovered,"what is my zodiac life path number",angel_numbers,wh,31.6,1,1,1,1,0,0,""
1762,discovered,"what does it mean when you dream about a snake",dreams,wh,31.6,1,1,1,1,0,0,""
1763,discovered,"what does it mean when you dream about cats",dreams,wh,31.6,1,1,1,1,0,0,""
1764,discovered,"what does it mean when you dream about elephants",dreams,wh,31.6,1,1,1,1,0,0,""
1765,discovered,"what does it mean when you dream about fish",dreams,wh,31.6,1,1,1,1,0,0,""
1766,discovered,"what does it mean when you dream about getting shot but not dying",dreams,wh,31.6,1,1,1,1,0,0,""
1767,discovered,"what does it mean when you dream about having a baby",dreams,wh,31.6,1,1,1,1,0,0,""
1768,discovered,"what does it mean when you dream about insects",dreams,wh,31.6,1,1,1,1,0,0,""
1769,discovered,"what does it mean when you dream about jesus",dreams,wh,31.6,1,1,1,1,0,0,""
1770,discovered,"what does it mean when you dream about money",dreams,wh,31.6,1,1,1,1,0,0,""
1771,discovered,"what does it mean when you dream about numbers",dreams,wh,31.6,1,1,1,1,0,0,""
1772,discovered,"what does it mean when you dream about owls",dreams,wh,31.6,1,1,1,1,0,0,""
1773,discovered,"what does it mean when you dream about poop",dreams,wh,31.6,1,1,1,1,0,0,""
1774,discovered,"what does it mean when you dream about quarters",dreams,wh,31.6,1,1,1,1,0,0,""
1775,discovered,"what does it mean when you dream about rats",dreams,wh,31.6,1,1,1,1,0,0,""
1776,discovered,"what does it mean when you dream about teeth falling out",dreams,wh,31.6,1,1,1,1,0,0,""
1777,discovered,"what does it mean when you dream about vampires",dreams,wh,31.6,1,1,1,1,0,0,""
1778,discovered,"what does it mean when you dream about water",dreams,wh,31.6,1,1,1,1,0,0,""
1779,discovered,"what does it mean when you dream about an x",dreams,wh,31.6,1,1,1,1,0,0,""
1780,discovered,"what does it mean when you dream about zombies",dreams,wh,31.6,1,1,1,1,0,0,""
1781,discovered,"why do i keep dreaming about alligators",dreams,wh,31.6,1,1,1,1,0,0,""
1782,discovered,"why do i keep dreaming about cheating on my boyfriend",dreams,wh,31.6,1,1,1,1,0,0,""
1783,discovered,"why do i keep dreaming about elevators",dreams,wh,31.6,1,1,1,1,0,0,""
1784,discovered,"why do i keep dreaming about fire",dreams,wh,31.6,1,1,1,1,0,0,""
1785,discovered,"why do i keep dreaming about getting cheated on",dreams,wh,31.6,1,1,1,1,0,0,""
1786,discovered,"why do i keep dreaming about having a baby",dreams,wh,31.6,1,1,1,1,0,0,""
1787,discovered,"why do i keep dreaming about insects",dreams,wh,31.6,1,1,1,1,0,0,""
1788,discovered,"why do i keep dreaming about jail",dreams,wh,31.6,1,1,1,1,0,0,""
1789,discovered,"why do i keep dreaming about killing someone",dreams,wh,31.6,1,1,1,1,0,0,""
1790,discovered,"why do i keep dreaming about losing my teeth",dreams,wh,31.6,1,1,1,1,0,0,""
1791,discovered,"why do i keep dreaming about natural disasters",dreams,wh,31.6,1,1,1,1,0,0,""
1792,discovered,"why do i keep dreaming about old friends",dreams,wh,31.6,1,1,1,1,0,0,""
1793,discovered,"why do i keep dreaming about people dying",dreams,wh,31.6,1,1,1,1,0,0,""
1794,discovered,"why do i keep dreaming about quitting my job",dreams,wh,31.6,1,1,1,1,0,0,""
1795,discovered,"why do i keep dreaming about rats",dreams,wh,31.6,1,1,1,1,0,0,""
1796,discovered,"why do i keep dreaming about urinating",dreams,wh,31.6,1,1,1,1,0,0,""
1797,discovered,"why do i keep dreaming about vampires",dreams,wh,31.6,1,1,1,1,0,0,""
1798,discovered,"why do i keep dreaming of my x",dreams,wh,31.6,1,1,1,1,0,0,""
1799,discovered,"why do i keep dreaming about your old house",dreams,wh,31.6,1,1,1,1,0,0,""
1800,discovered,"dream about snake attack",dreams,noun,31.6,1,1,1,1,0,0,""
1801,discovered,"dream about dead snakes",dreams,noun,31.6,1,1,1,1,0,0,""
1802,discovered,"dream meaning snakes fighting",dreams,meaning,31.6,1,1,1,1,0,0,""
1803,discovered,"dream meaning snake green",dreams,meaning,31.6,1,1,1,1,0,0,""
1804,discovered,"dream meaning snake killing",dreams,meaning,31.6,1,1,1,1,0,0,""
1805,discovered,"dream about large snake",dreams,noun,31.6,1,1,1,1,0,0,""
1806,discovered,"dream about snake chasing",dreams,noun,31.6,1,1,1,1,0,0,""
1807,discovered,"dream meaning snake open mouth",dreams,meaning,31.6,1,1,1,1,0,0,""
1808,discovered,"dream about red snakes",dreams,noun,31.6,1,1,1,1,0,0,""
1809,discovered,"dream meaning snake under bed",dreams,meaning,31.6,1,1,1,1,0,0,""
1810,discovered,"dream meaning snake venom",dreams,meaning,31.6,1,1,1,1,0,0,""
1811,discovered,"dream about snakes means what",dreams,noun,31.6,1,1,1,1,0,0,""
1812,discovered,"how to manifest book",manifestation,how,31.6,1,1,1,1,0,0,""
1813,discovered,"how to manifest correctly",manifestation,how,31.6,1,1,1,1,0,0,""
1814,discovered,"how to manifest dream job",dreams,how,31.6,1,1,1,1,0,0,""
1815,discovered,"how to manifest during lions gate portal",manifestation,how,31.6,1,1,1,1,0,0,""
1816,discovered,"how to manifest ego in archived",manifestation,how,31.6,1,1,1,1,0,0,""
1817,discovered,"how to manifest for someone else",manifestation,how,31.6,1,1,1,1,0,0,""
1818,discovered,"how to manifest good luck",manifestation,how,31.6,1,1,1,1,0,0,""
1819,discovered,"how to manifest in a journal",manifestation,how,31.6,1,1,1,1,0,0,""
1820,discovered,"how to manifest journal",manifestation,how,31.6,1,1,1,1,0,0,""
1821,discovered,"how to manifest karma",manifestation,how,31.6,1,1,1,1,0,0,""
1822,discovered,"how to manifest new job",manifestation,how,31.6,1,1,1,1,0,0,""
1823,discovered,"how to manifest on paper",manifestation,how,31.6,1,1,1,1,0,0,""
1824,discovered,"how to manifest properly",manifestation,how,31.6,1,1,1,1,0,0,""
1825,discovered,"how to manifest the life you want",manifestation,how,31.6,1,1,1,1,0,0,""
1826,discovered,"how to manifest using your rising",manifestation,how,31.6,1,1,1,1,0,0,""
1827,discovered,"how to manifest virgo rising",manifestation,how,31.6,1,1,1,1,0,0,""
1828,discovered,"how to create manifest xml file",manifestation,how,31.6,1,1,1,1,0,0,""
1829,discovered,"how to attract zombies in minecraft",love_relationships,how,31.6,1,1,1,1,0,0,""
1830,discovered,"how to manifest money by writing on paper",manifestation,how,31.6,1,1,1,1,0,0,""
1831,discovered,"how to manifest money correctly",manifestation,how,31.6,1,1,1,1,0,0,""
1832,discovered,"how to manifest money during full moon",manifestation,how,31.6,1,1,1,1,0,0,""
1833,discovered,"how to manifest money effortlessly",manifestation,how,31.6,1,1,1,1,0,0,""
1834,discovered,"how to manifest getting money",manifestation,how,31.6,1,1,1,1,0,0,""
1835,discovered,"how to attract money in kannada",money_career,how,31.6,1,1,1,1,0,0,""
1836,discovered,"how to manifest money law of attraction",manifestation,how,31.6,1,1,1,1,0,0,""
1837,discovered,"how to manifest money mantra",manifestation,how,31.6,1,1,1,1,0,0,""
1838,discovered,"how to manifest money to buy a house",manifestation,how,31.6,1,1,1,1,0,0,""
1839,discovered,"how to manifest money using the o method",manifestation,how,31.6,1,1,1,1,0,0,""
1840,discovered,"how to manifest money youtube",manifestation,how,31.6,1,1,1,1,0,0,""
1841,discovered,"does manifestation even work",manifestation,yes_no,31.6,1,1,1,1,0,0,""
1842,discovered,"does manifestation hypnosis work",manifestation,yes_no,31.6,1,1,1,1,0,0,""
1843,discovered,"do manifestation journals work",manifestation,yes_no,31.6,1,1,1,1,0,0,""
1844,discovered,"does manifesting work mumsnet",manifestation,yes_no,31.6,1,1,1,1,0,0,""
1845,discovered,"does manifesting work psychology",manifestation,yes_no,31.6,1,1,1,1,0,0,""
1846,discovered,"does manifestation work scientifically",manifestation,yes_no,31.6,1,1,1,1,0,0,""
1847,discovered,"what is shadow work by carl jung",manifestation,wh,31.6,1,1,1,1,0,0,""
1848,discovered,"what is shadow work desire",manifestation,wh,31.6,1,1,1,1,0,0,""
1849,discovered,"what is shadow work exactly",manifestation,wh,31.6,1,1,1,1,0,0,""
1850,discovered,"what is shadow work for witches",manifestation,wh,31.6,1,1,1,1,0,0,""
1851,discovered,"what is shadow work good",manifestation,wh,31.6,1,1,1,1,0,0,""
1852,discovered,"what is shadow work healing",manifestation,wh,31.6,1,1,1,1,0,0,""
1853,discovered,"what is shadow work psychology",manifestation,wh,31.6,1,1,1,1,0,0,""
1854,discovered,"what is shadow work therapy",manifestation,wh,31.6,1,1,1,1,0,0,""
1855,discovered,"what is shadow work used",manifestation,wh,31.6,1,1,1,1,0,0,""
1856,discovered,"what is a shadow self vampire diaries",astrology,wh,31.6,1,1,1,1,0,0,""
1857,discovered,"what is shadow work witchcraft",manifestation,wh,31.6,1,1,1,1,0,0,""
1858,discovered,"what is shadow work youtube",manifestation,wh,31.6,1,1,1,1,0,0,""
1859,discovered,"am i being spiritually awakened",spiritual_awakening,yes_no,31.6,1,1,1,1,0,0,""
1860,discovered,"how do i spiritually awaken myself",spiritual_awakening,how,31.6,1,1,1,1,0,0,""
1861,discovered,"am i having a spiritual awakening or going crazy",spiritual_awakening,yes_no,31.6,1,1,1,1,0,0,""
1862,discovered,"who am i spiritual awakening",spiritual_awakening,wh,31.6,1,1,1,1,0,0,""
1863,discovered,"early signs of spiritual awakening",spiritual_awakening,signs,31.6,1,1,1,1,0,0,""
1864,discovered,"negative signs of spiritual awakening",spiritual_awakening,signs,31.6,1,1,1,1,0,0,""
1865,discovered,"signs of spiritual awakening youtube",spiritual_awakening,signs,31.6,1,1,1,1,0,0,""
1866,discovered,"what is a spiritual awakening aa",spiritual_awakening,wh,31.6,1,1,1,1,0,0,""
1867,discovered,"what is a spiritual awakening bible",spiritual_awakening,wh,31.6,1,1,1,1,0,0,""
1868,discovered,"what is spiritual awakening called",spiritual_awakening,wh,31.6,1,1,1,1,0,0,""
1869,discovered,"what exactly is a spiritual awakening",spiritual_awakening,wh,31.6,1,1,1,1,0,0,""
1870,discovered,"what is a spiritual awakening guide",spiritual_awakening,wh,31.6,1,1,1,1,0,0,""
1871,discovered,"what is having a spiritual awakening",spiritual_awakening,wh,31.6,1,1,1,1,0,0,""
1872,discovered,"what is a kundalini spiritual awakening",chakras_energy,wh,31.6,1,1,1,1,0,0,""
1873,discovered,"what is a spiritual awakening in na",spiritual_awakening,wh,31.6,1,1,1,1,0,0,""
1874,discovered,"what is a spiritual awakening person",spiritual_awakening,wh,31.6,1,1,1,1,0,0,""
1875,discovered,"what is a vortex spiritual awakening",spiritual_awakening,wh,31.6,1,1,1,1,0,0,""
1876,discovered,"what is kundalini yoga awakening",chakras_energy,wh,31.6,1,1,1,1,0,0,""
1877,discovered,"what is my spirit animal august",spiritual_awakening,wh,31.6,1,1,1,1,0,0,""
1878,discovered,"what is my spirit animal cancer",astrology,wh,31.6,1,1,1,1,0,0,""
1879,discovered,"what is my spirit animal december",spiritual_awakening,wh,31.6,1,1,1,1,0,0,""
1880,discovered,"what is my spirit animal efaq",spiritual_awakening,wh,31.6,1,1,1,1,0,0,""
1881,discovered,"what is my spirit animal gemini",astrology,wh,31.6,1,1,1,1,0,0,""
1882,discovered,"what is my spirit animal if i was born in september",spiritual_awakening,wh,31.6,1,1,1,1,0,0,""
1883,discovered,"what is my spirit animal january",spiritual_awakening,wh,31.6,1,1,1,1,0,0,""
1884,discovered,"what is my spirit animal libra",astrology,wh,31.6,1,1,1,1,0,0,""
1885,discovered,"what is my spirit animal march",spiritual_awakening,wh,31.6,1,1,1,1,0,0,""
1886,discovered,"what is my spirit animal october",spiritual_awakening,wh,31.6,1,1,1,1,0,0,""
1887,discovered,"what is my spirit animal pisces",astrology,wh,31.6,1,1,1,1,0,0,""
1888,discovered,"what is my spirit animal virgo",astrology,wh,31.6,1,1,1,1,0,0,""
1889,discovered,"how to find your spirit animal astrology",astrology,how,31.6,1,1,1,1,0,0,""
1890,discovered,"how to find your spirit animal by birthday",spiritual_awakening,how,31.6,1,1,1,1,0,0,""
1891,discovered,"how to find your chinese spirit animal",spiritual_awakening,how,31.6,1,1,1,1,0,0,""
1892,discovered,"how to find your spirit animal by date of birth",spiritual_awakening,how,31.6,1,1,1,1,0,0,""
1893,discovered,"find your spirit animal guided meditation",spiritual_awakening,noun,31.6,1,1,1,1,0,0,""
1894,discovered,"how to find your hawaiian spirit animal",spiritual_awakening,how,31.6,1,1,1,1,0,0,""
1895,discovered,"how to find your spirit animal meditation",spiritual_awakening,how,31.6,1,1,1,1,0,0,""
1896,discovered,"how to find your spirit animal based on birthday",spiritual_awakening,how,31.6,1,1,1,1,0,0,""
1897,discovered,"how to find a person's spirit animal",spiritual_awakening,how,31.6,1,1,1,1,0,0,""
1898,discovered,"how to find your viking spirit animal",spiritual_awakening,how,31.6,1,1,1,1,0,0,""
1899,discovered,"how to find your spirit animal zodiac",astrology,how,31.6,1,1,1,1,0,0,""
1900,discovered,"what does it mean when you see a monarch butterfly",signs_synchronicity,wh,31.6,1,1,1,1,0,0,""
1901,discovered,"what does it mean when you see a northern cardinal",signs_synchronicity,wh,31.6,1,1,1,1,0,0,""
1902,discovered,"what does it mean when you see a owl",signs_synchronicity,wh,31.6,1,1,1,1,0,0,""
1903,discovered,"what does it mean when you see a white butterfly",signs_synchronicity,wh,31.6,1,1,1,1,0,0,""
1904,discovered,"what does it mean when you see a yellow butterfly",signs_synchronicity,wh,31.6,1,1,1,1,0,0,""
1905,discovered,"why do i keep seeing cardinals",signs_synchronicity,wh,31.6,1,1,1,1,0,0,""
1906,discovered,"how to remove negative energy blocks",protection_energy,how,31.6,1,1,1,1,0,0,""
1907,discovered,"how to clear negative energy crystals",protection_energy,how,31.6,1,1,1,1,0,0,""
1908,discovered,"how to remove negative energy home",protection_energy,how,31.6,1,1,1,1,0,0,""
1909,discovered,"how to cleanse negative energy in house",protection_energy,how,31.6,1,1,1,1,0,0,""
1910,discovered,"how to remove negative energy from kids",protection_energy,how,31.6,1,1,1,1,0,0,""
1911,discovered,"how to cleanse bad luck energy",protection_energy,how,31.6,1,1,1,1,0,0,""
1912,discovered,"how to remove negative energy mantra",protection_energy,how,31.6,1,1,1,1,0,0,""
1913,discovered,"cleanse negative energy nyt",protection_energy,noun,31.6,1,1,1,1,0,0,""
1914,discovered,"how to get rid of negative energy quickly",protection_energy,how,31.6,1,1,1,1,0,0,""
1915,discovered,"how to cleanse negative energy from room",protection_energy,how,31.6,1,1,1,1,0,0,""
1916,discovered,"how to cleanse negative energy spiritually",protection_energy,how,31.6,1,1,1,1,0,0,""
1917,discovered,"how to cleanse negative energy in the house",protection_energy,how,31.6,1,1,1,1,0,0,""
1918,discovered,"how to remove negative energy from vehicle",protection_energy,how,31.6,1,1,1,1,0,0,""
1919,discovered,"am i cursed after watching incantation",protection_energy,yes_no,31.6,1,1,1,1,0,0,""
1920,discovered,"am i cursed child",protection_energy,yes_no,31.6,1,1,1,1,0,0,""
1921,discovered,"i am cursed documentary",protection_energy,noun,31.6,1,1,1,1,0,0,""
1922,discovered,"am i cursed egg",protection_energy,yes_no,31.6,1,1,1,1,0,0,""
1923,discovered,"am i cursed financially",protection_energy,yes_no,31.6,1,1,1,1,0,0,""
1924,discovered,"am i cursed gif",protection_energy,yes_no,31.6,1,1,1,1,0,0,""
1925,discovered,"i am cursed to use the tools of my enemy",protection_energy,noun,31.6,1,1,1,1,0,0,""
1926,discovered,"im cursed vivian green",protection_energy,noun,31.6,1,1,1,1,0,0,""
1927,discovered,"what is the evil eye dandadan",protection_energy,wh,31.6,1,1,1,1,0,0,""
1928,discovered,"what is the evil eye good",protection_energy,wh,31.6,1,1,1,1,0,0,""
1929,discovered,"what is the evil eye hand called",protection_energy,wh,31.6,1,1,1,1,0,0,""
1930,discovered,"what is the evil eye jewelry",protection_energy,wh,31.6,1,1,1,1,0,0,""
1931,discovered,"what is the evil eye known",protection_energy,wh,31.6,1,1,1,1,0,0,""
1932,discovered,"what is the evil eye look like",protection_energy,wh,31.6,1,1,1,1,0,0,""
1933,discovered,"what is the evil eye origin",protection_energy,wh,31.6,1,1,1,1,0,0,""
1934,discovered,"what is the evil eye protection",protection_energy,wh,31.6,1,1,1,1,0,0,""
1935,discovered,"what is the evil eye in quran",protection_energy,wh,31.6,1,1,1,1,0,0,""
1936,discovered,"what is the evil eye theory",protection_energy,wh,31.6,1,1,1,1,0,0,""
1937,discovered,"is the evil eye voodoo",protection_energy,yes_no,31.6,1,1,1,1,0,0,""
1938,discovered,"what is the evil eye with the hand",protection_energy,wh,31.6,1,1,1,1,0,0,""
1939,discovered,"what is the evil eye yokai",protection_energy,wh,31.6,1,1,1,1,0,0,""
1940,discovered,"zapp's evil eye",protection_energy,noun,31.6,1,1,1,1,0,0,""
1941,discovered,"what crystal is for beauty",crystals_rituals,wh,31.6,1,1,1,1,0,0,""
1942,discovered,"what crystal is for confidence",crystals_rituals,wh,31.6,1,1,1,1,0,0,""
1943,discovered,"what crystal is for december",crystals_rituals,wh,31.6,1,1,1,1,0,0,""
1944,discovered,"what crystal is for energy",crystals_rituals,wh,31.6,1,1,1,1,0,0,""
1945,discovered,"what crystal is for intelligence",crystals_rituals,wh,31.6,1,1,1,1,0,0,""
1946,discovered,"what crystal is for july",crystals_rituals,wh,31.6,1,1,1,1,0,0,""
1947,discovered,"what crystal is for knowledge",crystals_rituals,wh,31.6,1,1,1,1,0,0,""
1948,discovered,"what crystal is for new beginnings",crystals_rituals,wh,31.6,1,1,1,1,0,0,""
1949,discovered,"what crystal is for october",crystals_rituals,wh,31.6,1,1,1,1,0,0,""
1950,discovered,"what is crystal quartz",crystals_rituals,wh,31.6,1,1,1,1,0,0,""
1951,discovered,"what crystal is for remembrance",crystals_rituals,wh,31.6,1,1,1,1,0,0,""
1952,discovered,"what crystal is for strength",crystals_rituals,wh,31.6,1,1,1,1,0,0,""
1953,discovered,"what crystal is for taurus",astrology,wh,31.6,1,1,1,1,0,0,""
1954,discovered,"what crystal is for wealth",crystals_rituals,wh,31.6,1,1,1,1,0,0,""
1955,discovered,"what is crystal reports xi",crystals_rituals,wh,31.6,1,1,1,1,0,0,""
1956,discovered,"what crystal is yellow",crystals_rituals,wh,31.6,1,1,1,1,0,0,""
1957,discovered,"full moon ritual burning paper",crystals_rituals,noun,31.6,1,1,1,1,0,0,""
1958,discovered,"full moon ritual candle",crystals_rituals,noun,31.6,1,1,1,1,0,0,""
1959,discovered,"full moon ritual day after",crystals_rituals,noun,31.6,1,1,1,1,0,0,""
1960,discovered,"full moon ritual eventbrite",crystals_rituals,noun,31.6,1,1,1,1,0,0,""
1961,discovered,"full moon ritual for may",crystals_rituals,noun,31.6,1,1,1,1,0,0,""
1962,discovered,"full moon ritual guide",crystals_rituals,noun,31.6,1,1,1,1,0,0,""
1963,discovered,"full moon ritual herbs",crystals_rituals,noun,31.6,1,1,1,1,0,0,""
1964,discovered,"full moon ritual kit",crystals_rituals,noun,31.6,1,1,1,1,0,0,""
1965,discovered,"full moon ritual letting go",crystals_rituals,noun,31.6,1,1,1,1,0,0,""
1966,discovered,"full moon ritual near",crystals_rituals,noun,31.6,1,1,1,1,0,0,""
1967,discovered,"full moon ritual on the beach",crystals_rituals,noun,31.6,1,1,1,1,0,0,""
1968,discovered,"full moon ritual prayer",crystals_rituals,noun,31.6,1,1,1,1,0,0,""
1969,discovered,"full moon ritual quotes",crystals_rituals,noun,31.6,1,1,1,1,0,0,""
1970,discovered,"full moon ritual strawberry moon",crystals_rituals,noun,31.6,1,1,1,1,0,0,""
1971,discovered,"full moon ritual ubud",crystals_rituals,noun,31.6,1,1,1,1,0,0,""
1972,discovered,"full moon ritual vampire",crystals_rituals,noun,31.6,1,1,1,1,0,0,""
1973,discovered,"full moon ritual witchcraft",crystals_rituals,noun,31.6,1,1,1,1,0,0,""
1974,discovered,"full moon ritual yoga",crystals_rituals,noun,31.6,1,1,1,1,0,0,""
1975,discovered,"what are chakras blocked by",chakras_energy,wh,31.6,1,1,1,1,0,0,""
1976,discovered,"what are chakras colors",chakras_energy,wh,31.6,1,1,1,1,0,0,""
1977,discovered,"what are earth chakras",chakras_energy,wh,31.6,1,1,1,1,0,0,""
1978,discovered,"what are chakra gemstones",chakras_energy,wh,31.6,1,1,1,1,0,0,""
1979,discovered,"what are chakras hinduism",chakras_energy,wh,31.6,1,1,1,1,0,0,""
1980,discovered,"what are jiraiya's chakra nature",chakras_energy,wh,31.6,1,1,1,1,0,0,""
1981,discovered,"what are kundalini chakras",chakras_energy,wh,31.6,1,1,1,1,0,0,""
1982,discovered,"what are chakra levels",chakras_energy,wh,31.6,1,1,1,1,0,0,""
1983,discovered,"what are chakra natures in naruto",chakras_energy,wh,31.6,1,1,1,1,0,0,""
1984,discovered,"what are chakras of the body",chakras_energy,wh,31.6,1,1,1,1,0,0,""
1985,discovered,"what are chakra points",chakras_energy,wh,31.6,1,1,1,1,0,0,""
1986,discovered,"what are chakras yoga",chakras_energy,wh,31.6,1,1,1,1,0,0,""
1987,discovered,"how to unblock all chakras",chakras_energy,how,31.6,1,1,1,1,0,0,""
1988,discovered,"how to unblock chakras by yourself",chakras_energy,how,31.6,1,1,1,1,0,0,""
1989,discovered,"how to unblock crown chakra",chakras_energy,how,31.6,1,1,1,1,0,0,""
1990,discovered,"how to open different chakras",chakras_energy,how,31.6,1,1,1,1,0,0,""
1991,discovered,"how to unblock energy chakras",chakras_energy,how,31.6,1,1,1,1,0,0,""
1992,discovered,"how to open chakras for beginners",chakras_energy,how,31.6,1,1,1,1,0,0,""
1993,discovered,"how to unblock green chakra",chakras_energy,how,31.6,1,1,1,1,0,0,""
1994,discovered,"how to open kundalini chakra",chakras_energy,how,31.6,1,1,1,1,0,0,""
1995,discovered,"how to unblock lower chakras",chakras_energy,how,31.6,1,1,1,1,0,0,""
1996,discovered,"how to unblock my chakras",chakras_energy,how,31.6,1,1,1,1,0,0,""
1997,discovered,"how to open chakras naturally",chakras_energy,how,31.6,1,1,1,1,0,0,""
1998,discovered,"how to unblock orange chakra",chakras_energy,how,31.6,1,1,1,1,0,0,""
1999,discovered,"how to unlock chakras quest",chakras_energy,how,31.6,1,1,1,1,0,0,""
2000,discovered,"how to unblock sacral chakras",chakras_energy,how,31.6,1,1,1,1,0,0,""
2001,discovered,"how to unblock chakras tapping",chakras_energy,how,31.6,1,1,1,1,0,0,""
2002,discovered,"how to open up chakras",chakras_energy,how,31.6,1,1,1,1,0,0,""
2003,discovered,"how to unblock vishuddha chakra",chakras_energy,how,31.6,1,1,1,1,0,0,""
2004,discovered,"how can i know my past life",past_lives_karma,how,31.6,1,1,1,1,0,0,""
2005,discovered,"how to know your past life in astrology",astrology,how,31.6,1,1,1,1,0,0,""
2006,discovered,"how to know your past life by date of birth",past_lives_karma,how,31.6,1,1,1,1,0,0,""
2007,discovered,"how to know what my past life was",past_lives_karma,how,31.6,1,1,1,1,0,0,""
2008,discovered,"how you know your past life",past_lives_karma,how,31.6,1,1,1,1,0,0,""
2009,discovered,"how can mediums talk to the dead",grief_afterlife,how,31.6,1,1,1,1,0,0,""
2010,discovered,"medium talk to the dead near",grief_afterlife,noun,31.6,1,1,1,1,0,0,""
2011,discovered,"do mediums only talk to the dead",grief_afterlife,yes_no,31.6,1,1,1,1,0,0,""
2012,discovered,"mediums that can talk to the dead",grief_afterlife,noun,31.6,1,1,1,1,0,0,""
2013,discovered,"mediums who can talk to the dead",grief_afterlife,noun,31.6,1,1,1,1,0,0,""
2014,discovered,"signs deceased loved ones are around",grief_afterlife,signs,31.6,1,1,1,1,0,0,""
2015,discovered,"dragonfly signs from deceased loved ones",grief_afterlife,signs,31.6,1,1,1,1,0,0,""
2016,discovered,"signs from our deceased loved ones",grief_afterlife,signs,31.6,1,1,1,1,0,0,""
2017,discovered,"physical signs from deceased loved ones",grief_afterlife,signs,31.6,1,1,1,1,0,0,""
2018,discovered,"signs from the deceased loved ones",grief_afterlife,signs,31.6,1,1,1,1,0,0,""
2019,discovered,"what are signs from deceased loved ones",grief_afterlife,wh,31.6,1,1,1,1,0,0,""
2020,discovered,"signs from your deceased loved ones",grief_afterlife,signs,31.6,1,1,1,1,0,0,""
2021,discovered,"will i get the job astrology",astrology,yes_no,31.6,1,1,1,1,0,0,""
2022,discovered,"when will i get job by date of birth",money_career,wh,31.6,1,1,1,1,0,0,""
2023,discovered,"will carrick get the job",money_career,yes_no,31.6,1,1,1,1,0,0,""
2024,discovered,"will i get my dream job",dreams,yes_no,31.6,1,1,1,1,0,0,""
2025,discovered,"will i get a job eventually",money_career,yes_no,31.6,1,1,1,1,0,0,""
2026,discovered,"will i get the job horoscope",astrology,yes_no,31.6,1,1,1,1,0,0,""
2027,discovered,"who will get the lsu job",money_career,wh,31.6,1,1,1,1,0,0,""
2028,discovered,"will i get the new job",money_career,yes_no,31.6,1,1,1,1,0,0,""
2029,discovered,"will i get the job prediction",money_career,yes_no,31.6,1,1,1,1,0,0,""
2030,discovered,"will carrick get the united job",money_career,yes_no,31.6,1,1,1,1,0,0,""
2031,discovered,"when will i get job vedic astrology",astrology,wh,31.6,1,1,1,1,0,0,""
2032,discovered,"when will i get the job",money_career,wh,31.6,1,1,1,1,0,0,""
2033,discovered,"what is a life of purpose",money_career,wh,31.6,1,1,1,1,0,0,""
2034,discovered,"what is the life purpose of ticks",money_career,wh,31.6,1,1,1,1,0,0,""
2035,discovered,"what is a life with purpose",money_career,wh,31.6,1,1,1,1,0,0,""
2036,discovered,"what is your career path brainly",money_career,wh,31.6,1,1,1,1,0,0,""
2037,discovered,"what is my career path com",money_career,wh,31.6,1,1,1,1,0,0,""
2038,discovered,"what is the career path for data analyst",money_career,wh,31.6,1,1,1,1,0,0,""
2039,discovered,"what is the career path for a business analyst",money_career,wh,31.6,1,1,1,1,0,0,""
2040,discovered,"what is the career path given to enfp t",money_career,wh,31.6,1,1,1,1,0,0,""
2041,discovered,"what is the career path for a judge",money_career,wh,31.6,1,1,1,1,0,0,""
2042,discovered,"how to know what is my career path",money_career,how,31.6,1,1,1,1,0,0,""
2043,discovered,"what is the career path for lawyer",money_career,wh,31.6,1,1,1,1,0,0,""
2044,discovered,"what is my career path number",money_career,wh,31.6,1,1,1,1,0,0,""
2045,discovered,"what is the career path of a business analyst",money_career,wh,31.6,1,1,1,1,0,0,""
2046,discovered,"what is the career pathways program",money_career,wh,31.6,1,1,1,1,0,0,""
2047,discovered,"what is the career path for veterinarian",money_career,wh,31.6,1,1,1,1,0,0,""
2048,discovered,"what is the career path for wealth management",money_career,wh,31.6,1,1,1,1,0,0,""
2049,discovered,"what is the career path for zoologist",money_career,wh,31.6,1,1,1,1,0,0,""
2050,discovered,"what will the future hold bleach",money_career,wh,31.6,1,1,1,1,0,0,""
2051,discovered,"evangelion what will the future hold",money_career,noun,31.6,1,1,1,1,0,0,""
2052,discovered,"what does the future hold for generative ai",money_career,wh,31.6,1,1,1,1,0,0,""
2053,discovered,"what does the future hold ielts reading answers",money_career,wh,31.6,1,1,1,1,0,0,""
2054,discovered,"what does the future hold for nvidia",money_career,wh,31.6,1,1,1,1,0,0,""
2055,discovered,"what will the future hold ost",money_career,wh,31.6,1,1,1,1,0,0,""
2056,discovered,"what does the future hold for pisces",astrology,wh,31.6,1,1,1,1,0,0,""
2057,discovered,"what does my future hold tarot spread",tarot,wh,31.6,1,1,1,1,0,0,""
2058,discovered,"what does the future hold for venezuela",money_career,wh,31.6,1,1,1,1,0,0,""
2059,discovered,"what does the future hold with ai",money_career,wh,31.6,1,1,1,1,0,0,""
2060,discovered,"yhwach what will the future hold",money_career,noun,31.6,1,1,1,1,0,0,""
2061,discovered,"do you love me how to answer",love_relationships,yes_no,31.6,1,1,1,1,0,0,""
2062,discovered,"does she love me.tarot",tarot,yes_no,31.6,1,1,1,1,0,0,""
2063,discovered,"signs he will come back after no contact",love_relationships,signs,31.6,1,1,1,1,0,0,""
2064,discovered,"will she come back to me if i give her space",love_relationships,yes_no,31.6,1,1,1,1,0,0,""
2065,discovered,"will he come back free tarot reading",tarot,yes_no,31.6,1,1,1,1,0,0,""
2066,discovered,"how to know she's cheating",love_relationships,how,31.6,1,1,1,1,0,0,""
2067,discovered,"why did you ghost",grief_afterlife,wh,31.6,1,1,1,1,0,0,""
2068,discovered,"should i break up the roots when repotting flowers",love_relationships,yes_no,31.6,1,1,1,1,0,0,""
2069,discovered,"signs my relationship is toxic",love_relationships,signs,31.6,1,1,1,1,0,0,""
2070,discovered,"my ex came back",love_relationships,noun,31.6,1,1,1,1,0,0,""
2071,discovered,"signs my ex is coming back",love_relationships,signs,31.6,1,1,1,1,0,0,""
2072,discovered,"will my ex come back free reading",love_relationships,yes_no,31.6,1,1,1,1,0,0,""
2073,discovered,"how to know who is my soulmate",twin_flame_soulmate,how,31.6,1,1,1,1,0,0,""
2074,discovered,"when will i meet my soulmate zodiac",twin_flame_soulmate,wh,31.6,1,1,1,1,0,0,""
2075,discovered,"when will i meet my soulmate according to astrology",twin_flame_soulmate,wh,31.6,1,1,1,1,0,0,""
2076,discovered,"is he seeing someone else tarot",tarot,yes_no,31.6,1,1,1,1,0,0,""
2077,discovered,"signs i am psychic",psychic_abilities,signs,31.6,1,1,1,1,0,0,""
2078,discovered,"how to know i am psychic",psychic_abilities,how,31.6,1,1,1,1,0,0,""
2079,discovered,"signs i am an empath",psychic_abilities,signs,31.6,1,1,1,1,0,0,""
2080,discovered,"i am an empath married to a narcissist",psychic_abilities,noun,31.6,1,1,1,1,0,0,""
2081,discovered,"i am intuitive",psychic_abilities,noun,31.6,1,1,1,1,0,0,""
2082,discovered,"how to know if i am an intuitive person",psychic_abilities,how,31.6,1,1,1,1,0,0,""
2083,discovered,"how to meditate to develop psychic abilities",psychic_abilities,how,31.6,1,1,1,1,0,0,""
2084,discovered,"what is psychic ability",psychic_abilities,wh,31.6,1,1,1,1,0,0,""
2085,discovered,"how to learn to trust your intuition",psychic_abilities,how,31.6,1,1,1,1,0,0,""
2086,discovered,"i am a healer",psychic_abilities,noun,31.6,1,1,1,1,0,0,""
2087,discovered,"signs i am a healer",psychic_abilities,signs,31.6,1,1,1,1,0,0,""
2088,discovered,"how to know i am a healer",psychic_abilities,how,31.6,1,1,1,1,0,0,""
2089,discovered,"how to do tarot reading for zodiac",tarot,how,31.6,1,1,1,1,0,0,""
2090,discovered,"how to do a tarot reading to yourself",tarot,how,31.6,1,1,1,1,0,0,""
2091,discovered,"how to get a psychic reading",psychic_abilities,how,31.6,1,1,1,1,0,0,""
2092,discovered,"is psychic",psychic_abilities,yes_no,31.6,1,1,1,1,0,0,""
2093,discovered,"how to read tarot to yourself",tarot,how,31.6,1,1,1,1,0,0,""
2094,discovered,"tarot yes or no how",tarot,noun,31.6,1,1,1,1,0,0,""
2095,discovered,"what sign does the moon card represent",tarot,wh,31.6,1,1,1,1,0,0,""
2096,discovered,"what sign does the star card represents",tarot,wh,31.6,1,1,1,1,0,0,""
2097,discovered,"what is my moon sign how to know",astrology,wh,31.6,1,1,1,1,0,0,""
2098,discovered,"what's your zodiac",astrology,wh,31.6,1,1,1,1,0,0,""
2099,discovered,"what is my zodiac sign 13",astrology,wh,31.6,1,1,1,1,0,0,""
2100,discovered,"what is my zodiac sign how to know",astrology,wh,31.6,1,1,1,1,0,0,""
2101,discovered,"who were the big three quizlet",astrology,wh,31.6,1,1,1,1,0,0,""
2102,discovered,"mercury in retrograde meaning spiritual",astrology,meaning,31.6,1,1,1,1,0,0,""
2103,discovered,"mercury retrograde meaning to people",astrology,meaning,31.6,1,1,1,1,0,0,""
2104,discovered,"zodiac compatible to scorpio",astrology,noun,31.6,1,1,1,1,0,0,""
2105,discovered,"what is the best venus sign to have",astrology,wh,31.6,1,1,1,1,0,0,""
2106,discovered,"what degree is the north node",astrology,wh,31.6,1,1,1,1,0,0,""
2107,discovered,"what is saturn return",astrology,wh,31.6,1,1,1,1,0,0,""
2108,discovered,"my saturn return",astrology,noun,31.6,1,1,1,1,0,0,""
2109,discovered,"is astrology real according to science",astrology,yes_no,31.6,1,1,1,1,0,0,""
2110,discovered,"what is a cusp in zodiac",astrology,wh,31.6,1,1,1,1,0,0,""
2111,discovered,"what is chiron",astrology,wh,31.6,1,1,1,1,0,0,""
2112,discovered,"what is the chiron top speed",astrology,wh,31.6,1,1,1,1,0,0,""
2113,discovered,"what does 333 mean spiritual",angel_numbers,wh,31.6,1,1,1,1,0,0,""
2114,discovered,"what does 333 mean to jesus",angel_numbers,wh,31.6,1,1,1,1,0,0,""
2115,discovered,"what does 333 mean in freemasonry",angel_numbers,wh,31.6,1,1,1,1,0,0,""
2116,discovered,"what does 444 mean to jesus",angel_numbers,wh,31.6,1,1,1,1,0,0,""
2117,discovered,"what does 444 mean in freemasonry",angel_numbers,wh,31.6,1,1,1,1,0,0,""
2118,discovered,"what does 555 mean angel",angel_numbers,wh,31.6,1,1,1,1,0,0,""
2119,discovered,"what does the meaning 777",angel_numbers,wh,31.6,1,1,1,1,0,0,""
2120,discovered,"what does 777 mean to jesus",angel_numbers,wh,31.6,1,1,1,1,0,0,""
2121,discovered,"what does 777 mean in freemasonry",angel_numbers,wh,31.6,1,1,1,1,0,0,""
2122,discovered,"what does 888 mean to jesus",angel_numbers,wh,31.6,1,1,1,1,0,0,""
2123,discovered,"what does 999 mean in spiritual",angel_numbers,wh,31.6,1,1,1,1,0,0,""
2124,discovered,"what does 999 mean to juice wrld",angel_numbers,wh,31.6,1,1,1,1,0,0,""
2125,discovered,"what does 1212 mean in angel",angel_numbers,wh,31.6,1,1,1,1,0,0,""
2126,discovered,"what does 1010 mean in spiritual",angel_numbers,wh,31.6,1,1,1,1,0,0,""
2127,discovered,"what does 1010 angel",angel_numbers,wh,31.6,1,1,1,1,0,0,""
2128,discovered,"how to find life path number compatibility",angel_numbers,how,31.6,1,1,1,1,0,0,""
2129,discovered,"how to find your life path number",angel_numbers,how,31.6,1,1,1,1,0,0,""
2130,discovered,"what is the angel number meaning of 333",angel_numbers,wh,31.6,1,1,1,1,0,0,""
2131,discovered,"what does it mean when you dream about tarantulas",dreams,wh,31.6,1,1,1,1,0,0,""
2132,discovered,"what do common dream symbols",dreams,wh,31.6,1,1,1,1,0,0,""
2133,discovered,"what does dream mean to you",dreams,wh,31.6,1,1,1,1,0,0,""
2134,discovered,"lucid dreaming free course",dreams,noun,31.6,1,1,1,1,0,0,""
2135,discovered,"dreams are free quotes",dreams,noun,31.6,1,1,1,1,0,0,""
2136,discovered,"how to manifest test scores",manifestation,how,31.6,1,1,1,1,0,0,""
2137,discovered,"how to sign manifest",manifestation,how,31.6,1,1,1,1,0,0,""
2138,discovered,"how to attract money symbol",money_career,how,31.6,1,1,1,1,0,0,""
2139,discovered,"369 method how to write",manifestation,noun,31.6,1,1,1,1,0,0,""
2140,discovered,"369 method how to do",manifestation,noun,31.6,1,1,1,1,0,0,""
2141,discovered,"law of attraction toolbox",manifestation,noun,31.6,1,1,1,1,0,0,""
2142,discovered,"law of attraction free course",manifestation,noun,31.6,1,1,1,1,0,0,""
2143,discovered,"scripting manifestation how",manifestation,noun,31.6,1,1,1,1,0,0,""
2144,discovered,"raise your vibration",manifestation,noun,31.6,1,1,1,1,0,0,""
2145,discovered,"my spirit animal how to find",spiritual_awakening,noun,31.6,1,1,1,1,0,0,""
2146,discovered,"what is spiritual gift",psychic_abilities,wh,31.6,1,1,1,1,0,0,""
2147,discovered,"how to break curses according to the bible",protection_energy,how,31.6,1,1,1,1,0,0,""
2148,discovered,"what is a hex to decimal",protection_energy,wh,31.6,1,1,1,1,0,0,""
2149,discovered,"cleanse your aura",protection_energy,noun,31.6,1,1,1,1,0,0,""
2150,discovered,"what is crystal",crystals_rituals,wh,31.6,1,1,1,1,0,0,""
2151,discovered,"how to use sage to cleanse house",protection_energy,how,31.6,1,1,1,1,0,0,""
2152,discovered,"how to make spell jars to sell",crystals_rituals,how,31.6,1,1,1,1,0,0,""
2153,discovered,"how to make a freezer jar spell",crystals_rituals,how,31.6,1,1,1,1,0,0,""
2154,discovered,"crystals for test anxiety",crystals_rituals,noun,31.6,1,1,1,1,0,0,""
2155,discovered,"what is reiki symbols",chakras_energy,wh,31.6,1,1,1,1,0,0,""
2156,discovered,"what is reiki healing touch",chakras_energy,wh,31.6,1,1,1,1,0,0,""
2157,discovered,"what is karma free food",past_lives_karma,wh,31.6,1,1,1,1,0,0,""
2158,discovered,"what is a toxic karmic relationship",twin_flame_soulmate,wh,31.6,1,1,1,1,0,0,""
2159,discovered,"how does psychic work tos2",psychic_abilities,how,31.6,1,1,1,1,0,0,""
2160,discovered,"signs i am being haunted",grief_afterlife,signs,31.6,1,1,1,1,0,0,""
2161,discovered,"how to know if i am being haunted",grief_afterlife,how,31.6,1,1,1,1,0,0,""
2162,discovered,"signs i will be rich",money_career,signs,31.6,1,1,1,1,0,0,""
2163,discovered,"how to find a purpose to live",money_career,how,31.6,1,1,1,1,0,0,""
2164,discovered,"signs my relationship will last",love_relationships,signs,31.6,1,1,1,1,0,0,""
2165,discovered,"scripting manifestation method",manifestation,noun,31.5,2,1,1,1,0,3,""
2166,discovered,"manifestation signs and symptoms",manifestation,signs,31.5,2,1,1,1,0,3,""
2167,discovered,"will i be rich astrology",astrology,yes_no,31.5,2,1,1,1,0,3,""
2168,discovered,"does my crush want to kiss",love_relationships,yes_no,31.5,2,1,1,1,0,3,""
2169,discovered,"will he come back if he unfollowed",love_relationships,yes_no,31.5,2,1,1,1,0,3,""
2170,discovered,"how is tarot so",tarot,how,31.5,2,1,1,1,0,3,""
2171,discovered,"dream meaning snake trying to bite",dreams,meaning,31.5,2,1,1,1,0,3,""
2172,discovered,"does manifesting money work",manifestation,yes_no,31.5,2,1,1,1,0,3,""
2173,discovered,"is shadow work legit",manifestation,yes_no,31.5,2,1,1,1,0,3,""
2174,discovered,"what is the evil eye charm",protection_energy,wh,31.5,2,1,1,1,0,3,""
2175,discovered,"signs i should break up",love_relationships,signs,31.5,2,1,1,1,0,3,""
2176,discovered,"zodiac signs compatibility",astrology,signs,31.5,2,1,1,1,0,3,""
2177,discovered,"how to read tarot cards book",tarot,how,31.4,1,4,1,1,0,6,""
2178,discovered,"what does it mean when you keep on seeing angel numbers",angel_numbers,wh,31.4,1,4,1,1,0,5,""
2179,discovered,"does he still love me tarot spread",tarot,yes_no,31.2,1,2,1,1,0,2,""
2180,discovered,"does he miss me tarot spread",tarot,yes_no,31.2,1,2,1,1,0,2,""
2181,discovered,"does he miss me after a breakup",love_relationships,yes_no,31.2,1,2,1,1,0,2,""
2182,discovered,"is he serious about me or just playing",love_relationships,yes_no,31.2,1,2,1,1,0,2,""
2183,discovered,"is my relationship toxic quiz buzzfeed",love_relationships,yes_no,31.2,1,2,1,1,0,2,""
2184,discovered,"will he ever want a relationship with",love_relationships,yes_no,31.2,1,2,1,1,0,2,""
2185,discovered,"is he my twin flame pick a card",twin_flame_soulmate,yes_no,31.2,1,2,1,1,0,2,""
2186,discovered,"what is my intuition trying to tell",psychic_abilities,wh,31.2,1,2,1,1,0,2,""
2187,discovered,"what is clairsentient mean spiritually",psychic_abilities,wh,31.2,1,2,1,1,0,2,""
2188,discovered,"what is my chiron sign and house",astrology,wh,31.2,1,2,1,1,0,2,""
2189,discovered,"what does it mean when you dream about someone who passed away",dreams,wh,31.2,1,2,1,1,0,2,""
2190,discovered,"why do i keep dreaming about my boyfriend cheating on",dreams,wh,31.2,1,2,1,1,0,2,""
2191,discovered,"how long did manifest take to film",manifestation,how,31.2,1,2,1,1,0,2,""
2192,discovered,"what is shadow work in psychology",manifestation,wh,31.2,1,2,1,1,0,2,""
2193,discovered,"what is shadow work in tarot",manifestation,wh,31.2,1,2,1,1,0,2,""
2194,discovered,"how to manifest a specific person to fall in love with you on paper",manifestation,how,31.2,1,2,1,1,0,2,""
2195,discovered,"how to protect yourself from negative energy of others",protection_energy,how,31.2,1,2,1,1,0,2,""
2196,discovered,"what are chakras associated with",chakras_energy,wh,31.2,1,2,1,1,0,2,""
2197,discovered,"what are chakras in the body",chakras_energy,wh,31.2,1,2,1,1,0,2,""
2198,discovered,"how do you know if a psychic is real or not",psychic_abilities,how,31.2,1,2,1,1,0,2,""
2199,discovered,"will i get the job tomorrow",money_career,yes_no,31.2,1,2,1,1,0,2,""
2200,discovered,"does he love me more than i love him",love_relationships,yes_no,31.2,1,2,1,1,0,2,""
2201,discovered,"will he miss me if i block him",love_relationships,yes_no,31.2,1,2,1,1,0,2,""
2202,discovered,"will he miss me during no contact",love_relationships,yes_no,31.2,1,2,1,1,0,2,""
2203,discovered,"does my crush like me quiz for 12 year olds",love_relationships,yes_no,31.2,1,2,1,1,0,2,""
2204,discovered,"will he come back after pulling away",love_relationships,yes_no,31.2,1,2,1,1,0,2,""
2205,discovered,"is it cheating questions to ask your boyfriend",love_relationships,yes_no,31.2,1,2,1,1,0,2,""
2206,discovered,"am ia psychic vampire",psychic_abilities,noun,31.2,1,2,1,1,0,2,""
2207,discovered,"am i medium or large",grief_afterlife,yes_no,31.2,1,2,1,1,0,2,""
2208,discovered,"am i medium support needs autistic",grief_afterlife,yes_no,31.2,1,2,1,1,0,2,""
2209,discovered,"am i an empath quiz buzzfeed",psychic_abilities,yes_no,31.2,1,2,1,1,0,2,""
2210,discovered,"how long does it take to open third eye chakra",psychic_abilities,how,31.2,1,2,1,1,0,2,""
2211,discovered,"how to open your third eye in 1 minute in english",psychic_abilities,how,31.2,1,2,1,1,0,2,""
2212,discovered,"how to unlock the third eye of kosmos",psychic_abilities,how,31.2,1,2,1,1,0,2,""
2213,discovered,"how to open my third eye right",psychic_abilities,how,31.2,1,2,1,1,0,2,""
2214,discovered,"how to read tarot with uno cards",tarot,how,31.2,1,2,1,1,0,2,""
2215,discovered,"what does the death card mean in a tarot deck",tarot,wh,31.2,1,2,1,1,0,2,""
2216,discovered,"what does it mean if you get the death tarot card",tarot,wh,31.2,1,2,1,1,0,2,""
2217,discovered,"what does the death tarot card mean in love",tarot,wh,31.2,1,2,1,1,0,2,""
2218,discovered,"is tarot a real game",tarot,yes_no,31.2,1,2,1,1,0,2,""
2219,discovered,"is tarot or lenormand more",tarot,yes_no,31.2,1,2,1,1,0,2,""
2220,discovered,"tarot for yourself",tarot,noun,31.2,1,2,1,1,0,2,""
2221,discovered,"what is rising sign how to know",astrology,wh,31.2,1,2,1,1,0,2,""
2222,discovered,"pam gregory how to read your birth chart",astrology,noun,31.2,1,2,1,1,0,2,""
2223,discovered,"what does mercury retrograde mean and how does it affect sagittarius",astrology,wh,31.2,1,2,1,1,0,2,""
2224,discovered,"what does mercury retrograde mean in cancer",astrology,wh,31.2,1,2,1,1,0,2,""
2225,discovered,"what does mercury in retrograde mean for me right",astrology,wh,31.2,1,2,1,1,0,2,""
2226,discovered,"what does mercury in retrograde mean for virgo woman",astrology,wh,31.2,1,2,1,1,0,2,""
2227,discovered,"zodiac compatibility quiz buzzfeed",astrology,noun,31.2,1,2,1,1,0,2,""
2228,discovered,"what does 222 mean on jewelry",angel_numbers,wh,31.2,1,2,1,1,0,2,""
2229,discovered,"what does 222 mean to jesus",angel_numbers,wh,31.2,1,2,1,1,0,2,""
2230,discovered,"angel numbers meaning by curly nikki",angel_numbers,meaning,31.2,1,2,1,1,0,2,""
2231,discovered,"angel numbers meaning in malayalam",angel_numbers,meaning,31.2,1,2,1,1,0,2,""
2232,discovered,"what is my numerology life path number",angel_numbers,wh,31.2,1,2,1,1,0,2,""
2233,discovered,"what is the life path number 11 compatible with",angel_numbers,wh,31.2,1,2,1,1,0,2,""
2234,discovered,"what is my life number in numerology",angel_numbers,wh,31.2,1,2,1,1,0,2,""
2235,discovered,"what does it mean when you dream about your partner cheating",dreams,wh,31.2,1,2,1,1,0,2,""
2236,discovered,"why do i keep dreaming about getting kidnapped",dreams,wh,31.2,1,2,1,1,0,2,""
2237,discovered,"dream about snake bite meaning spiritual",dreams,meaning,31.2,1,2,1,1,0,2,""
2238,discovered,"dream about green snake meaning spiritual",dreams,meaning,31.2,1,2,1,1,0,2,""
2239,discovered,"dream about lots of snakes",dreams,noun,31.2,1,2,1,1,0,2,""
2240,discovered,"how to manifest your aura in vv",manifestation,how,31.2,1,2,1,1,0,2,""
2241,discovered,"how to manifest money and abundance",manifestation,how,31.2,1,2,1,1,0,2,""
2242,discovered,"how to manifest money and good luck",manifestation,how,31.2,1,2,1,1,0,2,""
2243,discovered,"how to manifest money with crystals",manifestation,how,31.2,1,2,1,1,0,2,""
2244,discovered,"how to manifest money same day",manifestation,how,31.2,1,2,1,1,0,2,""
2245,discovered,"how to manifest money out of thin air",manifestation,how,31.2,1,2,1,1,0,2,""
2246,discovered,"does manifestation work for health",manifestation,yes_no,31.2,1,2,1,1,0,2,""
2247,discovered,"does manifestation work in real life",manifestation,yes_no,31.2,1,2,1,1,0,2,""
2248,discovered,"what is shadow work for trauma",manifestation,wh,31.2,1,2,1,1,0,2,""
2249,discovered,"what is shadow work journal prompts",manifestation,wh,31.2,1,2,1,1,0,2,""
2250,discovered,"what is shadow work tarot reading",manifestation,wh,31.2,1,2,1,1,0,2,""
2251,discovered,"signs of a twin flame spiritual awakening",twin_flame_soulmate,signs,31.2,1,2,1,1,0,2,""
2252,discovered,"physical symptoms of spiritual awakening",spiritual_awakening,noun,31.2,1,2,1,1,0,2,""
2253,discovered,"what was your spiritual awakening",spiritual_awakening,wh,31.2,1,2,1,1,0,2,""
2254,discovered,"what are spiritual awakening",spiritual_awakening,wh,31.2,1,2,1,1,0,2,""
2255,discovered,"what is your spirit animal and why",spiritual_awakening,wh,31.2,1,2,1,1,0,2,""
2256,discovered,"what is my spirit animal harry potter",spiritual_awakening,wh,31.2,1,2,1,1,0,2,""
2257,discovered,"how do you find your spirit guide",psychic_abilities,how,31.2,1,2,1,1,0,2,""
2258,discovered,"how to cleanse negative energy from clothing",protection_energy,how,31.2,1,2,1,1,0,2,""
2259,discovered,"how to remove negative energy from used clothes",protection_energy,how,31.2,1,2,1,1,0,2,""
2260,discovered,"how to clear negative energy in a relationship",protection_energy,how,31.2,1,2,1,1,0,2,""
2261,discovered,"how to remove negative energy in the house",protection_energy,how,31.2,1,2,1,1,0,2,""
2262,discovered,"how to remove negative energy with lemon",protection_energy,how,31.2,1,2,1,1,0,2,""
2263,discovered,"am i cursed by someone",protection_energy,yes_no,31.2,1,2,1,1,0,2,""
2264,discovered,"am i cursed if i don't tithe",protection_energy,yes_no,31.2,1,2,1,1,0,2,""
2265,discovered,"i am looking cursed emoji",protection_energy,noun,31.2,1,2,1,1,0,2,""
2266,discovered,"i am curse for everyone",protection_energy,noun,31.2,1,2,1,1,0,2,""
2267,discovered,"am i pretty curse jjk",protection_energy,yes_no,31.2,1,2,1,1,0,2,""
2268,discovered,"i am cursed with knowledge meme",protection_energy,noun,31.2,1,2,1,1,0,2,""
2269,discovered,"am i cursed tarot spread",tarot,yes_no,31.2,1,2,1,1,0,2,""
2270,discovered,"difference between cursed and cursed",protection_energy,noun,31.2,1,2,1,1,0,2,""
2271,discovered,"what is the evil eye a symbol",protection_energy,wh,31.2,1,2,1,1,0,2,""
2272,discovered,"what is the evil eye real name",protection_energy,wh,31.2,1,2,1,1,0,2,""
2273,discovered,"full moon ritual for kids",crystals_rituals,noun,31.2,1,2,1,1,0,2,""
2274,discovered,"how to open chakras in our body",chakras_energy,how,31.2,1,2,1,1,0,2,""
2275,discovered,"how to open your chakras",chakras_energy,how,31.2,1,2,1,1,0,2,""
2276,discovered,"how to see your past life in a mirror",past_lives_karma,how,31.2,1,2,1,1,0,2,""
2277,discovered,"how to know what you were in your past life",past_lives_karma,how,31.2,1,2,1,1,0,2,""
2278,discovered,"will i get job after bba",money_career,yes_no,31.2,1,2,1,1,0,2,""
2279,discovered,"when will i get job free prediction by date of birth",money_career,wh,31.2,1,2,1,1,0,2,""
2280,discovered,"will i find a job",money_career,yes_no,31.2,1,2,1,1,0,2,""
2281,discovered,"what is the career path in sales",money_career,wh,31.2,1,2,1,1,0,2,""
2282,discovered,"what is the career path for project manager",money_career,wh,31.2,1,2,1,1,0,2,""
2283,discovered,"what is my ideal career path",money_career,wh,31.2,1,2,1,1,0,2,""
2284,discovered,"what does the future hold for bitcoin",money_career,wh,31.2,1,2,1,1,0,2,""
2285,discovered,"what does the future hold for electric vehicles",money_career,wh,31.2,1,2,1,1,0,2,""
2286,discovered,"what does the future holds for the textile industry",money_career,wh,31.2,1,2,1,1,0,2,""
2287,discovered,"what does the future hold for us poem",money_career,wh,31.2,1,2,1,1,0,2,""
2288,discovered,"why did he suddenly ghost",grief_afterlife,wh,31.2,1,2,1,1,0,2,""
2289,discovered,"how to know if your ex will ever come back",love_relationships,how,31.2,1,2,1,1,0,2,""
2290,discovered,"what is the difference between being an empath and being empathetic",psychic_abilities,wh,31.2,1,2,1,1,0,2,""
2291,discovered,"tarot yes or no questions to ask",tarot,noun,31.2,1,2,1,1,0,2,""
2292,discovered,"is there a certain way to shuffle tarot cards",tarot,yes_no,31.2,1,2,1,1,0,2,""
2293,discovered,"what does each part of your birth chart",astrology,wh,31.2,1,2,1,1,0,2,""
2294,discovered,"how do you find out what your north node",astrology,how,31.2,1,2,1,1,0,2,""
2295,discovered,"what counts as a cusp",astrology,wh,31.2,1,2,1,1,0,2,""
2296,discovered,"what does. 333",angel_numbers,wh,31.2,1,2,1,1,0,2,""
2297,discovered,"whats the meaning behind 777",angel_numbers,meaning,31.2,1,2,1,1,0,2,""
2298,discovered,"what does it mean if i keep on seeing 1111",angel_numbers,wh,31.2,1,2,1,1,0,2,""
2299,discovered,"what are akashic records",psychic_abilities,wh,31.2,1,2,1,1,0,2,""
2300,discovered,"how does chakra healing work",chakras_energy,how,31.2,1,2,1,1,0,2,""
2301,discovered,"how do you know when your manifestation is coming",manifestation,how,31.2,1,2,2,0,0,2,""
2302,discovered,"what does it mean to do shadow work",manifestation,wh,31.2,1,2,2,0,0,2,""
2303,discovered,"what is meant by awakening",spiritual_awakening,wh,31.2,1,2,2,0,0,2,""
2304,discovered,"when will i meet my soulmate astrology",twin_flame_soulmate,wh,31.1,2,2,1,1,0,5,""
2305,discovered,"what is my life path number 4",angel_numbers,wh,31.1,2,2,1,1,0,6,""
2306,discovered,"what is my life path number 7",angel_numbers,wh,31.1,2,2,1,1,0,8,""
2307,discovered,"dark night of the soul album",spiritual_awakening,noun,31.1,2,2,1,1,0,8,""
2308,discovered,"dark night of the soul twin flame",twin_flame_soulmate,noun,31.1,2,2,1,1,0,9,""
2309,discovered,"why do i keep seeing 333",angel_numbers,wh,31.1,2,2,1,1,0,5,""
2310,discovered,"past life regression meditation",past_lives_karma,noun,31.1,2,2,1,1,0,5,""
2311,discovered,"will i be rich in future",money_career,yes_no,31.1,2,2,1,1,0,7,""
2312,discovered,"is he cheating on you",love_relationships,yes_no,31.1,2,2,1,1,0,5,""
2313,discovered,"are tarot apps",tarot,yes_no,31.1,2,2,1,1,0,5,""
2314,discovered,"how can i read my birth chart",astrology,how,31.1,2,2,1,1,0,8,""
2315,discovered,"does manifesting someone work",manifestation,yes_no,31.1,2,2,1,1,0,5,""
2316,discovered,"what is crystal disk info",crystals_rituals,wh,31.1,2,2,1,1,0,8,""
2317,discovered,"what is crystal name",crystals_rituals,wh,31.1,2,2,1,1,0,7,""
2318,discovered,"how to open all chakras",chakras_energy,how,31.1,2,2,1,1,0,6,""
2319,discovered,"my career path",money_career,noun,31.1,2,2,1,1,0,5,""
2320,discovered,"am i insecure or is she cheating",love_relationships,yes_no,31.1,2,2,1,1,0,8,""
2321,discovered,"can you ask tarot yes or no questions",tarot,yes_no,31.1,2,2,1,1,0,5,""
2322,discovered,"what is your zodiac",astrology,wh,31.1,2,2,1,1,0,6,""
2323,seed,"dream about my ex",dreams,noun,30.9,5,1,0,0,0,0,""
2324,discovered,"does my crush like me back buzzfeed",love_relationships,yes_no,30.8,1,3,1,1,0,4,""
2325,discovered,"what does 222 mean in relationships",angel_numbers,wh,30.8,1,3,1,1,0,4,""
2326,discovered,"does he love me quiz buzzfeed",love_relationships,yes_no,30.8,1,3,1,1,0,4,""
2327,discovered,"is it cheating to use chatgpt for ideas",love_relationships,yes_no,30.8,1,3,1,1,0,4,""
2328,discovered,"why am i having psychic dreams",dreams,wh,30.8,1,3,1,1,0,4,""
2329,discovered,"easiest way to open third eye",psychic_abilities,noun,30.8,1,3,1,1,0,4,""
2330,discovered,"what does angel.number 1111",angel_numbers,wh,30.8,1,3,1,1,0,4,""
2331,discovered,"why do i keep dreaming about someone trying to kill",dreams,wh,30.8,1,3,1,1,0,4,""
2332,discovered,"why do i keep dreaming about the same thing",dreams,wh,30.8,1,3,1,1,0,4,""
2333,discovered,"what is the best way to manifest money",manifestation,wh,30.8,1,3,1,1,0,4,""
2334,discovered,"what are the seven signs of spiritual awakening",spiritual_awakening,wh,30.8,1,3,1,1,0,4,""
2335,discovered,"what does a spiritual awakening feel like physically",spiritual_awakening,wh,30.8,1,3,1,1,0,4,""
2336,discovered,"what is my spirit animal quiz wikihow",spiritual_awakening,wh,30.8,1,3,1,1,0,4,""
2337,discovered,"how to find out what your spirit animal is by birthday",spiritual_awakening,how,30.8,1,3,1,1,0,4,""
2338,discovered,"signs a deceased loved one is trying to communicate with you",grief_afterlife,signs,30.8,1,3,1,1,0,4,""
2339,discovered,"will i get govt job astrology",astrology,yes_no,30.8,1,3,1,1,0,4,""
2340,discovered,"what is the career path to coo",money_career,wh,30.8,1,3,1,1,0,4,""
2341,discovered,"why do you keep seeing 1111",angel_numbers,wh,30.8,1,3,1,1,0,4,""
2342,discovered,"why won't he commit to a relationship",love_relationships,wh,30.6,1,1,1,1,0,1,""
2343,discovered,"signs he loves you while cuddling",love_relationships,signs,30.6,1,1,1,1,0,1,""
2344,discovered,"how to tell if he loves you but is hiding",love_relationships,how,30.6,1,1,1,1,0,1,""
2345,discovered,"twin flame vs soulmate vs soul tie",twin_flame_soulmate,noun,30.6,1,1,1,1,0,1,""
2346,discovered,"is he dating someone else facebook",love_relationships,yes_no,30.6,1,1,1,1,0,1,""
2347,discovered,"does he think about me tarot",tarot,yes_no,30.6,1,1,1,1,0,1,""
2348,discovered,"what is clairaudience and clairvoyance",psychic_abilities,wh,30.6,1,1,1,1,0,1,""
2349,discovered,"am i a healer or protector",psychic_abilities,yes_no,30.6,1,1,1,1,0,1,""
2350,discovered,"how to do a psychic reading on someone",psychic_abilities,how,30.6,1,1,1,1,0,1,""
2351,discovered,"is being clairvoyant",psychic_abilities,yes_no,30.6,1,1,1,1,0,1,""
2352,discovered,"how to do a tarot reading for yourself",tarot,how,30.6,1,1,1,1,0,1,""
2353,discovered,"what does the tower card",tarot,wh,30.6,1,1,1,1,0,1,""
2354,discovered,"what does the lovers card",tarot,wh,30.6,1,1,1,1,0,1,""
2355,discovered,"what does the moon card",tarot,wh,30.6,1,1,1,1,0,1,""
2356,discovered,"how to shuffle tarot cards with small hands",tarot,how,30.6,1,1,1,1,0,1,""
2357,discovered,"what is your tarot birth card",tarot,wh,30.6,1,1,1,1,0,1,""
2358,discovered,"what does the star card",tarot,wh,30.6,1,1,1,1,0,1,""
2359,discovered,"what is my moon sign and rising",astrology,wh,30.6,1,1,1,1,0,1,""
2360,discovered,"what is my sun sign and moon",astrology,wh,30.6,1,1,1,1,0,1,""
2361,discovered,"what is my big three astrology",astrology,wh,30.6,1,1,1,1,0,1,""
2362,discovered,"mercury retrograde meaning astrology",astrology,meaning,30.6,1,1,1,1,0,1,""
2363,discovered,"what sign is compatible with scorpio man",astrology,wh,30.6,1,1,1,1,0,1,""
2364,discovered,"what is my north node astrology",astrology,wh,30.6,1,1,1,1,0,1,""
2365,discovered,"what is my saturn return date",astrology,wh,30.6,1,1,1,1,0,1,""
2366,discovered,"what does retrograde mean in astrology",astrology,wh,30.6,1,1,1,1,0,1,""
2367,discovered,"what does 333 mean in angel numbers",angel_numbers,wh,30.6,1,1,1,1,0,1,""
2368,discovered,"what does 444 mean in angel numbers",angel_numbers,wh,30.6,1,1,1,1,0,1,""
2369,discovered,"what does 555 mean in angel numbers",angel_numbers,wh,30.6,1,1,1,1,0,1,""
2370,discovered,"what does 777 mean spiritually",angel_numbers,wh,30.6,1,1,1,1,0,1,""
2371,discovered,"what does 888 mean in angel numbers",angel_numbers,wh,30.6,1,1,1,1,0,1,""
2372,discovered,"what does 999 mean in angel numbers",angel_numbers,wh,30.6,1,1,1,1,0,1,""
2373,discovered,"what does 1212 mean spiritually",angel_numbers,wh,30.6,1,1,1,1,0,1,""
2374,discovered,"what does 1010 mean spiritually",angel_numbers,wh,30.6,1,1,1,1,0,1,""
2375,discovered,"angel numbers meanings chart",angel_numbers,noun,30.6,1,1,1,1,0,1,""
2376,discovered,"how to calculate life path number in numerology",angel_numbers,how,30.6,1,1,1,1,0,1,""
2377,discovered,"why do i keep seeing 1111 on the clock",angel_numbers,wh,30.6,1,1,1,1,0,1,""
2378,discovered,"what does 1234",angel_numbers,wh,30.6,1,1,1,1,0,1,""
2379,discovered,"what does it mean to dream about your ex boyfriend",dreams,wh,30.6,1,1,1,1,0,1,""
2380,discovered,"what does it mean to dream about someone dying",dreams,wh,30.6,1,1,1,1,0,1,""
2381,discovered,"what do dreams mean in the bible",dreams,wh,30.6,1,1,1,1,0,1,""
2382,discovered,"dream about water meaning spiritual",dreams,meaning,30.6,1,1,1,1,0,1,""
2383,discovered,"dream about losing teeth",dreams,noun,30.6,1,1,1,1,0,1,""
2384,discovered,"dream about being hunted",dreams,noun,30.6,1,1,1,1,0,1,""
2385,discovered,"dream about spiders meaning spiritual",dreams,meaning,30.6,1,1,1,1,0,1,""
2386,discovered,"dream about babies meaning spiritual",dreams,meaning,30.6,1,1,1,1,0,1,""
2387,discovered,"dream about death meaning of a loved one",dreams,meaning,30.6,1,1,1,1,0,1,""
2388,discovered,"lucid dreaming how to stop",dreams,noun,30.6,1,1,1,1,0,1,""
2389,discovered,"are dreams messages from god",dreams,yes_no,30.6,1,1,1,1,0,1,""
2390,discovered,"recurring dreams meaning spiritual",dreams,meaning,30.6,1,1,1,1,0,1,""
2391,discovered,"what does it mean when you dream about someone you like kissing you",dreams,wh,30.6,1,1,1,1,0,1,""
2392,discovered,"what does it mean when you dream about someone you like with someone else",dreams,wh,30.6,1,1,1,1,0,1,""
2393,discovered,"law of attraction how to use",manifestation,noun,30.6,1,1,1,1,0,1,""
2394,discovered,"what is the law of assumption and how does it work",manifestation,wh,30.6,1,1,1,1,0,1,""
2395,discovered,"manifestation signs from the universe",manifestation,signs,30.6,1,1,1,1,0,1,""
2396,discovered,"how to raise your vibrational frequency",manifestation,how,30.6,1,1,1,1,0,1,""
2397,discovered,"what is the 555 method for boiling eggs",angel_numbers,wh,30.6,1,1,1,1,0,1,""
2398,discovered,"spiritual awakening symptoms physical",spiritual_awakening,noun,30.6,1,1,1,1,0,1,""
2399,discovered,"what is the akashic records for beginners",psychic_abilities,wh,30.6,1,1,1,1,0,1,""
2400,discovered,"what are synchronicities in spirituality",signs_synchronicity,wh,30.6,1,1,1,1,0,1,""
2401,discovered,"why do i keep seeing repeating numbers on the clock",angel_numbers,wh,30.6,1,1,1,1,0,1,""
2402,discovered,"butterfly meaning spiritual bible",signs_synchronicity,meaning,30.6,1,1,1,1,0,1,""
2403,discovered,"hummingbird meaning spiritual love",signs_synchronicity,meaning,30.6,1,1,1,1,0,1,""
2404,discovered,"what does a sign from the universe look like",signs_synchronicity,wh,30.6,1,1,1,1,0,1,""
2405,discovered,"how to protect yourself from negative energy at work",protection_energy,how,30.6,1,1,1,1,0,1,""
2406,discovered,"how to break a curse witchcraft",protection_energy,how,30.6,1,1,1,1,0,1,""
2407,discovered,"how to get rid of negative energy in your home",protection_energy,how,30.6,1,1,1,1,0,1,""
2408,discovered,"how to cleanse your aura with salt",protection_energy,how,30.6,1,1,1,1,0,1,""
2409,discovered,"what is grounding yourself spiritually",protection_energy,wh,30.6,1,1,1,1,0,1,""
2410,discovered,"how to do a cleansing ritual on yourself",protection_energy,how,30.6,1,1,1,1,0,1,""
2411,discovered,"signs of negative energy around you at night",protection_energy,signs,30.6,1,1,1,1,0,1,""
2412,discovered,"crystals for protection against negative energy",protection_energy,noun,30.6,1,1,1,1,0,1,""
2413,discovered,"crystals for love spells",crystals_rituals,noun,30.6,1,1,1,1,0,1,""
2414,discovered,"how to cleanse crystals at home",protection_energy,how,30.6,1,1,1,1,0,1,""
2415,discovered,"full moon rituals for july",crystals_rituals,noun,30.6,1,1,1,1,0,1,""
2416,discovered,"what to do on a full moon for love",crystals_rituals,wh,30.6,1,1,1,1,0,1,""
2417,discovered,"new moon rituals september",crystals_rituals,noun,30.6,1,1,1,1,0,1,""
2418,discovered,"moon phases meaning astrology",astrology,meaning,30.6,1,1,1,1,0,1,""
2419,discovered,"how to do candle magic for love",crystals_rituals,how,30.6,1,1,1,1,0,1,""
2420,discovered,"what is a protection spell jar",protection_energy,wh,30.6,1,1,1,1,0,1,""
2421,discovered,"how to make a spell jar for someone else",crystals_rituals,how,30.6,1,1,1,1,0,1,""
2422,discovered,"what to do on a new moon spiritual",crystals_rituals,wh,30.6,1,1,1,1,0,1,""
2423,discovered,"how to use a pendulum board",crystals_rituals,how,30.6,1,1,1,1,0,1,""
2424,discovered,"how to charge crystals in moonlight",crystals_rituals,how,30.6,1,1,1,1,0,1,""
2425,discovered,"how to balance chakras for beginners",chakras_energy,how,30.6,1,1,1,1,0,1,""
2426,discovered,"energy healing how",chakras_energy,noun,30.6,1,1,1,1,0,1,""
2427,discovered,"what is a chakra blockage",chakras_energy,wh,30.6,1,1,1,1,0,1,""
2428,discovered,"what is the third eye chakra responsible",psychic_abilities,wh,30.6,1,1,1,1,0,1,""
2429,discovered,"signs of a closed heart chakra",chakras_energy,signs,30.6,1,1,1,1,0,1,""
2430,discovered,"what is energy healing and how does it work",chakras_energy,wh,30.6,1,1,1,1,0,1,""
2431,discovered,"past life regression near",past_lives_karma,noun,30.6,1,1,1,1,0,1,""
2432,discovered,"what is karma on",past_lives_karma,wh,30.6,1,1,1,1,0,1,""
2433,discovered,"how to clear karma from past life",past_lives_karma,how,30.6,1,1,1,1,0,1,""
2434,discovered,"what is a karmic relationship in astrology",twin_flame_soulmate,wh,30.6,1,1,1,1,0,1,""
2435,discovered,"karmic vs twin flame vs soulmate",twin_flame_soulmate,noun,30.6,1,1,1,1,0,1,""
2436,discovered,"past life signs astrology",astrology,signs,30.6,1,1,1,1,0,1,""
2437,discovered,"how to break karmic ties",past_lives_karma,how,30.6,1,1,1,1,0,1,""
2438,discovered,"can psychics talk to the dead",psychic_abilities,yes_no,30.6,1,1,1,1,0,1,""
2439,discovered,"how to talk to a loved one who passed away",grief_afterlife,how,30.6,1,1,1,1,0,1,""
2440,discovered,"do mediums work with police",grief_afterlife,yes_no,30.6,1,1,1,1,0,1,""
2441,discovered,"are mediums real or fake",grief_afterlife,yes_no,30.6,1,1,1,1,0,1,""
2442,discovered,"are my loved ones watching me from heaven",grief_afterlife,yes_no,30.6,1,1,1,1,0,1,""
2443,discovered,"am i being haunted by a demon",grief_afterlife,yes_no,30.6,1,1,1,1,0,1,""
2444,discovered,"what is a spirit guide in witchcraft",psychic_abilities,wh,30.6,1,1,1,1,0,1,""
2445,discovered,"am i on the right path tarot spread",tarot,yes_no,30.6,1,1,1,1,0,1,""
2446,discovered,"what is my destiny number",money_career,wh,30.6,1,1,1,1,0,1,""
2447,discovered,"how to know my purpose on earth",money_career,how,30.6,1,1,1,1,0,1,""
2448,discovered,"does he love me as much as i love him",love_relationships,yes_no,30.6,1,1,1,1,0,1,""
2449,discovered,"she is love me com",love_relationships,noun,30.6,1,1,1,1,0,1,""
2450,discovered,"does he love me does he love me not flower",love_relationships,yes_no,30.6,1,1,1,1,0,1,""
2451,discovered,"he loves me how do i know",love_relationships,noun,30.6,1,1,1,1,0,1,""
2452,discovered,"does he love me long distance relationship",love_relationships,yes_no,30.6,1,1,1,1,0,1,""
2453,discovered,"does he love me more than his first wife",love_relationships,yes_no,30.6,1,1,1,1,0,1,""
2454,discovered,"he loves me passive voice",love_relationships,noun,30.6,1,1,1,1,0,1,""
2455,discovered,"does he love me still",love_relationships,yes_no,30.6,1,1,1,1,0,1,""
2456,discovered,"does he love me tell me yes he do",love_relationships,yes_no,30.6,1,1,1,1,0,1,""
2457,discovered,"he loves me vanna vanna",love_relationships,noun,30.6,1,1,1,1,0,1,""
2458,discovered,"do you still love me ella mai album",love_relationships,yes_no,30.6,1,1,1,1,0,1,""
2459,discovered,"will he miss me if i go silent",love_relationships,yes_no,30.6,1,1,1,1,0,1,""
2460,discovered,"does he miss me in no contact",love_relationships,yes_no,30.6,1,1,1,1,0,1,""
2461,discovered,"does miss me jeans make plus size",love_relationships,yes_no,30.6,1,1,1,1,0,1,""
2462,discovered,"will he miss me if he lost feelings",love_relationships,yes_no,30.6,1,1,1,1,0,1,""
2463,discovered,"does he miss me quotes",love_relationships,yes_no,30.6,1,1,1,1,0,1,""
2464,discovered,"why does he miss",love_relationships,wh,30.6,1,1,1,1,0,1,""
2465,discovered,"does my crush like me at school",love_relationships,yes_no,30.6,1,1,1,1,0,1,""
2466,discovered,"does my crush like me elementary school",love_relationships,yes_no,30.6,1,1,1,1,0,1,""
2467,discovered,"does my crush like me gay",love_relationships,yes_no,30.6,1,1,1,1,0,1,""
2468,discovered,"does my crush like me kids",love_relationships,yes_no,30.6,1,1,1,1,0,1,""
2469,discovered,"does my crush like me over text",love_relationships,yes_no,30.6,1,1,1,1,0,1,""
2470,discovered,"does my crush like me primary school",love_relationships,yes_no,30.6,1,1,1,1,0,1,""
2471,discovered,"will he come back if he blocked",love_relationships,yes_no,30.6,1,1,1,1,0,1,""
2472,discovered,"when does it come back on",love_relationships,wh,30.6,1,1,1,1,0,1,""
2473,discovered,"will he come back to see you",love_relationships,yes_no,30.6,1,1,1,1,0,1,""
2474,discovered,"is he cheating cs2",love_relationships,yes_no,30.6,1,1,1,1,0,1,""
2475,discovered,"is it cheating during talking stage",love_relationships,yes_no,30.6,1,1,1,1,0,1,""
2476,discovered,"is he emotionally cheating on",love_relationships,yes_no,30.6,1,1,1,1,0,1,""
2477,discovered,"is he cheating girl i don't know",love_relationships,yes_no,30.6,1,1,1,1,0,1,""
2478,discovered,"is he cheating on his girlfriend with",love_relationships,yes_no,30.6,1,1,1,1,0,1,""
2479,discovered,"is he cheating or just stressed",love_relationships,yes_no,30.6,1,1,1,1,0,1,""
2480,discovered,"he is cheating kallan",love_relationships,noun,30.6,1,1,1,1,0,1,""
2481,discovered,"he is probably cheating meme",love_relationships,noun,30.6,1,1,1,1,0,1,""
2482,discovered,"is he cheating spread",love_relationships,yes_no,30.6,1,1,1,1,0,1,""
2483,discovered,"is it cheating using chunkbase",love_relationships,yes_no,30.6,1,1,1,1,0,1,""
2484,discovered,"is it cheating story",love_relationships,yes_no,30.6,1,1,1,1,0,1,""
2485,discovered,"is he the one meme",love_relationships,yes_no,30.6,1,1,1,1,0,1,""
2486,discovered,"is he the one bible verse",love_relationships,yes_no,30.6,1,1,1,1,0,1,""
2487,discovered,"zlatan is he one of the best",love_relationships,noun,30.6,1,1,1,1,0,1,""
2488,discovered,"why is he being distant all of a sudden",love_relationships,wh,30.6,1,1,1,1,0,1,""
2489,discovered,"why has he gone distant all of a sudden",love_relationships,wh,30.6,1,1,1,1,0,1,""
2490,discovered,"why is he suddenly distant",love_relationships,wh,30.6,1,1,1,1,0,1,""
2491,discovered,"am i actually psychic",psychic_abilities,yes_no,30.6,1,1,1,1,0,1,""
2492,discovered,"am i psychic book",psychic_abilities,yes_no,30.6,1,1,1,1,0,1,""
2493,discovered,"i have psychic dreams",dreams,noun,30.6,1,1,1,1,0,1,""
2494,discovered,"have i got psychic abilities",psychic_abilities,yes_no,30.6,1,1,1,1,0,1,""
2495,discovered,"am i high medium or low contrast",grief_afterlife,yes_no,30.6,1,1,1,1,0,1,""
2496,discovered,"am i light medium or dark contrast",grief_afterlife,yes_no,30.6,1,1,1,1,0,1,""
2497,discovered,"am i really psychic",psychic_abilities,yes_no,30.6,1,1,1,1,0,1,""
2498,discovered,"am i medium skin tone",grief_afterlife,yes_no,30.6,1,1,1,1,0,1,""
2499,discovered,"am i medium ugly",grief_afterlife,yes_no,30.6,1,1,1,1,0,1,""
2500,discovered,"am i an animal empath",psychic_abilities,yes_no,30.6,1,1,1,1,0,1,""
2501,discovered,"how do i know i am an empath",psychic_abilities,how,30.6,1,1,1,1,0,1,""
2502,discovered,"i am an empath meme",psychic_abilities,noun,30.6,1,1,1,1,0,1,""
2503,discovered,"how to open third eye and crown chakra",psychic_abilities,how,30.6,1,1,1,1,0,1,""
2504,discovered,"how to open third eye chakra in 5 minutes",psychic_abilities,how,30.6,1,1,1,1,0,1,""
2505,discovered,"how many days to open third eye",psychic_abilities,how,30.6,1,1,1,1,0,1,""
2506,discovered,"open third eye exercise",psychic_abilities,noun,30.6,1,1,1,1,0,1,""
2507,discovered,"how to open third eye fast",psychic_abilities,how,30.6,1,1,1,1,0,1,""
2508,discovered,"how to activate third eye in kannada",psychic_abilities,how,30.6,1,1,1,1,0,1,""
2509,discovered,"how long to meditate to open third eye",psychic_abilities,how,30.6,1,1,1,1,0,1,""
2510,discovered,"how to open third eye mantra",psychic_abilities,how,30.6,1,1,1,1,0,1,""
2511,discovered,"how to open third eye overnight",psychic_abilities,how,30.6,1,1,1,1,0,1,""
2512,discovered,"how to open third eye philippines",psychic_abilities,how,30.6,1,1,1,1,0,1,""
2513,discovered,"how to open third eye tagalog",psychic_abilities,how,30.6,1,1,1,1,0,1,""
2514,discovered,"how to open up third eye chakra",psychic_abilities,how,30.6,1,1,1,1,0,1,""
2515,discovered,"how to open third eye with candle",psychic_abilities,how,30.6,1,1,1,1,0,1,""
2516,discovered,"how to read tarot a modern guide",tarot,how,30.6,1,1,1,1,0,1,""
2517,discovered,"how to read tarot better",tarot,how,30.6,1,1,1,1,0,1,""
2518,discovered,"how to read tarot deck",tarot,how,30.6,1,1,1,1,0,1,""
2519,discovered,"how to read egyptian tarot cards",tarot,how,30.6,1,1,1,1,0,1,""
2520,discovered,"how to read gilded tarot cards",tarot,how,30.6,1,1,1,1,0,1,""
2521,discovered,"how to read horizontal tarot cards",tarot,how,30.6,1,1,1,1,0,1,""
2522,discovered,"how to read tarot in playing cards",tarot,how,30.6,1,1,1,1,0,1,""
2523,discovered,"how to read kipper tarot cards",tarot,how,30.6,1,1,1,1,0,1,""
2524,discovered,"how to read tarot like a story",tarot,how,30.6,1,1,1,1,0,1,""
2525,discovered,"how to read tarot marseille",tarot,how,30.6,1,1,1,1,0,1,""
2526,discovered,"how to read tarot numbers",tarot,how,30.6,1,1,1,1,0,1,""
2527,discovered,"how to read tarot past present future",tarot,how,30.6,1,1,1,1,0,1,""
2528,discovered,"how to read tarot cards quickly",tarot,how,30.6,1,1,1,1,0,1,""
2529,discovered,"how to read tarot reversals",tarot,how,30.6,1,1,1,1,0,1,""
2530,discovered,"how to read tarot three cards",tarot,how,30.6,1,1,1,1,0,1,""
2531,discovered,"how to read upside down tarot",tarot,how,30.6,1,1,1,1,0,1,""
2532,discovered,"how to read vice versa tarot",tarot,how,30.6,1,1,1,1,0,1,""
2533,discovered,"how to read tarot with regular playing cards",tarot,how,30.6,1,1,1,1,0,1,""
2534,discovered,"how to read tarot youtube",tarot,how,30.6,1,1,1,1,0,1,""
2535,discovered,"how to read zodiac tarot cards",tarot,how,30.6,1,1,1,1,0,1,""
2536,discovered,"does the death card mean new beginnings",tarot,yes_no,30.6,1,1,1,1,0,1,""
2537,discovered,"what does the death card mean in tarot cards",tarot,wh,30.6,1,1,1,1,0,1,""
2538,discovered,"what does the death tarot card mean in the future",tarot,wh,30.6,1,1,1,1,0,1,""
2539,discovered,"what does the death card mean on tarot",tarot,wh,30.6,1,1,1,1,0,1,""
2540,discovered,"what does the death tarot card tattoo",tarot,wh,30.6,1,1,1,1,0,1,""
2541,discovered,"what does the death card mean upright",tarot,wh,30.6,1,1,1,1,0,1,""
2542,discovered,"what does it mean when the death card is upside down",tarot,wh,30.6,1,1,1,1,0,1,""
2543,discovered,"is tarot reading by chatgpt",tarot,yes_no,30.6,1,1,1,1,0,1,""
2544,discovered,"is tarot chatgpt",tarot,yes_no,30.6,1,1,1,1,0,1,""
2545,discovered,"is digital tarot",tarot,yes_no,30.6,1,1,1,1,0,1,""
2546,discovered,"is lotus tarot",tarot,yes_no,30.6,1,1,1,1,0,1,""
2547,discovered,"is tarot not",tarot,yes_no,30.6,1,1,1,1,0,1,""
2548,discovered,"is tarot prediction true",tarot,yes_no,30.6,1,1,1,1,0,1,""
2549,discovered,"is tarot real story",tarot,yes_no,30.6,1,1,1,1,0,1,""
2550,discovered,"what is my rising sign astrology",astrology,wh,30.6,1,1,1,1,0,1,""
2551,discovered,"what is my rising sign cafe astrology",astrology,wh,30.6,1,1,1,1,0,1,""
2552,discovered,"what is my rising sign december 27",astrology,wh,30.6,1,1,1,1,0,1,""
2553,discovered,"what is the rising sign for gemini",astrology,wh,30.6,1,1,1,1,0,1,""
2554,discovered,"what is my rising sign horoscope",astrology,wh,30.6,1,1,1,1,0,1,""
2555,discovered,"what is my rising sign june 22",astrology,wh,30.6,1,1,1,1,0,1,""
2556,discovered,"what is my rising sign also known as",astrology,wh,30.6,1,1,1,1,0,1,""
2557,discovered,"what is my rising sign libra",astrology,wh,30.6,1,1,1,1,0,1,""
2558,discovered,"what is my rising sign moon sign and sun",astrology,wh,30.6,1,1,1,1,0,1,""
2559,discovered,"what is my rising sign on my birth chart",astrology,wh,30.6,1,1,1,1,0,1,""
2560,discovered,"what is my rising sign pisces",astrology,wh,30.6,1,1,1,1,0,1,""
2561,discovered,"what is the rising sign right",astrology,wh,30.6,1,1,1,1,0,1,""
2562,discovered,"what is my rising sign sun and moon",astrology,wh,30.6,1,1,1,1,0,1,""
2563,discovered,"what is my rising sign taurus",astrology,wh,30.6,1,1,1,1,0,1,""
2564,discovered,"what is the rising sign under",astrology,wh,30.6,1,1,1,1,0,1,""
2565,discovered,"what is my rising sign vedic astrology",astrology,wh,30.6,1,1,1,1,0,1,""
2566,discovered,"what is your rising sign if you are a sagittarius",astrology,wh,30.6,1,1,1,1,0,1,""
2567,discovered,"what is my rising zodiac",astrology,wh,30.6,1,1,1,1,0,1,""
2568,discovered,"how to read your astrological chart by donna cunningham",astrology,how,30.6,1,1,1,1,0,1,""
2569,discovered,"how to get my birth chart read",astrology,how,30.6,1,1,1,1,0,1,""
2570,discovered,"how to read your natal chart houses",astrology,how,30.6,1,1,1,1,0,1,""
2571,discovered,"how to read my natal birth chart",astrology,how,30.6,1,1,1,1,0,1,""
2572,discovered,"how to properly read your birth chart",astrology,how,30.6,1,1,1,1,0,1,""
2573,discovered,"how to read my vedic birth chart",astrology,how,30.6,1,1,1,1,0,1,""
2574,discovered,"what does mercury being retrograde",astrology,wh,30.6,1,1,1,1,0,1,""
2575,discovered,"what does mercury retrograde mean and do",astrology,wh,30.6,1,1,1,1,0,1,""
2576,discovered,"what does mercury retrograde even",astrology,wh,30.6,1,1,1,1,0,1,""
2577,discovered,"what does mercury retrograde mean for humans",astrology,wh,30.6,1,1,1,1,0,1,""
2578,discovered,"what does mercury in retrograde mean july",astrology,wh,30.6,1,1,1,1,0,1,""
2579,discovered,"what does mercury in retrograde mean for men",astrology,wh,30.6,1,1,1,1,0,1,""
2580,discovered,"what does mercury on retrograde",astrology,wh,30.6,1,1,1,1,0,1,""
2581,discovered,"what does mercury retrograde mean for people",astrology,wh,30.6,1,1,1,1,0,1,""
2582,discovered,"what does mercury retrograde mean slang",astrology,wh,30.6,1,1,1,1,0,1,""
2583,discovered,"what does mercury retrograde mean for us",astrology,wh,30.6,1,1,1,1,0,1,""
2584,discovered,"zodiac compatibility aries",astrology,noun,30.6,1,1,1,1,0,1,""
2585,discovered,"zodiac compatibility date of birth",astrology,noun,30.6,1,1,1,1,0,1,""
2586,discovered,"zodiac compatibility elements",astrology,noun,30.6,1,1,1,1,0,1,""
2587,discovered,"zodiac compatibility gemini and scorpio",astrology,noun,30.6,1,1,1,1,0,1,""
2588,discovered,"zodiac compatibility horse",astrology,noun,30.6,1,1,1,1,0,1,""
2589,discovered,"zodiac compatibility in marriage",astrology,noun,30.6,1,1,1,1,0,1,""
2590,discovered,"zodiac signs love compatibility july",astrology,signs,30.6,1,1,1,1,0,1,""
2591,discovered,"horoscope compatibility kitty powers",astrology,noun,30.6,1,1,1,1,0,1,""
2592,discovered,"zodiac compatibility libra",astrology,noun,30.6,1,1,1,1,0,1,""
2593,discovered,"zodiac compatibility mother and child",astrology,noun,30.6,1,1,1,1,0,1,""
2594,discovered,"zodiac compatibility numerology",angel_numbers,noun,30.6,1,1,1,1,0,1,""
2595,discovered,"zodiac compatibility of aries",astrology,noun,30.6,1,1,1,1,0,1,""
2596,discovered,"zodiac compatibility parent child",astrology,noun,30.6,1,1,1,1,0,1,""
2597,discovered,"zodiac compatibility sun moon rising",astrology,noun,30.6,1,1,1,1,0,1,""
2598,discovered,"zodiac compatibility virgo and scorpio",astrology,noun,30.6,1,1,1,1,0,1,""
2599,discovered,"zodiac compatibility with virgo",astrology,noun,30.6,1,1,1,1,0,1,""
2600,discovered,"zodiac year compatibility chart",astrology,noun,30.6,1,1,1,1,0,1,""
2601,discovered,"what does 1111 mean after a breakup",angel_numbers,wh,30.6,1,1,1,1,0,1,""
2602,discovered,"what does does 1111",angel_numbers,wh,30.6,1,1,1,1,0,1,""
2603,discovered,"what does 1111 mean from god",angel_numbers,wh,30.6,1,1,1,1,0,1,""
2604,discovered,"what does 1111 mean hebrew",angel_numbers,wh,30.6,1,1,1,1,0,1,""
2605,discovered,"what does 1111 numbers",angel_numbers,wh,30.6,1,1,1,1,0,1,""
2606,discovered,"what does 11 11 mean in love quotes",love_relationships,wh,30.6,1,1,1,1,0,1,""
2607,discovered,"what does 11 11 mean relationship",love_relationships,wh,30.6,1,1,1,1,0,1,""
2608,discovered,"what does 222 mean as a tattoo",angel_numbers,wh,30.6,1,1,1,1,0,1,""
2609,discovered,"what does 222 mean bible",angel_numbers,wh,30.6,1,1,1,1,0,1,""
2610,discovered,"what does 222 mean career",angel_numbers,wh,30.6,1,1,1,1,0,1,""
2611,discovered,"what does 222 mean dentist",angel_numbers,wh,30.6,1,1,1,1,0,1,""
2612,discovered,"what does 222 mean evil",angel_numbers,wh,30.6,1,1,1,1,0,1,""
2613,discovered,"what does 222 mean from god",angel_numbers,wh,30.6,1,1,1,1,0,1,""
2614,discovered,"what does 222 mean good and bad",angel_numbers,wh,30.6,1,1,1,1,0,1,""
2615,discovered,"what does 222 mean health",angel_numbers,wh,30.6,1,1,1,1,0,1,""
2616,discovered,"what does 222 mean jesus",angel_numbers,wh,30.6,1,1,1,1,0,1,""
2617,discovered,"what does 222 kcal",angel_numbers,wh,30.6,1,1,1,1,0,1,""
2618,discovered,"what does 222 mean lottery",angel_numbers,wh,30.6,1,1,1,1,0,1,""
2619,discovered,"what does 222 mean manifestation",angel_numbers,wh,30.6,1,1,1,1,0,1,""
2620,discovered,"what does 222 mean negatively",angel_numbers,wh,30.6,1,1,1,1,0,1,""
2621,discovered,"what does 222 mean on a tattoo",angel_numbers,wh,30.6,1,1,1,1,0,1,""
2622,discovered,"what does 222 air quality",angel_numbers,wh,30.6,1,1,1,1,0,1,""
2623,discovered,"what does 222 mean right",angel_numbers,wh,30.6,1,1,1,1,0,1,""
2624,discovered,"what does 222 tattoo mean urban dictionary",angel_numbers,wh,30.6,1,1,1,1,0,1,""
2625,discovered,"what does 444 222 mean lil uzi vert",angel_numbers,wh,30.6,1,1,1,1,0,1,""
2626,discovered,"what does 222 mean when thinking of someone",angel_numbers,wh,30.6,1,1,1,1,0,1,""
2627,discovered,"angel numbers meaning by chris brown",angel_numbers,meaning,30.6,1,1,1,1,0,1,""
2628,discovered,"angel numbers meaning chris brown",angel_numbers,meaning,30.6,1,1,1,1,0,1,""
2629,discovered,"angel numbers meaning christianity",angel_numbers,meaning,30.6,1,1,1,1,0,1,""
2630,discovered,"angel numbers different",angel_numbers,noun,30.6,1,1,1,1,0,1,""
2631,discovered,"angel numbers everywhere",angel_numbers,noun,30.6,1,1,1,1,0,1,""
2632,discovered,"angel numbers meaning friendship",angel_numbers,meaning,30.6,1,1,1,1,0,1,""
2633,discovered,"angel numbers meaning healing",angel_numbers,meaning,30.6,1,1,1,1,0,1,""
2634,discovered,"keep seeing angel numbers",angel_numbers,noun,30.6,1,1,1,1,0,1,""
2635,discovered,"angel numbers meaning list",angel_numbers,meaning,30.6,1,1,1,1,0,1,""
2636,discovered,"angel numbers meaning manifestation",angel_numbers,meaning,30.6,1,1,1,1,0,1,""
2637,discovered,"angel numbers meaning relationship",angel_numbers,meaning,30.6,1,1,1,1,0,1,""
2638,discovered,"angel numbers meaning sinhala",angel_numbers,meaning,30.6,1,1,1,1,0,1,""
2639,discovered,"angel numbers meaning time",angel_numbers,meaning,30.6,1,1,1,1,0,1,""
2640,discovered,"vedic numerology angel numbers",angel_numbers,noun,30.6,1,1,1,1,0,1,""
2641,discovered,"angel numbers that mean your manifestation is coming",angel_numbers,meaning,30.6,1,1,1,1,0,1,""
2642,discovered,"what is my life path astrology",angel_numbers,wh,30.6,1,1,1,1,0,1,""
2643,discovered,"what is my life path number if my birthday",angel_numbers,wh,30.6,1,1,1,1,0,1,""
2644,discovered,"what is my life path and destiny number",angel_numbers,wh,30.6,1,1,1,1,0,1,""
2645,discovered,"what does the life path number eight",angel_numbers,wh,30.6,1,1,1,1,0,1,""
2646,discovered,"google what is my life path number",angel_numbers,noun,30.6,1,1,1,1,0,1,""
2647,discovered,"what is the highest life path number",angel_numbers,wh,30.6,1,1,1,1,0,1,""
2648,discovered,"what is my life path number is 10",angel_numbers,wh,30.6,1,1,1,1,0,1,""
2649,discovered,"what is the luckiest life path number",angel_numbers,wh,30.6,1,1,1,1,0,1,""
2650,discovered,"what is my life path master number",angel_numbers,wh,30.6,1,1,1,1,0,1,""
2651,discovered,"what is the life path number nine",angel_numbers,wh,30.6,1,1,1,1,0,1,""
2652,discovered,"what is the life path number of 6",angel_numbers,wh,30.6,1,1,1,1,0,1,""
2653,discovered,"what is the most powerful life path number",angel_numbers,wh,30.6,1,1,1,1,0,1,""
2654,discovered,"what is my relationship life path number",angel_numbers,wh,30.6,1,1,1,1,0,1,""
2655,discovered,"what is my life path year",angel_numbers,wh,30.6,1,1,1,1,0,1,""
2656,discovered,"is my life path number my lucky number",angel_numbers,yes_no,30.6,1,1,1,1,0,1,""
2657,discovered,"what does it mean when you dream about alligators",dreams,wh,30.6,1,1,1,1,0,1,""
2658,discovered,"what does it mean when you dream about bears",dreams,wh,30.6,1,1,1,1,0,1,""
2659,discovered,"what does it mean when you dream about cockroaches",dreams,wh,30.6,1,1,1,1,0,1,""
2660,discovered,"what does it mean when you dream about death",dreams,wh,30.6,1,1,1,1,0,1,""
2661,discovered,"what does it mean when you dream about eggs",dreams,wh,30.6,1,1,1,1,0,1,""
2662,discovered,"what does it mean when you dream about falling in love with someone you've never met",dreams,wh,30.6,1,1,1,1,0,1,""
2663,discovered,"what does it mean when you dream about getting married",dreams,wh,30.6,1,1,1,1,0,1,""
2664,discovered,"what does it mean when you dream about having a baby girl",dreams,wh,30.6,1,1,1,1,0,1,""
2665,discovered,"what does it mean when you dream about insects attacking you",dreams,wh,30.6,1,1,1,1,0,1,""
2666,discovered,"what does it mean when you dream about jail",dreams,wh,30.6,1,1,1,1,0,1,""
2667,discovered,"what does it mean when you dream about killing someone",dreams,wh,30.6,1,1,1,1,0,1,""
2668,discovered,"what does it mean when you dream about losing teeth",dreams,wh,30.6,1,1,1,1,0,1,""
2669,discovered,"what does it mean when you dream about mice",dreams,wh,30.6,1,1,1,1,0,1,""
2670,discovered,"what does it mean when you dream about not having clothes on",dreams,wh,30.6,1,1,1,1,0,1,""
2671,discovered,"what does it mean when you dream about old friends",dreams,wh,30.6,1,1,1,1,0,1,""
2672,discovered,"what does it mean when you dream about people who have passed away",dreams,wh,30.6,1,1,1,1,0,1,""
2673,discovered,"what does it mean when you dream about quitting your job",dreams,wh,30.6,1,1,1,1,0,1,""
2674,discovered,"what does it mean when you dream about roaches",dreams,wh,30.6,1,1,1,1,0,1,""
2675,discovered,"what does it mean when you dream about urinating",dreams,wh,30.6,1,1,1,1,0,1,""
2676,discovered,"what does it mean when you dream about vampires chasing you",dreams,wh,30.6,1,1,1,1,0,1,""
2677,discovered,"what does it mean when you dream about worms",dreams,wh,30.6,1,1,1,1,0,1,""
2678,discovered,"what does it mean when you dream of your x",dreams,wh,30.6,1,1,1,1,0,1,""
2679,discovered,"what does it mean when you dream about zombies chasing you",dreams,wh,30.6,1,1,1,1,0,1,""
2680,discovered,"why do i keep dreaming about a baby",dreams,wh,30.6,1,1,1,1,0,1,""
2681,discovered,"why do i keep dreaming about babies",dreams,wh,30.6,1,1,1,1,0,1,""
2682,discovered,"why do i keep dreaming about cats",dreams,wh,30.6,1,1,1,1,0,1,""
2683,discovered,"why do i keep dreaming about dead people",dreams,wh,30.6,1,1,1,1,0,1,""
2684,discovered,"why do i keep dreaming about eating food",dreams,wh,30.6,1,1,1,1,0,1,""
2685,discovered,"why do i keep dreaming about food",dreams,wh,30.6,1,1,1,1,0,1,""
2686,discovered,"why do i keep dreaming about getting shot",dreams,wh,30.6,1,1,1,1,0,1,""
2687,discovered,"why do i keep dreaming about high school",dreams,wh,30.6,1,1,1,1,0,1,""
2688,discovered,"why do i keep dreaming about intimacy",dreams,wh,30.6,1,1,1,1,0,1,""
2689,discovered,"why do i keep dreaming about jeepers creepers",dreams,wh,30.6,1,1,1,1,0,1,""
2690,discovered,"why do i keep dreaming about kittens",dreams,wh,30.6,1,1,1,1,0,1,""
2691,discovered,"why do i keep dreaming about losing teeth",dreams,wh,30.6,1,1,1,1,0,1,""
2692,discovered,"why do i keep dreaming about needing to pee",dreams,wh,30.6,1,1,1,1,0,1,""
2693,discovered,"why do i keep dreaming about one person",dreams,wh,30.6,1,1,1,1,0,1,""
2694,discovered,"why do i keep dreaming about people from my past",dreams,wh,30.6,1,1,1,1,0,1,""
2695,discovered,"why do i keep having dreams about a sport i quit",dreams,wh,30.6,1,1,1,1,0,1,""
2696,discovered,"why do i keep dreaming about roaches",dreams,wh,30.6,1,1,1,1,0,1,""
2697,discovered,"why do i keep dreaming about using the bathroom",dreams,wh,30.6,1,1,1,1,0,1,""
2698,discovered,"why do i keep dreaming about vaping",dreams,wh,30.6,1,1,1,1,0,1,""
2699,discovered,"why do i keep on dreaming about the same thing",dreams,wh,30.6,1,1,1,1,0,1,""
2700,discovered,"why do i keep dreaming about you",dreams,wh,30.6,1,1,1,1,0,1,""
2701,discovered,"why do i keep dreaming about zombie apocalypses",dreams,wh,30.6,1,1,1,1,0,1,""
2702,discovered,"dream meaning snake attacking",dreams,meaning,30.6,1,1,1,1,0,1,""
2703,discovered,"dream about snakes christian interpretation",dreams,noun,30.6,1,1,1,1,0,1,""
2704,discovered,"dream meaning snake eating person",dreams,meaning,30.6,1,1,1,1,0,1,""
2705,discovered,"dream meaning snake following",dreams,meaning,30.6,1,1,1,1,0,1,""
2706,discovered,"dream about giant snake",dreams,noun,30.6,1,1,1,1,0,1,""
2707,discovered,"dream about snake head",dreams,noun,30.6,1,1,1,1,0,1,""
2708,discovered,"dream of snake licking",dreams,noun,30.6,1,1,1,1,0,1,""
2709,discovered,"dream about snake biting",dreams,noun,30.6,1,1,1,1,0,1,""
2710,discovered,"dream meaning snake on head",dreams,meaning,30.6,1,1,1,1,0,1,""
2711,discovered,"dream about python snake",dreams,noun,30.6,1,1,1,1,0,1,""
2712,discovered,"rattlesnake dream",dreams,noun,30.6,1,1,1,1,0,1,""
2713,discovered,"dream about snake skin",dreams,noun,30.6,1,1,1,1,0,1,""
2714,discovered,"dream snake meaning tagalog",dreams,meaning,30.6,1,1,1,1,0,1,""
2715,discovered,"when u dream about snakes spiritual",dreams,wh,30.6,1,1,1,1,0,1,""
2716,discovered,"dream about venomous snakes spiritual",dreams,noun,30.6,1,1,1,1,0,1,""
2717,discovered,"dream about snakes in water",dreams,noun,30.6,1,1,1,1,0,1,""
2718,discovered,"dream about snakes chasing you",dreams,noun,30.6,1,1,1,1,0,1,""
2719,discovered,"how to manifest based on your rising",manifestation,how,30.6,1,1,1,1,0,1,""
2720,discovered,"how to manifest clear skin",manifestation,how,30.6,1,1,1,1,0,1,""
2721,discovered,"how to manifest dreams",dreams,how,30.6,1,1,1,1,0,1,""
2722,discovered,"how to manifest for beginners",manifestation,how,30.6,1,1,1,1,0,1,""
2723,discovered,"how to manifest good things",manifestation,how,30.6,1,1,1,1,0,1,""
2724,discovered,"how to manifest him to text",manifestation,how,30.6,1,1,1,1,0,1,""
2725,discovered,"how to manifest karma on someone",manifestation,how,30.6,1,1,1,1,0,1,""
2726,discovered,"how to manifest neville goddard",manifestation,how,30.6,1,1,1,1,0,1,""
2727,discovered,"how to manifest quickly and effectively",manifestation,how,30.6,1,1,1,1,0,1,""
2728,discovered,"how to manifest rain",manifestation,how,30.6,1,1,1,1,0,1,""
2729,discovered,"how to manifest things",manifestation,how,30.6,1,1,1,1,0,1,""
2730,discovered,"how to manifest using the o method",manifestation,how,30.6,1,1,1,1,0,1,""
2731,discovered,"how to manifest vision board",manifestation,how,30.6,1,1,1,1,0,1,""
2732,discovered,"how to manifest what you want",manifestation,how,30.6,1,1,1,1,0,1,""
2733,discovered,"how to edit manifest.xml",manifestation,how,30.6,1,1,1,1,0,1,""
2734,discovered,"how to attract zombie piglins",love_relationships,how,30.6,1,1,1,1,0,1,""
2735,discovered,"how to manifest money book",manifestation,how,30.6,1,1,1,1,0,1,""
2736,discovered,"manifest money daily",manifestation,noun,30.6,1,1,1,1,0,1,""
2737,discovered,"how to manifest money easily",manifestation,how,30.6,1,1,1,1,0,1,""
2738,discovered,"how to attract money hindi",money_career,how,30.6,1,1,1,1,0,1,""
2739,discovered,"how to manifest money law of assumption",manifestation,how,30.6,1,1,1,1,0,1,""
2740,discovered,"how to manifest money on a full moon",manifestation,how,30.6,1,1,1,1,0,1,""
2741,discovered,"how to manifest money properly",manifestation,how,30.6,1,1,1,1,0,1,""
2742,discovered,"how to manifest money right",manifestation,how,30.6,1,1,1,1,0,1,""
2743,discovered,"how to manifest money spell",manifestation,how,30.6,1,1,1,1,0,1,""
2744,discovered,"how to manifest money urgently",manifestation,how,30.6,1,1,1,1,0,1,""
2745,discovered,"how to manifest money very fast",manifestation,how,30.6,1,1,1,1,0,1,""
2746,discovered,"how to manifest money without working",manifestation,how,30.6,1,1,1,1,0,1,""
2747,discovered,"how to manifest your money",manifestation,how,30.6,1,1,1,1,0,1,""
2748,discovered,"do manifestation boards work",manifestation,yes_no,30.6,1,1,1,1,0,1,""
2749,discovered,"do manifestation coaches work",manifestation,yes_no,30.6,1,1,1,1,0,1,""
2750,discovered,"does manifestation work for gambling",manifestation,yes_no,30.6,1,1,1,1,0,1,""
2751,discovered,"does manifesting height work",manifestation,yes_no,30.6,1,1,1,1,0,1,""
2752,discovered,"does manifestation work in relationships",manifestation,yes_no,30.6,1,1,1,1,0,1,""
2753,discovered,"how does manifest json work",manifestation,how,30.6,1,1,1,1,0,1,""
2754,discovered,"do manifestation letters work",manifestation,yes_no,30.6,1,1,1,1,0,1,""
2755,discovered,"does manifestation music work",manifestation,yes_no,30.6,1,1,1,1,0,1,""
2756,discovered,"manifestation does not work",manifestation,noun,30.6,1,1,1,1,0,1,""
2757,discovered,"does manifestation work on relationship",manifestation,yes_no,30.6,1,1,1,1,0,1,""
2758,discovered,"manifestation do work quotes",manifestation,noun,30.6,1,1,1,1,0,1,""
2759,discovered,"does manifestation work really",manifestation,yes_no,30.6,1,1,1,1,0,1,""
2760,discovered,"does manifestation work study",manifestation,yes_no,30.6,1,1,1,1,0,1,""
2761,discovered,"does manifesting wealth work",manifestation,yes_no,30.6,1,1,1,1,0,1,""
2762,discovered,"what is shadow work book",manifestation,wh,30.6,1,1,1,1,0,1,""
2763,discovered,"what is shadow work coaching",manifestation,wh,30.6,1,1,1,1,0,1,""
2764,discovered,"what is golden shadow work",manifestation,wh,30.6,1,1,1,1,0,1,""
2765,discovered,"what is shadow work jung",manifestation,wh,30.6,1,1,1,1,0,1,""
2766,discovered,"what does shadow work look like",manifestation,wh,30.6,1,1,1,1,0,1,""
2767,discovered,"what is shadow work meditation",manifestation,wh,30.6,1,1,1,1,0,1,""
2768,discovered,"what is shadow work occult",manifestation,wh,30.6,1,1,1,1,0,1,""
2769,discovered,"what is shadow work prompts",manifestation,wh,30.6,1,1,1,1,0,1,""
2770,discovered,"what is shadow work reading",manifestation,wh,30.6,1,1,1,1,0,1,""
2771,discovered,"what is shadow work tarot",manifestation,wh,30.6,1,1,1,1,0,1,""
2772,discovered,"is shadow work used in therapy",manifestation,yes_no,30.6,1,1,1,1,0,1,""
2773,discovered,"is shadow work voodoo",manifestation,yes_no,30.6,1,1,1,1,0,1,""
2774,discovered,"what is shadow work wicca",manifestation,wh,30.6,1,1,1,1,0,1,""
2775,discovered,"signs of a spiritual awakening aa",spiritual_awakening,signs,30.6,1,1,1,1,0,1,""
2776,discovered,"biblical signs of spiritual awakening",spiritual_awakening,signs,30.6,1,1,1,1,0,1,""
2777,discovered,"signs of spiritual growth christian",spiritual_awakening,signs,30.6,1,1,1,1,0,1,""
2778,discovered,"first signs of spiritual awakening",spiritual_awakening,signs,30.6,1,1,1,1,0,1,""
2779,discovered,"weird signs of spiritual awakening",spiritual_awakening,signs,30.6,1,1,1,1,0,1,""
2780,discovered,"what is kundalini awakening benefits",chakras_energy,wh,30.6,1,1,1,1,0,1,""
2781,discovered,"what is a spiritual awakening christian",spiritual_awakening,wh,30.6,1,1,1,1,0,1,""
2782,discovered,"what is a deep spiritual awakening",spiritual_awakening,wh,30.6,1,1,1,1,0,1,""
2783,discovered,"what is kundalini awakening in kannada",chakras_energy,wh,30.6,1,1,1,1,0,1,""
2784,discovered,"what is a spiritual awakening in narcotics anonymous",spiritual_awakening,wh,30.6,1,1,1,1,0,1,""
2785,discovered,"what is a word for spiritual awakening",spiritual_awakening,wh,30.6,1,1,1,1,0,1,""
2786,discovered,"what is your spiritual awakening",spiritual_awakening,wh,30.6,1,1,1,1,0,1,""
2787,discovered,"what is my spirit animal april",spiritual_awakening,wh,30.6,1,1,1,1,0,1,""
2788,discovered,"what is my spirit animal date of birth",spiritual_awakening,wh,30.6,1,1,1,1,0,1,""
2789,discovered,"what is my spirit animal easy",spiritual_awakening,wh,30.6,1,1,1,1,0,1,""
2790,discovered,"what is my spirit animal google",spiritual_awakening,wh,30.6,1,1,1,1,0,1,""
2791,discovered,"what is my spirit animal heywise",spiritual_awakening,wh,30.6,1,1,1,1,0,1,""
2792,discovered,"what is my spirit animal if i was born in october",spiritual_awakening,wh,30.6,1,1,1,1,0,1,""
2793,discovered,"what is my spirit animal july",spiritual_awakening,wh,30.6,1,1,1,1,0,1,""
2794,discovered,"what is my spirit animal leo",astrology,wh,30.6,1,1,1,1,0,1,""
2795,discovered,"what is my spirit animal mythical",spiritual_awakening,wh,30.6,1,1,1,1,0,1,""
2796,discovered,"what is my spirit animal native american",spiritual_awakening,wh,30.6,1,1,1,1,0,1,""
2797,discovered,"what is my spirit animal official",spiritual_awakening,wh,30.6,1,1,1,1,0,1,""
2798,discovered,"what is my spirit animal personality",spiritual_awakening,wh,30.6,1,1,1,1,0,1,""
2799,discovered,"what is my spirit animal scorpio",astrology,wh,30.6,1,1,1,1,0,1,""
2800,discovered,"what is my spirit animal video game",spiritual_awakening,wh,30.6,1,1,1,1,0,1,""
2801,discovered,"what is my spirit animal website",spiritual_awakening,wh,30.6,1,1,1,1,0,1,""
2802,discovered,"what is my spirit animal by year",spiritual_awakening,wh,30.6,1,1,1,1,0,1,""
2803,discovered,"how to find your spirit animal buzzfeed",spiritual_awakening,how,30.6,1,1,1,1,0,1,""
2804,discovered,"how to find your cherokee spirit animal",spiritual_awakening,how,30.6,1,1,1,1,0,1,""
2805,discovered,"how to find your mayan spirit animal",spiritual_awakening,how,30.6,1,1,1,1,0,1,""
2806,discovered,"how to find out your spirit guide",psychic_abilities,how,30.6,1,1,1,1,0,1,""
2807,discovered,"how to get a spirit guide in sky",psychic_abilities,how,30.6,1,1,1,1,0,1,""
2808,discovered,"what does is mean when you see a blue jay",signs_synchronicity,wh,30.6,1,1,1,1,0,1,""
2809,discovered,"what does it mean when you see a owl at night",signs_synchronicity,wh,30.6,1,1,1,1,0,1,""
2810,discovered,"why do i keep seeing angel numbers everywhere",angel_numbers,wh,30.6,1,1,1,1,0,1,""
2811,discovered,"why do i keep seeing red cardinals",signs_synchronicity,wh,30.6,1,1,1,1,0,1,""
2812,discovered,"why do i keep seeing the number 666",angel_numbers,wh,30.6,1,1,1,1,0,1,""
2813,discovered,"how to cleanse negative energy at home",protection_energy,how,30.6,1,1,1,1,0,1,""
2814,discovered,"how to remove negative energy by salt",protection_energy,how,30.6,1,1,1,1,0,1,""
2815,discovered,"how to cleanse negative energy from crystals",protection_energy,how,30.6,1,1,1,1,0,1,""
2816,discovered,"how to remove negative energy from gemstone",protection_energy,how,30.6,1,1,1,1,0,1,""
2817,discovered,"how to cleanse negative energy in a room",protection_energy,how,30.6,1,1,1,1,0,1,""
2818,discovered,"how to cleanse negative energy from myself",protection_energy,how,30.6,1,1,1,1,0,1,""
2819,discovered,"how to cleanse bad energy off you",protection_energy,how,30.6,1,1,1,1,0,1,""
2820,discovered,"how to remove negative energy spiritually",protection_energy,how,30.6,1,1,1,1,0,1,""
2821,discovered,"how to cleanse negative energy from the body",protection_energy,how,30.6,1,1,1,1,0,1,""
2822,discovered,"how to remove negative energy using lemon",protection_energy,how,30.6,1,1,1,1,0,1,""
2823,discovered,"how to remove negative energy from home vastu tips",protection_energy,how,30.6,1,1,1,1,0,1,""
2824,discovered,"am i cursed astrology",astrology,yes_no,30.6,1,1,1,1,0,1,""
2825,discovered,"am i cursed by allah",protection_energy,yes_no,30.6,1,1,1,1,0,1,""
2826,discovered,"i am a curse crafter",protection_energy,noun,30.6,1,1,1,1,0,1,""
2827,discovered,"i am definitely cursed",protection_energy,noun,30.6,1,1,1,1,0,1,""
2828,discovered,"am i cursed from birth",protection_energy,yes_no,30.6,1,1,1,1,0,1,""
2829,discovered,"am i getting cursed",protection_energy,yes_no,30.6,1,1,1,1,0,1,""
2830,discovered,"am i just cursed",protection_energy,yes_no,30.6,1,1,1,1,0,1,""
2831,discovered,"am i cursed loki",protection_energy,yes_no,30.6,1,1,1,1,0,1,""
2832,discovered,"i am not cursed",protection_energy,noun,30.6,1,1,1,1,0,1,""
2833,discovered,"i am cursed quotes",protection_energy,noun,30.6,1,1,1,1,0,1,""
2834,discovered,"i am really cursed",protection_energy,noun,30.6,1,1,1,1,0,1,""
2835,discovered,"i am cursed synonym",protection_energy,noun,30.6,1,1,1,1,0,1,""
2836,discovered,"i am obsessed with the cursed villain",protection_energy,noun,30.6,1,1,1,1,0,1,""
2837,discovered,"what is the evil eye about",protection_energy,wh,30.6,1,1,1,1,0,1,""
2838,discovered,"what is the evil eye curse",protection_energy,wh,30.6,1,1,1,1,0,1,""
2839,discovered,"what is the evil eye do",protection_energy,wh,30.6,1,1,1,1,0,1,""
2840,discovered,"what is the evil eye greek",protection_energy,wh,30.6,1,1,1,1,0,1,""
2841,discovered,"what is the evil eye hand symbol",protection_energy,wh,30.6,1,1,1,1,0,1,""
2842,discovered,"what is the evil eye jewish",protection_energy,wh,30.6,1,1,1,1,0,1,""
2843,discovered,"what is an evil eye keychain",protection_energy,wh,30.6,1,1,1,1,0,1,""
2844,discovered,"what is the evil eye look",protection_energy,wh,30.6,1,1,1,1,0,1,""
2845,discovered,"what is the evil eye of protection",protection_energy,wh,30.6,1,1,1,1,0,1,""
2846,discovered,"what is the evil eye pendant",protection_energy,wh,30.6,1,1,1,1,0,1,""
2847,discovered,"the evil eye quotes",protection_energy,noun,30.6,1,1,1,1,0,1,""
2848,discovered,"what is the evil eye religion",protection_energy,wh,30.6,1,1,1,1,0,1,""
2849,discovered,"what is the evil eye worn",protection_energy,wh,30.6,1,1,1,1,0,1,""
2850,discovered,"the evil eye zee world",protection_energy,noun,30.6,1,1,1,1,0,1,""
2851,discovered,"what crystal is for abundance",crystals_rituals,wh,30.6,1,1,1,1,0,1,""
2852,discovered,"what crystal is for bravery",crystals_rituals,wh,30.6,1,1,1,1,0,1,""
2853,discovered,"what crystal is for calming",crystals_rituals,wh,30.6,1,1,1,1,0,1,""
2854,discovered,"what crystal is for dreams",dreams,wh,30.6,1,1,1,1,0,1,""
2855,discovered,"what crystal is for emotional healing",crystals_rituals,wh,30.6,1,1,1,1,0,1,""
2856,discovered,"what crystal is for friendship",crystals_rituals,wh,30.6,1,1,1,1,0,1,""
2857,discovered,"what crystal is for gemini",astrology,wh,30.6,1,1,1,1,0,1,""
2858,discovered,"what crystal is for intuition",psychic_abilities,wh,30.6,1,1,1,1,0,1,""
2859,discovered,"what crystal is for july zodiac",astrology,wh,30.6,1,1,1,1,0,1,""
2860,discovered,"what is crystal for kids",crystals_rituals,wh,30.6,1,1,1,1,0,1,""
2861,discovered,"what crystal is for may",crystals_rituals,wh,30.6,1,1,1,1,0,1,""
2862,discovered,"what crystal is for march",crystals_rituals,wh,30.6,1,1,1,1,0,1,""
2863,discovered,"what crystal is for november",crystals_rituals,wh,30.6,1,1,1,1,0,1,""
2864,discovered,"what is crystal quest",crystals_rituals,wh,30.6,1,1,1,1,0,1,""
2865,discovered,"what crystal is for scorpio",astrology,wh,30.6,1,1,1,1,0,1,""
2866,discovered,"what crystal is for the month of june",crystals_rituals,wh,30.6,1,1,1,1,0,1,""
2867,discovered,"what is crystal uhd for a tv",crystals_rituals,wh,30.6,1,1,1,1,0,1,""
2868,discovered,"what stone is for virgo",astrology,wh,30.6,1,1,1,1,0,1,""
2869,discovered,"what crystal is for wealth and abundance",crystals_rituals,wh,30.6,1,1,1,1,0,1,""
2870,discovered,"what is crystal palace xi",crystals_rituals,wh,30.6,1,1,1,1,0,1,""
2871,discovered,"what crystal is yellow and white",crystals_rituals,wh,30.6,1,1,1,1,0,1,""
2872,discovered,"full moon ritual at the beach",crystals_rituals,noun,30.6,1,1,1,1,0,1,""
2873,discovered,"full moon ritual bath",crystals_rituals,noun,30.6,1,1,1,1,0,1,""
2874,discovered,"full moon ritual crystals",crystals_rituals,noun,30.6,1,1,1,1,0,1,""
2875,discovered,"full moon ritual easy",crystals_rituals,noun,30.6,1,1,1,1,0,1,""
2876,discovered,"full moon ritual gemini",astrology,noun,30.6,1,1,1,1,0,1,""
2877,discovered,"full moon ritual hecate",crystals_rituals,noun,30.6,1,1,1,1,0,1,""
2878,discovered,"full moon ritual intentions",crystals_rituals,noun,30.6,1,1,1,1,0,1,""
2879,discovered,"new moon ritual kit",crystals_rituals,noun,30.6,1,1,1,1,0,1,""
2880,discovered,"full moon ritual london",crystals_rituals,noun,30.6,1,1,1,1,0,1,""
2881,discovered,"full moon ritual meme",crystals_rituals,noun,30.6,1,1,1,1,0,1,""
2882,discovered,"full moon ritual oil",crystals_rituals,noun,30.6,1,1,1,1,0,1,""
2883,discovered,"full moon ritual pagan",crystals_rituals,noun,30.6,1,1,1,1,0,1,""
2884,discovered,"full moon ritual release",crystals_rituals,noun,30.6,1,1,1,1,0,1,""
2885,discovered,"full moon ritual spell",crystals_rituals,noun,30.6,1,1,1,1,0,1,""
2886,discovered,"full moon november 2025 uk ritual",crystals_rituals,noun,30.6,1,1,1,1,0,1,""
2887,discovered,"new moon ritual virgo",astrology,noun,30.6,1,1,1,1,0,1,""
2888,discovered,"full moon ritual with salt",crystals_rituals,noun,30.6,1,1,1,1,0,1,""
2889,discovered,"full moon ritual youtube",crystals_rituals,noun,30.6,1,1,1,1,0,1,""
2890,discovered,"what are energy chakras",chakras_energy,wh,30.6,1,1,1,1,0,1,""
2891,discovered,"what are chakra frequencies",chakras_energy,wh,30.6,1,1,1,1,0,1,""
2892,discovered,"what are chakra gates",chakras_energy,wh,30.6,1,1,1,1,0,1,""
2893,discovered,"what are chakra healing crystals",crystals_rituals,wh,30.6,1,1,1,1,0,1,""
2894,discovered,"what are kakashi's chakra nature",chakras_energy,wh,30.6,1,1,1,1,0,1,""
2895,discovered,"what are lower chakras",chakras_energy,wh,30.6,1,1,1,1,0,1,""
2896,discovered,"what are chakra mantras",chakras_energy,wh,30.6,1,1,1,1,0,1,""
2897,discovered,"what are chakra natures",chakras_energy,wh,30.6,1,1,1,1,0,1,""
2898,discovered,"what are chakra oils",chakras_energy,wh,30.6,1,1,1,1,0,1,""
2899,discovered,"what are chakra points in naruto",chakras_energy,wh,30.6,1,1,1,1,0,1,""
2900,discovered,"what is chakras quest silksong",chakras_energy,wh,30.6,1,1,1,1,0,1,""
2901,discovered,"what are chakras religion",chakras_energy,wh,30.6,1,1,1,1,0,1,""
2902,discovered,"what are chakras spiritual",chakras_energy,wh,30.6,1,1,1,1,0,1,""
2903,discovered,"what are the chakras of the body",chakras_energy,wh,30.6,1,1,1,1,0,1,""
2904,discovered,"what are chakra ui snippets",chakras_energy,wh,30.6,1,1,1,1,0,1,""
2905,discovered,"what are your chakras",chakras_energy,wh,30.6,1,1,1,1,0,1,""
2906,discovered,"how to unblock chakras book",chakras_energy,how,30.6,1,1,1,1,0,1,""
2907,discovered,"how to unlock chest chakra",chakras_energy,how,30.6,1,1,1,1,0,1,""
2908,discovered,"how long does it take to unblock chakras",chakras_energy,how,30.6,1,1,1,1,0,1,""
2909,discovered,"how to unblock each chakras",chakras_energy,how,30.6,1,1,1,1,0,1,""
2910,discovered,"how to unblock first chakra",chakras_energy,how,30.6,1,1,1,1,0,1,""
2911,discovered,"how to open chakra gates",chakras_energy,how,30.6,1,1,1,1,0,1,""
2912,discovered,"how to unblock love chakra",chakras_energy,how,30.6,1,1,1,1,0,1,""
2913,discovered,"how to unblock manipura chakra",chakras_energy,how,30.6,1,1,1,1,0,1,""
2914,discovered,"how to unblock navel chakra",chakras_energy,how,30.6,1,1,1,1,0,1,""
2915,discovered,"how to open chakras one by one",chakras_energy,how,30.6,1,1,1,1,0,1,""
2916,discovered,"how to unblock chakra points",chakras_energy,how,30.6,1,1,1,1,0,1,""
2917,discovered,"silksong how to unlock chakras quest",chakras_energy,noun,30.6,1,1,1,1,0,1,""
2918,discovered,"how to unblock root chakras",chakras_energy,how,30.6,1,1,1,1,0,1,""
2919,discovered,"how to unblock seven chakras",chakras_energy,how,30.6,1,1,1,1,0,1,""
2920,discovered,"how to unblock the chakras",chakras_energy,how,30.6,1,1,1,1,0,1,""
2921,discovered,"how to use crystals to unblock chakras",crystals_rituals,how,30.6,1,1,1,1,0,1,""
2922,discovered,"how to open vishuddhi chakra",chakras_energy,how,30.6,1,1,1,1,0,1,""
2923,discovered,"how to unblock your chakras",chakras_energy,how,30.6,1,1,1,1,0,1,""
2924,discovered,"how to know your past life astrology",astrology,how,30.6,1,1,1,1,0,1,""
2925,discovered,"how do i know my past life",past_lives_karma,how,30.6,1,1,1,1,0,1,""
2926,discovered,"how to know of your past life",past_lives_karma,how,30.6,1,1,1,1,0,1,""
2927,discovered,"how to find out what my past life was",past_lives_karma,how,30.6,1,1,1,1,0,1,""
2928,discovered,"can mediums actually talk to the dead",grief_afterlife,yes_no,30.6,1,1,1,1,0,1,""
2929,discovered,"how to talk to the dead",grief_afterlife,how,30.6,1,1,1,1,0,1,""
2930,discovered,"can mediums talk to dead people",grief_afterlife,yes_no,30.6,1,1,1,1,0,1,""
2931,discovered,"deceased loved ones leaving",grief_afterlife,noun,30.6,1,1,1,1,0,1,""
2932,discovered,"number signs from deceased loved ones",grief_afterlife,signs,30.6,1,1,1,1,0,1,""
2933,discovered,"signs a deceased loved one is protecting you",grief_afterlife,signs,30.6,1,1,1,1,0,1,""
2934,discovered,"seeing signs from deceased loved ones",grief_afterlife,signs,30.6,1,1,1,1,0,1,""
2935,discovered,"will i get a job ever",money_career,yes_no,30.6,1,1,1,1,0,1,""
2936,discovered,"will i get the job knight of wands",money_career,yes_no,30.6,1,1,1,1,0,1,""
2937,discovered,"do i get the job",money_career,yes_no,30.6,1,1,1,1,0,1,""
2938,discovered,"when will i get job prediction",money_career,wh,30.6,1,1,1,1,0,1,""
2939,discovered,"will i get the job queen of pentacles",money_career,yes_no,30.6,1,1,1,1,0,1,""
2940,discovered,"will i get job in uk after masters",money_career,yes_no,30.6,1,1,1,1,0,1,""
2941,discovered,"what is your life purpose answer",money_career,wh,30.6,1,1,1,1,0,1,""
2942,discovered,"what is the purpose for life",money_career,wh,30.6,1,1,1,1,0,1,""
2943,discovered,"what is the purpose life insurance",money_career,wh,30.6,1,1,1,1,0,1,""
2944,discovered,"what is your career path answer",money_career,wh,30.6,1,1,1,1,0,1,""
2945,discovered,"what is your career path best answer",money_career,wh,30.6,1,1,1,1,0,1,""
2946,discovered,"what is the career path for data scientist",money_career,wh,30.6,1,1,1,1,0,1,""
2947,discovered,"what is the career path for a project manager",money_career,wh,30.6,1,1,1,1,0,1,""
2948,discovered,"what is the career path for graphic design",money_career,wh,30.6,1,1,1,1,0,1,""
2949,discovered,"what is your career path in tagalog",money_career,wh,30.6,1,1,1,1,0,1,""
2950,discovered,"what is the career path for a judge in tennessee",money_career,wh,30.6,1,1,1,1,0,1,""
2951,discovered,"what is the career path in library science",astrology,wh,30.6,1,1,1,1,0,1,""
2952,discovered,"what is the career path for mechanical engineering",money_career,wh,30.6,1,1,1,1,0,1,""
2953,discovered,"what is your career path nursing",money_career,wh,30.6,1,1,1,1,0,1,""
2954,discovered,"what is the career path of a product manager",money_career,wh,30.6,1,1,1,1,0,1,""
2955,discovered,"what is the career path for psychology",money_career,wh,30.6,1,1,1,1,0,1,""
2956,discovered,"what is the best career path right",money_career,wh,30.6,1,1,1,1,0,1,""
2957,discovered,"what is the career path for software engineer",money_career,wh,30.6,1,1,1,1,0,1,""
2958,discovered,"meaning of career pathway",money_career,meaning,30.6,1,1,1,1,0,1,""
2959,discovered,"how to build my career path",money_career,how,30.6,1,1,1,1,0,1,""
2960,discovered,"what does the future hold arthritis",money_career,wh,30.6,1,1,1,1,0,1,""
2961,discovered,"what does the future hold for crypto",money_career,wh,30.6,1,1,1,1,0,1,""
2962,discovered,"what does the future hold for duff",money_career,wh,30.6,1,1,1,1,0,1,""
2963,discovered,"what does the future hold for ethereum",money_career,wh,30.6,1,1,1,1,0,1,""
2964,discovered,"what does the future hold for gold",money_career,wh,30.6,1,1,1,1,0,1,""
2965,discovered,"what does the future hold for nvidia stock",money_career,wh,30.6,1,1,1,1,0,1,""
2966,discovered,"what does the future hold for prince andrew",money_career,wh,30.6,1,1,1,1,0,1,""
2967,discovered,"what does the future hold quotes",money_career,wh,30.6,1,1,1,1,0,1,""
2968,discovered,"what does the future hold reading answers ielts",money_career,wh,30.6,1,1,1,1,0,1,""
2969,discovered,"what will the future hold shiro sagisu",money_career,wh,30.6,1,1,1,1,0,1,""
2970,discovered,"what does the future hold for virgos",astrology,wh,30.6,1,1,1,1,0,1,""
2971,discovered,"what does the future hold for xrp crypto",money_career,wh,30.6,1,1,1,1,0,1,""
2972,discovered,"does she love me quiz lgbt",love_relationships,yes_no,30.6,1,1,1,1,0,1,""
2973,discovered,"does he still love me quiz ex",love_relationships,yes_no,30.6,1,1,1,1,0,1,""
2974,discovered,"does she miss me too",love_relationships,yes_no,30.6,1,1,1,1,0,1,""
2975,discovered,"free love tarot does he miss",tarot,noun,30.6,1,1,1,1,0,1,""
2976,discovered,"it will come back meaning hozier",love_relationships,meaning,30.6,1,1,1,1,0,1,""
2977,discovered,"signs he will come back after pulling away",love_relationships,signs,30.6,1,1,1,1,0,1,""
2978,discovered,"how to know she is cheating on you",love_relationships,how,30.6,1,1,1,1,0,1,""
2979,discovered,"should i break up the root ball when planting a tree",love_relationships,yes_no,30.6,1,1,1,1,0,1,""
2980,discovered,"why won t he commit to a relationship",love_relationships,wh,30.6,1,1,1,1,0,1,""
2981,discovered,"how long does it take for a man to know he loves you",love_relationships,how,30.6,1,1,1,1,0,1,""
2982,discovered,"he wants to do a relationship app with",love_relationships,noun,30.6,1,1,1,1,0,1,""
2983,discovered,"spiritual signs my ex is coming back",love_relationships,signs,30.6,1,1,1,1,0,1,""
2984,discovered,"how to find who is my soulmate",twin_flame_soulmate,how,30.6,1,1,1,1,0,1,""
2985,discovered,"will.i ever meet.my.soulmate",twin_flame_soulmate,yes_no,30.6,1,1,1,1,0,1,""
2986,discovered,"what age will i meet my soulmate astrology",twin_flame_soulmate,wh,30.6,1,1,1,1,0,1,""
2987,discovered,"how to know when will i meet my soulmate",twin_flame_soulmate,how,30.6,1,1,1,1,0,1,""
2988,discovered,"when will i meet my soulmate free reading",twin_flame_soulmate,wh,30.6,1,1,1,1,0,1,""
2989,discovered,"am i in love meaning hindi",love_relationships,yes_no,30.6,1,1,1,1,0,1,""
2990,discovered,"i am in love symptoms",love_relationships,noun,30.6,1,1,1,1,0,1,""
2991,discovered,"how do i know if he's my twin flame",twin_flame_soulmate,how,30.6,1,1,1,1,0,1,""
2992,discovered,"she is dating someone else",love_relationships,noun,30.6,1,1,1,1,0,1,""
2993,discovered,"how does he feel about me free tarot",tarot,how,30.6,1,1,1,1,0,1,""
2994,discovered,"i am an empathetic person",psychic_abilities,noun,30.6,1,1,1,1,0,1,""
2995,discovered,"how do i know if im empath",psychic_abilities,how,30.6,1,1,1,1,0,1,""
2996,discovered,"how to know i am an empath",psychic_abilities,how,30.6,1,1,1,1,0,1,""
2997,discovered,"what does psychic",psychic_abilities,wh,30.6,1,1,1,1,0,1,""
2998,discovered,"what is the psychic ability to see the future",psychic_abilities,wh,30.6,1,1,1,1,0,1,""
2999,discovered,"how to know to trust your intuition",psychic_abilities,how,30.6,1,1,1,1,0,1,""
3000,discovered,"how to.do.a.tarot.reading for yourself",tarot,how,30.6,1,1,1,1,0,1,""
3001,discovered,"how to do a tarot reading to answer a question",tarot,how,30.6,1,1,1,1,0,1,""
3002,discovered,"how to use tarot meaning cards",tarot,how,30.6,1,1,1,1,0,1,""
3003,discovered,"how to use tarot",tarot,how,30.6,1,1,1,1,0,1,""
3004,discovered,"how to read tarot to others",tarot,how,30.6,1,1,1,1,0,1,""
3005,discovered,"whats the tower card",tarot,noun,30.6,1,1,1,1,0,1,""
3006,discovered,"how to cleanse a new tarot deck",tarot,how,30.6,1,1,1,1,0,1,""
3007,discovered,"how to cleanse tarot cards after someone touched them",tarot,how,30.6,1,1,1,1,0,1,""
3008,discovered,"tarot cards",tarot,noun,30.6,1,1,1,1,0,1,""
3009,discovered,"tarot yes or no how to read",tarot,noun,30.6,1,1,1,1,0,1,""
3010,discovered,"tarot yes or no free reading",tarot,noun,30.6,1,1,1,1,0,1,""
3011,discovered,"what does the moon mean on a tarot card",tarot,wh,30.6,1,1,1,1,0,1,""
3012,discovered,"best tarot deck",tarot,noun,30.6,1,1,1,1,0,1,""
3013,discovered,"what is my chinese zodiac",astrology,wh,30.6,1,1,1,1,0,1,""
3014,discovered,"what is my horoscope",astrology,wh,30.6,1,1,1,1,0,1,""
3015,discovered,"what is the zodiac",astrology,wh,30.6,1,1,1,1,0,1,""
3016,discovered,"how do i find out my big three",astrology,how,30.6,1,1,1,1,0,1,""
3017,discovered,"what is my big 3 astrology",astrology,wh,30.6,1,1,1,1,0,1,""
3018,discovered,"read my astrology chart",astrology,noun,30.6,1,1,1,1,0,1,""
3019,discovered,"what does a birth chart tell you",astrology,wh,30.6,1,1,1,1,0,1,""
3020,discovered,"mercury retrograde 2026 meaning spiritual",astrology,meaning,30.6,1,1,1,1,0,1,""
3021,discovered,"zodiac compatibility signs chart",astrology,signs,30.6,1,1,1,1,0,1,""
3022,discovered,"zodiac compatible to aquarius",astrology,noun,30.6,1,1,1,1,0,1,""
3023,discovered,"what is the worst venus sign to have",astrology,wh,30.6,1,1,1,1,0,1,""
3024,discovered,"what your north node",astrology,wh,30.6,1,1,1,1,0,1,""
3025,discovered,"what sign is the north node",astrology,wh,30.6,1,1,1,1,0,1,""
3026,discovered,"what your saturn return",astrology,wh,30.6,1,1,1,1,0,1,""
3027,discovered,"what happened during your saturn return",astrology,wh,30.6,1,1,1,1,0,1,""
3028,discovered,"how to know what house my saturn return",astrology,how,30.6,1,1,1,1,0,1,""
3029,discovered,"when is saturn return",astrology,wh,30.6,1,1,1,1,0,1,""
3030,discovered,"how to know when is my saturn return",astrology,how,30.6,1,1,1,1,0,1,""
3031,discovered,"what does a stellium",astrology,wh,30.6,1,1,1,1,0,1,""
3032,discovered,"stellium zodiac",astrology,noun,30.6,1,1,1,1,0,1,""
3033,discovered,"is astrology real reddit india",astrology,yes_no,30.6,1,1,1,1,0,1,""
3034,discovered,"is zodiac signs real or fake",astrology,yes_no,30.6,1,1,1,1,0,1,""
3035,discovered,"retrograde urban dictionary",astrology,noun,30.6,1,1,1,1,0,1,""
3036,discovered,"what is the bugatti chiron top speed",astrology,wh,30.6,1,1,1,1,0,1,""
3037,discovered,"what does 1111 mean in angel",angel_numbers,wh,30.6,1,1,1,1,0,1,""
3038,discovered,"what does 222 mean in angel",angel_numbers,wh,30.6,1,1,1,1,0,1,""
3039,discovered,"what does 333 mean in angel",angel_numbers,wh,30.6,1,1,1,1,0,1,""
3040,discovered,"does 333",angel_numbers,yes_no,30.6,1,1,1,1,0,1,""
3041,discovered,"what does 444 mean spiritual",angel_numbers,wh,30.6,1,1,1,1,0,1,""
3042,discovered,"what does 444 mean in angel",angel_numbers,wh,30.6,1,1,1,1,0,1,""
3043,discovered,"what does 4 444 mean spiritually",angel_numbers,wh,30.6,1,1,1,1,0,1,""
3044,discovered,"what does 555 mean in spiritual",angel_numbers,wh,30.6,1,1,1,1,0,1,""
3045,discovered,"555 meaning",angel_numbers,meaning,30.6,1,1,1,1,0,1,""
3046,discovered,"what does 555 mean in angel",angel_numbers,wh,30.6,1,1,1,1,0,1,""
3047,discovered,"what does 555 mean to jesus",angel_numbers,wh,30.6,1,1,1,1,0,1,""
3048,discovered,"what does angel number 777",angel_numbers,wh,30.6,1,1,1,1,0,1,""
3049,discovered,"what does 777 angel",angel_numbers,wh,30.6,1,1,1,1,0,1,""
3050,discovered,"888 sign",angel_numbers,signs,30.6,1,1,1,1,0,1,""
3051,discovered,"what does the meaning 999",angel_numbers,wh,30.6,1,1,1,1,0,1,""
3052,discovered,"what does 999 mean on starbucks",angel_numbers,wh,30.6,1,1,1,1,0,1,""
3053,discovered,"does 1212 have",angel_numbers,yes_no,30.6,1,1,1,1,0,1,""
3054,discovered,"what does it mean when you always see 1212",angel_numbers,wh,30.6,1,1,1,1,0,1,""
3055,discovered,"what does it mean to see 1010 spiritual",angel_numbers,wh,30.6,1,1,1,1,0,1,""
3056,discovered,"angel numbers and their meanings",angel_numbers,noun,30.6,1,1,1,1,0,1,""
3057,discovered,"life path number how to calculate and its",angel_numbers,noun,30.6,1,1,1,1,0,1,""
3058,discovered,"how to find life path number",angel_numbers,how,30.6,1,1,1,1,0,1,""
3059,discovered,"calculate life path number",angel_numbers,noun,30.6,1,1,1,1,0,1,""
3060,discovered,"why do i keep seeing 1111 biblical",angel_numbers,wh,30.6,1,1,1,1,0,1,""
3061,discovered,"why do i continue to see 1111",angel_numbers,wh,30.6,1,1,1,1,0,1,""
3062,discovered,"what is the angel number meaning of 444",angel_numbers,wh,30.6,1,1,1,1,0,1,""
3063,discovered,"what is my angel number quiz based on birthday",angel_numbers,wh,30.6,1,1,1,1,0,1,""
3064,discovered,"what does it mean when you dream about someone spiritual",dreams,wh,30.6,1,1,1,1,0,1,""
3065,discovered,"why do i keep dreaming about toilets",dreams,wh,30.6,1,1,1,1,0,1,""
3066,discovered,"what does it mean to dream about someone close to you dying",dreams,wh,30.6,1,1,1,1,0,1,""
3067,discovered,"what does dream mean when tooth falls out",dreams,wh,30.6,1,1,1,1,0,1,""
3068,discovered,"lucid dreaming reddit guide",dreams,noun,30.6,1,1,1,1,0,1,""
3069,discovered,"dreams are free quotes short",dreams,noun,30.6,1,1,1,1,0,1,""
3070,discovered,"how to test manifest json",manifestation,how,30.6,1,1,1,1,0,1,""
3071,discovered,"how to attract zodiac",astrology,how,30.6,1,1,1,1,0,1,""
3072,discovered,"how to manifest money what to say",manifestation,how,30.6,1,1,1,1,0,1,""
3073,discovered,"law of attraction signs someone is thinking about you",manifestation,signs,30.6,1,1,1,1,0,1,""
3074,discovered,"law of attraction free book",manifestation,noun,30.6,1,1,1,1,0,1,""
3075,discovered,"what is scripting manifestation",manifestation,wh,30.6,1,1,1,1,0,1,""
3076,discovered,"scripting method manifestation",manifestation,noun,30.6,1,1,1,1,0,1,""
3077,discovered,"how to attract a specific person",love_relationships,how,30.6,1,1,1,1,0,1,""
3078,discovered,"dark night of the soul catholic",spiritual_awakening,noun,30.6,1,1,1,1,0,1,""
3079,discovered,"my spirit animal how to know",spiritual_awakening,noun,30.6,1,1,1,1,0,1,""
3080,discovered,"definition of each spiritual gift",psychic_abilities,noun,30.6,1,1,1,1,0,1,""
3081,discovered,"what is the spiritual meaning of akashic records",psychic_abilities,wh,30.6,1,1,1,1,0,1,""
3082,discovered,"yellow butterfly meaning spiritual",signs_synchronicity,meaning,30.6,1,1,1,1,0,1,""
3083,discovered,"what is a hex to binary",protection_energy,wh,30.6,1,1,1,1,0,1,""
3084,discovered,"what crystal is for cancer",astrology,wh,30.6,1,1,1,1,0,1,""
3085,discovered,"what does the full moon mean for each",crystals_rituals,wh,30.6,1,1,1,1,0,1,""
3086,discovered,"how to use sage to cleanse",protection_energy,how,30.6,1,1,1,1,0,1,""
3087,discovered,"how to do a freezer jar spell",crystals_rituals,how,30.6,1,1,1,1,0,1,""
3088,discovered,"chakras explained",chakras_energy,noun,30.6,1,1,1,1,0,1,""
3089,discovered,"how does reiki make you feel",chakras_energy,how,30.6,1,1,1,1,0,1,""
3090,discovered,"what does energy healing",chakras_energy,wh,30.6,1,1,1,1,0,1,""
3091,discovered,"past life regression symbols",past_lives_karma,noun,30.6,1,1,1,1,0,1,""
3092,discovered,"what is karma test runner",past_lives_karma,wh,30.6,1,1,1,1,0,1,""
3093,discovered,"what is karma's zodiac",astrology,wh,30.6,1,1,1,1,0,1,""
3094,discovered,"what is free karma on",past_lives_karma,wh,30.6,1,1,1,1,0,1,""
3095,discovered,"what is karmic relationship according to astrology",twin_flame_soulmate,wh,30.6,1,1,1,1,0,1,""
3096,discovered,"karmic relationship vs twin flame",twin_flame_soulmate,noun,30.6,1,1,1,1,0,1,""
3097,discovered,"do psychics work",psychic_abilities,yes_no,30.6,1,1,1,1,0,1,""
3098,discovered,"how do mediums work",grief_afterlife,how,30.6,1,1,1,1,0,1,""
3099,discovered,"no job is right",money_career,noun,30.6,1,1,1,1,0,1,""
3100,discovered,"i will never be rich",money_career,noun,30.6,1,1,1,1,0,1,""
3101,discovered,"if i will be rich there will be",money_career,noun,30.6,1,1,1,1,0,1,""
3102,discovered,"i will teach you to be rich free book",money_career,noun,30.6,1,1,1,1,0,1,""
3103,discovered,"can i quit my job to get unemployment",money_career,yes_no,30.6,1,1,1,1,0,1,""
3104,discovered,"what is the destiny subreddit",money_career,wh,30.6,1,1,1,1,0,1,""
3105,discovered,"signs the relationship is coming to an end",love_relationships,signs,30.6,1,1,1,1,0,1,""
3106,discovered,"how to find your soul purpose",money_career,how,30.6,1,1,1,1,0,1,""
3107,discovered,"does he like me more than a friend",love_relationships,yes_no,30.5,2,1,1,1,0,4,""
3108,discovered,"what is my north node and south node",astrology,wh,30.5,2,1,1,1,0,4,""
3109,discovered,"what is my cusp",astrology,wh,30.5,2,1,1,1,0,4,""
3110,discovered,"do you still love me in hindi",love_relationships,yes_no,30.5,2,1,1,1,0,4,""
3111,discovered,"is it emotional cheating",love_relationships,yes_no,30.5,2,1,1,1,0,4,""
3112,discovered,"korean zodiac compatibility",astrology,noun,30.5,2,1,1,1,0,4,""
3113,discovered,"new moon ritual october",crystals_rituals,noun,30.5,2,1,1,1,0,4,""
3114,discovered,"is zodiac",astrology,yes_no,30.5,2,1,1,1,0,4,""
3115,discovered,"will he come back tarot spread",tarot,yes_no,30.2,1,2,1,1,0,3,""
3116,discovered,"why won t he commit to marriage",love_relationships,wh,30.2,1,2,1,1,0,3,""
3117,discovered,"i am clairvoyant in tagalog",psychic_abilities,noun,30.2,1,2,1,1,0,3,""
3118,discovered,"how do you know your intuition is trying to tell you something",psychic_abilities,how,30.2,1,2,1,1,0,3,""
3119,discovered,"how to shuffle tarot cards for beginners",tarot,how,30.2,1,2,1,1,0,3,""
3120,discovered,"zodiac compatibility calculator percentage",astrology,noun,30.2,1,2,1,1,0,3,""
3121,discovered,"what does 1111 mean in numerology",angel_numbers,wh,30.2,1,2,1,1,0,3,""
3122,discovered,"what does 222 mean in numerology",angel_numbers,wh,30.2,1,2,1,1,0,3,""
3123,discovered,"how long does 369 manifestation take to work",manifestation,how,30.2,1,2,1,1,0,3,""
3124,discovered,"how to manifest a specific person to be obsessed with you",manifestation,how,30.2,1,2,1,1,0,3,""
3125,discovered,"what is akashic records reader",psychic_abilities,wh,30.2,1,2,1,1,0,3,""
3126,discovered,"what is a hex code",protection_energy,wh,30.2,1,2,1,1,0,3,""
3127,discovered,"will my relationship last astrology",astrology,yes_no,30.2,1,2,1,1,0,3,""
3128,discovered,"is she loves me a musical",love_relationships,yes_no,30.2,1,2,1,1,0,3,""
3129,discovered,"does he really love me quiz long distance relationship",love_relationships,yes_no,30.2,1,2,1,1,0,3,""
3130,discovered,"how do i know he still loves",love_relationships,how,30.2,1,2,1,1,0,3,""
3131,discovered,"does my crush like me back quiz for 10 year olds",love_relationships,yes_no,30.2,1,2,1,1,0,3,""
3132,discovered,"is he cheating in die my love",love_relationships,yes_no,30.2,1,2,1,1,0,3,""
3133,discovered,"is he cheating on me or am i paranoid",love_relationships,yes_no,30.2,1,2,1,1,0,3,""
3134,discovered,"am ia psychic witch",psychic_abilities,noun,30.2,1,2,1,1,0,3,""
3135,discovered,"am i medium or light skin tone",grief_afterlife,yes_no,30.2,1,2,1,1,0,3,""
3136,discovered,"am i psychic or psychotic",psychic_abilities,yes_no,30.2,1,2,1,1,0,3,""
3137,discovered,"how to open third eye chakra in hindi",psychic_abilities,how,30.2,1,2,1,1,0,3,""
3138,discovered,"how to open third eye chakra fast",psychic_abilities,how,30.2,1,2,1,1,0,3,""
3139,discovered,"how to activate third eye pineal gland",psychic_abilities,how,30.2,1,2,1,1,0,3,""
3140,discovered,"how to open third eye in tamil",psychic_abilities,how,30.2,1,2,1,1,0,3,""
3141,discovered,"how to use lapis lazuli to open third eye",psychic_abilities,how,30.2,1,2,1,1,0,3,""
3142,discovered,"how to use pinecone to open third eye",psychic_abilities,how,30.2,1,2,1,1,0,3,""
3143,discovered,"how to open third eye while sleeping",psychic_abilities,how,30.2,1,2,1,1,0,3,""
3144,discovered,"how to open my third eye totally",psychic_abilities,how,30.2,1,2,1,1,0,3,""
3145,discovered,"how to read tarot modern guide",tarot,how,30.2,1,2,1,1,0,3,""
3146,discovered,"how to read tarot cards in hindi",tarot,how,30.2,1,2,1,1,0,3,""
3147,discovered,"how to read tarot without memorizing meanings",tarot,how,30.2,1,2,1,1,0,3,""
3148,discovered,"does the death card mean death in tarot",tarot,yes_no,30.2,1,2,1,1,0,3,""
3149,discovered,"what does it mean when you pull the death card",tarot,wh,30.2,1,2,1,1,0,3,""
3150,discovered,"what is my rising sign if im a virgo",astrology,wh,30.2,1,2,1,1,0,3,""
3151,discovered,"how to read your birth chart for beginners",astrology,how,30.2,1,2,1,1,0,3,""
3152,discovered,"what does mercury retrograde mean for aquarius",astrology,wh,30.2,1,2,1,1,0,3,""
3153,discovered,"what does mercury in retrograde mean for gemini woman",astrology,wh,30.2,1,2,1,1,0,3,""
3154,discovered,"what does mercury retrograde mean in slang",astrology,wh,30.2,1,2,1,1,0,3,""
3155,discovered,"what does mercury in retrograde mean for virgo right",astrology,wh,30.2,1,2,1,1,0,3,""
3156,discovered,"zodiac compatibility test percentage",astrology,noun,30.2,1,2,1,1,0,3,""
3157,discovered,"what does 222 mean and why do i keep seeing",angel_numbers,wh,30.2,1,2,1,1,0,3,""
3158,discovered,"what does 222 mean to god",angel_numbers,wh,30.2,1,2,1,1,0,3,""
3159,discovered,"what does 222 mean to u",angel_numbers,wh,30.2,1,2,1,1,0,3,""
3160,discovered,"what is 222",angel_numbers,wh,30.2,1,2,1,1,0,3,""
3161,discovered,"angel numbers and meaning chart",angel_numbers,meaning,30.2,1,2,1,1,0,3,""
3162,discovered,"angel numbers meaning in sinhala",angel_numbers,meaning,30.2,1,2,1,1,0,3,""
3163,discovered,"what would my life path number be",angel_numbers,wh,30.2,1,2,1,1,0,3,""
3164,discovered,"what is the life path number of someone born",angel_numbers,wh,30.2,1,2,1,1,0,3,""
3165,discovered,"what is the life path number in numerology",angel_numbers,wh,30.2,1,2,1,1,0,3,""
3166,discovered,"what is my life path number 9",angel_numbers,wh,30.2,1,2,1,1,0,3,""
3167,discovered,"what your life path number says about you",angel_numbers,wh,30.2,1,2,1,1,0,3,""
3168,discovered,"what does it mean when you dream about your teeth falling out or breaking",dreams,wh,30.2,1,2,1,1,0,3,""
3169,discovered,"why do i keep dreaming about being in school",dreams,wh,30.2,1,2,1,1,0,3,""
3170,discovered,"dream about green snakes biblical",dreams,noun,30.2,1,2,1,1,0,3,""
3171,discovered,"how to manifest money with green candle",manifestation,how,30.2,1,2,1,1,0,3,""
3172,discovered,"how to manifest money for your parents",manifestation,how,30.2,1,2,1,1,0,3,""
3173,discovered,"how to manifest money in writing",manifestation,how,30.2,1,2,1,1,0,3,""
3174,discovered,"does manifestation work for lottery",manifestation,yes_no,30.2,1,2,1,1,0,3,""
3175,discovered,"does manifestation work for hair growth",manifestation,yes_no,30.2,1,2,1,1,0,3,""
3176,discovered,"how does manifestation work with god",manifestation,how,30.2,1,2,1,1,0,3,""
3177,discovered,"what is shadow work teal swan",manifestation,wh,30.2,1,2,1,1,0,3,""
3178,discovered,"signs of spiritual growth in a christian",spiritual_awakening,signs,30.2,1,2,1,1,0,3,""
3179,discovered,"what is an example of a spiritual awakening",spiritual_awakening,wh,30.2,1,2,1,1,0,3,""
3180,discovered,"what happens after spiritual awakening",spiritual_awakening,wh,30.2,1,2,1,1,0,3,""
3181,discovered,"what is my spirit animal by birthday january",spiritual_awakening,wh,30.2,1,2,1,1,0,3,""
3182,discovered,"how to cleanse negative energy from my room",protection_energy,how,30.2,1,2,1,1,0,3,""
3183,discovered,"how to cleanse negative energy with salt",protection_energy,how,30.2,1,2,1,1,0,3,""
3184,discovered,"am i cursed when it comes to love",protection_energy,yes_no,30.2,1,2,1,1,0,3,""
3185,discovered,"cursed vs cursed",protection_energy,noun,30.2,1,2,1,1,0,3,""
3186,discovered,"what is the evil eye and why do people wear",protection_energy,wh,30.2,1,2,1,1,0,3,""
3187,discovered,"what is the evil eye for kids",protection_energy,wh,30.2,1,2,1,1,0,3,""
3188,discovered,"what is the evil eye good luck symbol",protection_energy,wh,30.2,1,2,1,1,0,3,""
3189,discovered,"is the evil eye symbol good",protection_energy,yes_no,30.2,1,2,1,1,0,3,""
3190,discovered,"what is the evil eye supposed to protect you from",protection_energy,wh,30.2,1,2,1,1,0,3,""
3191,discovered,"what is crystal key for osrs",crystals_rituals,wh,30.2,1,2,1,1,0,3,""
3192,discovered,"what is crystal reports for visual studio",crystals_rituals,wh,30.2,1,2,1,1,0,3,""
3193,discovered,"what are chakras in meditation",chakras_energy,wh,30.2,1,2,1,1,0,3,""
3194,discovered,"what are the chakras of the earth",chakras_energy,wh,30.2,1,2,1,1,0,3,""
3195,discovered,"what are the chakras and their meanings",chakras_energy,wh,30.2,1,2,1,1,0,3,""
3196,discovered,"how to unblock root chakra",chakras_energy,how,30.2,1,2,1,1,0,3,""
3197,discovered,"how to unblock chakras with yoga",chakras_energy,how,30.2,1,2,1,1,0,3,""
3198,discovered,"signs that deceased loved ones are nearby",grief_afterlife,signs,30.2,1,2,1,1,0,3,""
3199,discovered,"signs a deceased loved one is with you",grief_afterlife,signs,30.2,1,2,1,1,0,3,""
3200,discovered,"will i get job after mba",money_career,yes_no,30.2,1,2,1,1,0,3,""
3201,discovered,"will i get government job in future by date of birth",money_career,yes_no,30.2,1,2,1,1,0,3,""
3202,discovered,"knight of pentacles will i get the job",money_career,noun,30.2,1,2,1,1,0,3,""
3203,discovered,"will i get job this month",money_career,yes_no,30.2,1,2,1,1,0,3,""
3204,discovered,"what job will i get in the future",money_career,wh,30.2,1,2,1,1,0,3,""
3205,discovered,"will i ever get a job",money_career,yes_no,30.2,1,2,1,1,0,3,""
3206,discovered,"will i get job this year",money_career,yes_no,30.2,1,2,1,1,0,3,""
3207,discovered,"what is the career path at mckinsey",money_career,wh,30.2,1,2,1,1,0,3,""
3208,discovered,"what is the career path of a doctor",money_career,wh,30.2,1,2,1,1,0,3,""
3209,discovered,"what is the career path in hospitality",money_career,wh,30.2,1,2,1,1,0,3,""
3210,discovered,"what is the career path in supply chain management",money_career,wh,30.2,1,2,1,1,0,3,""
3211,discovered,"what is the career path for product manager",money_career,wh,30.2,1,2,1,1,0,3,""
3212,discovered,"what is my best career path",money_career,wh,30.2,1,2,1,1,0,3,""
3213,discovered,"what does the future hold for giant eagle",money_career,wh,30.2,1,2,1,1,0,3,""
3214,discovered,"what does the future hold in terms of global climate change",money_career,wh,30.2,1,2,1,1,0,3,""
3215,discovered,"what will the future hold",money_career,wh,30.2,1,2,1,1,0,3,""
3216,discovered,"what does your future hold for you",money_career,wh,30.2,1,2,1,1,0,3,""
3217,discovered,"how do i clean my tarot cards",tarot,how,30.2,1,2,1,1,0,3,""
3218,discovered,"how long does my saturn return last",astrology,how,30.2,1,2,1,1,0,3,""
3219,discovered,"what's 444 'mean",angel_numbers,wh,30.2,1,2,1,1,0,3,""
3220,discovered,"what does the 444",angel_numbers,wh,30.2,1,2,1,1,0,3,""
3221,discovered,"what does 777 mean in angel number",angel_numbers,wh,30.2,1,2,1,1,0,3,""
3222,discovered,"what is life path number",angel_numbers,wh,30.2,1,2,1,1,0,3,""
3223,discovered,"what is the spirit animal",spiritual_awakening,wh,30.2,1,2,1,1,0,3,""
3224,discovered,"what is considered a spiritual gift",psychic_abilities,wh,30.2,1,2,1,1,0,3,""
3225,discovered,"what do the akashic records say",psychic_abilities,wh,30.2,1,2,1,1,0,3,""
3226,discovered,"chakra healing prices",chakras_energy,noun,30.2,1,2,1,1,0,3,""
3227,discovered,"what is reiki how does it work",chakras_energy,wh,30.2,1,2,1,1,0,3,""
3228,discovered,"what is the meaning of a dream of your teeth falling out",dreams,wh,30.2,1,2,2,0,0,3,""
3229,discovered,"why do i have the same recurring dream",dreams,wh,30.2,1,2,2,0,0,3,""
3230,discovered,"does my crush like me back quiz wlw",love_relationships,yes_no,29.8,1,3,1,1,0,5,""
3231,discovered,"what does mercury retrograde mean for sagittarius",astrology,wh,29.8,1,3,1,1,0,5,""
3232,discovered,"what is my spirit animal by birthday october",spiritual_awakening,wh,29.8,1,3,1,1,0,6,""
3233,discovered,"how to cleanse negative energy from an object",protection_energy,how,29.8,1,3,1,1,0,5,""
3234,discovered,"does he love me quiz long distance relationship",love_relationships,yes_no,29.8,1,3,1,1,0,6,""
3235,discovered,"how to read tarot cards 3 card spread",tarot,how,29.8,1,3,1,1,0,7,""
3236,discovered,"how to read a tarot reading",tarot,how,29.8,1,3,1,1,0,6,""
3237,discovered,"how to read your natal chart for beginners",astrology,how,29.8,1,3,1,1,0,5,""
3238,discovered,"how to read a birth chart houses",astrology,how,29.8,1,3,1,1,0,5,""
3239,discovered,"what does the last day of mercury retrograde",astrology,wh,29.8,1,3,1,1,0,5,""
3240,discovered,"what does.mercury in retrograde",astrology,wh,29.8,1,3,1,1,0,8,""
3241,discovered,"what does 1111 mean in strong's concordance",angel_numbers,wh,29.8,1,3,1,1,0,5,""
3242,discovered,"angel numbers meaning of 111",angel_numbers,meaning,29.8,1,3,1,1,0,5,""
3243,discovered,"angel numbers meaning of 888",angel_numbers,meaning,29.8,1,3,1,1,0,6,""
3244,discovered,"how well does manifestation work",manifestation,how,29.8,1,3,1,1,0,5,""
3245,discovered,"what is doing shadow work",manifestation,wh,29.8,1,3,1,1,0,5,""
3246,discovered,"what is my spirit animal quiz uquiz",spiritual_awakening,wh,29.8,1,3,1,1,0,5,""
3247,discovered,"i am a cursed one paleface swiss",protection_energy,noun,29.8,1,3,1,1,0,5,""
3248,discovered,"full moon ritual tonight or tomorrow",crystals_rituals,noun,29.8,1,3,1,1,0,6,""
3249,discovered,"will i ever get hired",money_career,yes_no,29.8,1,3,1,1,0,9,""
3250,discovered,"what is the career path to cfo",money_career,wh,29.8,1,3,1,1,0,6,""
3251,discovered,"what does the future hold for the nazca plate",money_career,wh,29.8,1,3,1,1,0,6,""
3252,discovered,"what's better a twin flame or soulmate",twin_flame_soulmate,wh,29.8,1,3,1,1,0,5,""
3253,discovered,"spiritual awakening meaning in english",spiritual_awakening,meaning,29.8,1,3,2,0,0,5,""
3254,seed,"how to use crystals",crystals_rituals,how,29.6,1,1,0,1,0,1,""
3255,discovered,"will she come back no one knows",love_relationships,yes_no,29.6,1,1,1,1,0,2,""
3256,discovered,"why did he ghost me but not block",grief_afterlife,wh,29.6,1,1,1,1,0,2,""
3257,discovered,"is my relationship toxic or abusive",love_relationships,yes_no,29.6,1,1,1,1,0,2,""
3258,discovered,"he won't commit",love_relationships,noun,29.6,1,1,1,1,0,2,""
3259,discovered,"signs he loves you more than you think",love_relationships,signs,29.6,1,1,1,1,0,2,""
3260,discovered,"how to tell if he loves you without words",love_relationships,how,29.6,1,1,1,1,0,2,""
3261,discovered,"is he my twin flame or am i delusional",twin_flame_soulmate,yes_no,29.6,1,1,1,1,0,2,""
3262,discovered,"does he think about me too",love_relationships,yes_no,29.6,1,1,1,1,0,2,""
3263,discovered,"am i an intuitive introvert",psychic_abilities,yes_no,29.6,1,1,1,1,0,2,""
3264,discovered,"what is the psychic ability",psychic_abilities,wh,29.6,1,1,1,1,0,2,""
3265,discovered,"how to strengthen intuition abilities",psychic_abilities,how,29.6,1,1,1,1,0,2,""
3266,discovered,"what is clairsentience and claircognizance",psychic_abilities,wh,29.6,1,1,1,1,0,2,""
3267,discovered,"what is clairaudience like",psychic_abilities,wh,29.6,1,1,1,1,0,2,""
3268,discovered,"how to do a psychic reading on yourself",psychic_abilities,how,29.6,1,1,1,1,0,2,""
3269,discovered,"is being a medium",grief_afterlife,yes_no,29.6,1,1,1,1,0,2,""
3270,discovered,"what does the tower card mean in tarot reading",tarot,wh,29.6,1,1,1,1,0,2,""
3271,discovered,"what does the lovers card mean in a love reading",tarot,wh,29.6,1,1,1,1,0,2,""
3272,discovered,"how to cleanse tarot cards without incense",tarot,how,29.6,1,1,1,1,0,2,""
3273,discovered,"tarot yes or no cards",tarot,noun,29.6,1,1,1,1,0,2,""
3274,discovered,"what does the moon card mean in a tarot reading",tarot,wh,29.6,1,1,1,1,0,2,""
3275,discovered,"how to shuffle tarot cards properly",tarot,how,29.6,1,1,1,1,0,2,""
3276,discovered,"what is the tarot birth card",tarot,wh,29.6,1,1,1,1,0,2,""
3277,discovered,"best tarot card for beginners",tarot,noun,29.6,1,1,1,1,0,2,""
3278,discovered,"what does the star card mean in tarot reading",tarot,wh,29.6,1,1,1,1,0,2,""
3279,discovered,"what is my moon sign by date of birth and time",astrology,wh,29.6,1,1,1,1,0,2,""
3280,discovered,"what is my sun sign by date of birth and time",astrology,wh,29.6,1,1,1,1,0,2,""
3281,discovered,"what is my big three zodiac",astrology,wh,29.6,1,1,1,1,0,2,""
3282,discovered,"what does my birth chart mean about",astrology,wh,29.6,1,1,1,1,0,2,""
3283,discovered,"mercury retrograde meaning slang",astrology,meaning,29.6,1,1,1,1,0,2,""
3284,discovered,"what sign is compatible with aquarius man",astrology,wh,29.6,1,1,1,1,0,2,""
3285,discovered,"what is my venus sign if im a scorpio",astrology,wh,29.6,1,1,1,1,0,2,""
3286,discovered,"what is my saturn return lesson",astrology,wh,29.6,1,1,1,1,0,2,""
3287,discovered,"when is my saturn return over",astrology,wh,29.6,1,1,1,1,0,2,""
3288,discovered,"what is a stellium in a birth chart",astrology,wh,29.6,1,1,1,1,0,2,""
3289,discovered,"is astrology real in the bible",astrology,yes_no,29.6,1,1,1,1,0,2,""
3290,discovered,"what does retrograde mean in astronomy",astrology,wh,29.6,1,1,1,1,0,2,""
3291,discovered,"what is considered a cusp",astrology,wh,29.6,1,1,1,1,0,2,""
3292,discovered,"what does 333 mean spiritually",angel_numbers,wh,29.6,1,1,1,1,0,2,""
3293,discovered,"what does 555 mean spiritually",angel_numbers,wh,29.6,1,1,1,1,0,2,""
3294,discovered,"what does 777 mean in angel numbers",angel_numbers,wh,29.6,1,1,1,1,0,2,""
3295,discovered,"what does 888 mean spiritually",angel_numbers,wh,29.6,1,1,1,1,0,2,""
3296,discovered,"what does 999 mean spiritually",angel_numbers,wh,29.6,1,1,1,1,0,2,""
3297,discovered,"what does 1212 mean in angel numbers",angel_numbers,wh,29.6,1,1,1,1,0,2,""
3298,discovered,"what does 1010 mean in angel numbers",angel_numbers,wh,29.6,1,1,1,1,0,2,""
3299,discovered,"angel numbers meanings 1111",angel_numbers,noun,29.6,1,1,1,1,0,2,""
3300,discovered,"how to calculate life path number correctly",angel_numbers,how,29.6,1,1,1,1,0,2,""
3301,discovered,"why do i keep seeing 1111 and 111",angel_numbers,wh,29.6,1,1,1,1,0,2,""
3302,discovered,"what does 1234 mean spiritually",angel_numbers,wh,29.6,1,1,1,1,0,2,""
3303,discovered,"what does it mean to dream about your ex girlfriend",dreams,wh,29.6,1,1,1,1,0,2,""
3304,discovered,"what does it mean to dream about your ex husband",dreams,wh,29.6,1,1,1,1,0,2,""
3305,discovered,"what does it mean to dream about someone who has passed away",dreams,wh,29.6,1,1,1,1,0,2,""
3306,discovered,"dream about water meaning in islam",dreams,meaning,29.6,1,1,1,1,0,2,""
3307,discovered,"dream about losing teeth meaning spiritual",dreams,meaning,29.6,1,1,1,1,0,2,""
3308,discovered,"dream about spiders meaning islam",dreams,meaning,29.6,1,1,1,1,0,2,""
3309,discovered,"dream about baby meaning in islam",dreams,meaning,29.6,1,1,1,1,0,2,""
3310,discovered,"dream about death meaning in islam",dreams,meaning,29.6,1,1,1,1,0,2,""
3311,discovered,"lucid dreaming how to start",dreams,noun,29.6,1,1,1,1,0,2,""
3312,discovered,"are dreams messages from your subconscious",dreams,yes_no,29.6,1,1,1,1,0,2,""
3313,discovered,"what does it mean when you dream about someone you like in islam",dreams,wh,29.6,1,1,1,1,0,2,""
3314,discovered,"law of attraction how to master your energy",manifestation,noun,29.6,1,1,1,1,0,2,""
3315,discovered,"manifestation signs it working",manifestation,signs,29.6,1,1,1,1,0,2,""
3316,discovered,"why is my sp manifestation not working",manifestation,wh,29.6,1,1,1,1,0,2,""
3317,discovered,"how to do shadow work journaling",manifestation,how,29.6,1,1,1,1,0,2,""
3318,discovered,"what is the 555 method of manifestation",angel_numbers,wh,29.6,1,1,1,1,0,2,""
3319,discovered,"what is the akashic records prayer",psychic_abilities,wh,29.6,1,1,1,1,0,2,""
3320,discovered,"what are synchronicities trying to tell you",signs_synchronicity,wh,29.6,1,1,1,1,0,2,""
3321,discovered,"why do i keep seeing repeating numbers everyday",angel_numbers,wh,29.6,1,1,1,1,0,2,""
3322,discovered,"what does it mean when you see a feather fall from the sky",signs_synchronicity,wh,29.6,1,1,1,1,0,2,""
3323,discovered,"butterfly meaning spiritual after death",signs_synchronicity,meaning,29.6,1,1,1,1,0,2,""
3324,discovered,"hummingbird meaning spiritual bible",signs_synchronicity,meaning,29.6,1,1,1,1,0,2,""
3325,discovered,"what does a sign from the universe",signs_synchronicity,wh,29.6,1,1,1,1,0,2,""
3326,discovered,"what does it mean when you see a deer at night",signs_synchronicity,wh,29.6,1,1,1,1,0,2,""
3327,discovered,"how to break a curse on you",protection_energy,how,29.6,1,1,1,1,0,2,""
3328,discovered,"how to get rid of negative energy at home",protection_energy,how,29.6,1,1,1,1,0,2,""
3329,discovered,"how to cleanse your aura at home",protection_energy,how,29.6,1,1,1,1,0,2,""
3330,discovered,"signs of bad energy in house at night",protection_energy,signs,29.6,1,1,1,1,0,2,""
3331,discovered,"how to do a cleansing ritual at home",protection_energy,how,29.6,1,1,1,1,0,2,""
3332,discovered,"signs of negative energy around you physically",protection_energy,signs,29.6,1,1,1,1,0,2,""
3333,discovered,"crystals for protection from evil",protection_energy,noun,29.6,1,1,1,1,0,2,""
3334,discovered,"crystals for love and romance",crystals_rituals,noun,29.6,1,1,1,1,0,2,""
3335,discovered,"how to cleanse crystals with selenite",protection_energy,how,29.6,1,1,1,1,0,2,""
3336,discovered,"what to do on a full moon witchcraft",crystals_rituals,wh,29.6,1,1,1,1,0,2,""
3337,discovered,"what does the full moon mean in blox fruits",crystals_rituals,wh,29.6,1,1,1,1,0,2,""
3338,discovered,"moon phases meaning witchcraft",crystals_rituals,meaning,29.6,1,1,1,1,0,2,""
3339,discovered,"how to use sage for cleansing",protection_energy,how,29.6,1,1,1,1,0,2,""
3340,discovered,"how to do candle spells",crystals_rituals,how,29.6,1,1,1,1,0,2,""
3341,discovered,"what is a protection spell witchcraft",protection_energy,wh,29.6,1,1,1,1,0,2,""
3342,discovered,"how to make a spell jar for protection",protection_energy,how,29.6,1,1,1,1,0,2,""
3343,discovered,"how to use a pendulum for divination",crystals_rituals,how,29.6,1,1,1,1,0,2,""
3344,discovered,"crystals for anxiety and stress",crystals_rituals,noun,29.6,1,1,1,1,0,2,""
3345,discovered,"how to charge crystals in the sun",crystals_rituals,how,29.6,1,1,1,1,0,2,""
3346,discovered,"how to balance chakras at home",chakras_energy,how,29.6,1,1,1,1,0,2,""
3347,discovered,"energy healing how to learn",chakras_energy,noun,29.6,1,1,1,1,0,2,""
3348,discovered,"what is the third eye chakra called",psychic_abilities,wh,29.6,1,1,1,1,0,2,""
3349,discovered,"physical symptoms of a blocked heart chakra",chakras_energy,noun,29.6,1,1,1,1,0,2,""
3350,discovered,"what is energy healing therapy",chakras_energy,wh,29.6,1,1,1,1,0,2,""
3351,discovered,"what is karma chameleon about",past_lives_karma,wh,29.6,1,1,1,1,0,2,""
3352,discovered,"how to clear karma quickly",past_lives_karma,how,29.6,1,1,1,1,0,2,""
3353,discovered,"what is a karmic relationship in tarot",twin_flame_soulmate,wh,29.6,1,1,1,1,0,2,""
3354,discovered,"karmic vs twin flame relationship",twin_flame_soulmate,noun,29.6,1,1,1,1,0,2,""
3355,discovered,"past life signs in natal chart",astrology,signs,29.6,1,1,1,1,0,2,""
3356,discovered,"can karmic relationships be healed",twin_flame_soulmate,yes_no,29.6,1,1,1,1,0,2,""
3357,discovered,"what is a soul contract chart",past_lives_karma,wh,29.6,1,1,1,1,0,2,""
3358,discovered,"do mediums talk to the dead",grief_afterlife,yes_no,29.6,1,1,1,1,0,2,""
3359,discovered,"how to communicate with a loved one who passed away",grief_afterlife,how,29.6,1,1,1,1,0,2,""
3360,discovered,"how do i know my loved one is watching over",grief_afterlife,how,29.6,1,1,1,1,0,2,""
3361,discovered,"what is a spirit guide reading",psychic_abilities,wh,29.6,1,1,1,1,0,2,""
3362,discovered,"how to know if a psychic",psychic_abilities,how,29.6,1,1,1,1,0,2,""
3363,discovered,"is my job right",money_career,yes_no,29.6,1,1,1,1,0,2,""
3364,discovered,"should i quit my job if i hate",money_career,yes_no,29.6,1,1,1,1,0,2,""
3365,discovered,"what is my soul purpose astrology",astrology,wh,29.6,1,1,1,1,0,2,""
3366,discovered,"how to know my purpose in god",money_career,how,29.6,1,1,1,1,0,2,""
3367,discovered,"does he love me ace of cups",love_relationships,yes_no,29.6,1,1,1,1,0,2,""
3368,discovered,"does he love me death tarot",tarot,yes_no,29.6,1,1,1,1,0,2,""
3369,discovered,"how much does he love",love_relationships,how,29.6,1,1,1,1,0,2,""
3370,discovered,"he loves me jill scott",love_relationships,noun,29.6,1,1,1,1,0,2,""
3371,discovered,"does he love me love",love_relationships,yes_no,29.6,1,1,1,1,0,2,""
3372,discovered,"what is she loves me play about",love_relationships,wh,29.6,1,1,1,1,0,2,""
3373,discovered,"does he love me really",love_relationships,yes_no,29.6,1,1,1,1,0,2,""
3374,discovered,"does he love me secretly",love_relationships,yes_no,29.6,1,1,1,1,0,2,""
3375,discovered,"does he love me yes or no tarot",tarot,yes_no,29.6,1,1,1,1,0,2,""
3376,discovered,"he still loves me by",love_relationships,noun,29.6,1,1,1,1,0,2,""
3377,discovered,"do you still love me in tagalog",love_relationships,yes_no,29.6,1,1,1,1,0,2,""
3378,discovered,"do you still love me jamie",love_relationships,yes_no,29.6,1,1,1,1,0,2,""
3379,discovered,"do you still love me when",love_relationships,yes_no,29.6,1,1,1,1,0,2,""
3380,discovered,"will he miss me in no contact",love_relationships,yes_no,29.6,1,1,1,1,0,2,""
3381,discovered,"does miss me jeans have plus size",love_relationships,yes_no,29.6,1,1,1,1,0,2,""
3382,discovered,"does he miss me queen of cups",love_relationships,yes_no,29.6,1,1,1,1,0,2,""
3383,discovered,"does miss me run small",love_relationships,yes_no,29.6,1,1,1,1,0,2,""
3384,discovered,"is it miss me or missed",love_relationships,yes_no,29.6,1,1,1,1,0,2,""
3385,discovered,"what does my crush like about",love_relationships,wh,29.6,1,1,1,1,0,2,""
3386,discovered,"does my crush like me school edition",love_relationships,yes_no,29.6,1,1,1,1,0,2,""
3387,discovered,"does my crush like me quiz girl",love_relationships,yes_no,29.6,1,1,1,1,0,2,""
3388,discovered,"does my crush like me quiz kids",love_relationships,yes_no,29.6,1,1,1,1,0,2,""
3389,discovered,"does my crush like me back quiz lgbt",love_relationships,yes_no,29.6,1,1,1,1,0,2,""
3390,discovered,"does my crush like me or am i delusional",love_relationships,yes_no,29.6,1,1,1,1,0,2,""
3391,discovered,"how much percent does my crush like",love_relationships,how,29.6,1,1,1,1,0,2,""
3392,discovered,"lavender does it come back every year",love_relationships,noun,29.6,1,1,1,1,0,2,""
3393,discovered,"will he come back if i give him space",love_relationships,yes_no,29.6,1,1,1,1,0,2,""
3394,discovered,"it will come back quotes",love_relationships,noun,29.6,1,1,1,1,0,2,""
3395,discovered,"is he cheating breakin dishes",love_relationships,yes_no,29.6,1,1,1,1,0,2,""
3396,discovered,"is he cheating com",love_relationships,yes_no,29.6,1,1,1,1,0,2,""
3397,discovered,"is it cheating during a break",love_relationships,yes_no,29.6,1,1,1,1,0,2,""
3398,discovered,"is he cheating facebook group",love_relationships,yes_no,29.6,1,1,1,1,0,2,""
3399,discovered,"is he cheating on his wife",love_relationships,yes_no,29.6,1,1,1,1,0,2,""
3400,discovered,"is she cheating or just dancing",love_relationships,yes_no,29.6,1,1,1,1,0,2,""
3401,discovered,"will.he keep.cheating",love_relationships,yes_no,29.6,1,1,1,1,0,2,""
3402,discovered,"is he cheating long distance",love_relationships,yes_no,29.6,1,1,1,1,0,2,""
3403,discovered,"is he cheating meme",love_relationships,yes_no,29.6,1,1,1,1,0,2,""
3404,discovered,"he is probably cheating on me meme",love_relationships,noun,29.6,1,1,1,1,0,2,""
3405,discovered,"is he cheating tarot",tarot,yes_no,29.6,1,1,1,1,0,2,""
3406,discovered,"is it cheating using ai",love_relationships,yes_no,29.6,1,1,1,1,0,2,""
3407,discovered,"is she cheating on vacation",love_relationships,yes_no,29.6,1,1,1,1,0,2,""
3408,discovered,"is he the one for me book",love_relationships,yes_no,29.6,1,1,1,1,0,2,""
3409,discovered,"is he the chosen one gif",love_relationships,yes_no,29.6,1,1,1,1,0,2,""
3410,discovered,"why has he gone distant",love_relationships,wh,29.6,1,1,1,1,0,2,""
3411,discovered,"why is he so distant",love_relationships,wh,29.6,1,1,1,1,0,2,""
3412,discovered,"am i becoming psychic",psychic_abilities,yes_no,29.6,1,1,1,1,0,2,""
3413,discovered,"am i medium or deep skin tone",grief_afterlife,yes_no,29.6,1,1,1,1,0,2,""
3414,discovered,"why am i getting psychic",psychic_abilities,wh,29.6,1,1,1,1,0,2,""
3415,discovered,"i am medium height in spanish",grief_afterlife,noun,29.6,1,1,1,1,0,2,""
3416,discovered,"am i psychic meme",psychic_abilities,yes_no,29.6,1,1,1,1,0,2,""
3417,discovered,"how to open third eye again",psychic_abilities,how,29.6,1,1,1,1,0,2,""
3418,discovered,"how to open third eye by meditation",psychic_abilities,how,29.6,1,1,1,1,0,2,""
3419,discovered,"how does it feel to open third eye",psychic_abilities,how,29.6,1,1,1,1,0,2,""
3420,discovered,"how to open third eye fully",psychic_abilities,how,29.6,1,1,1,1,0,2,""
3421,discovered,"how to open third eye in islam",psychic_abilities,how,29.6,1,1,1,1,0,2,""
3422,discovered,"how to open third eye more",psychic_abilities,how,29.6,1,1,1,1,0,2,""
3423,discovered,"how to open third eye permanently",psychic_abilities,how,29.6,1,1,1,1,0,2,""
3424,discovered,"how to open third eye sadhguru",psychic_abilities,how,29.6,1,1,1,1,0,2,""
3425,discovered,"how to open third eye through meditation",psychic_abilities,how,29.6,1,1,1,1,0,2,""
3426,discovered,"how to use amethyst to open third eye",psychic_abilities,how,29.6,1,1,1,1,0,2,""
3427,discovered,"how to open third eye with crystal",psychic_abilities,how,29.6,1,1,1,1,0,2,""
3428,discovered,"how to open your third eye in 10 seconds",psychic_abilities,how,29.6,1,1,1,1,0,2,""
3429,discovered,"how to read tarot as",tarot,how,29.6,1,1,1,1,0,2,""
3430,discovered,"how to read tarot beginners",tarot,how,29.6,1,1,1,1,0,2,""
3431,discovered,"how to read tarot dice",tarot,how,29.6,1,1,1,1,0,2,""
3432,discovered,"how to read etteilla tarot",tarot,how,29.6,1,1,1,1,0,2,""
3433,discovered,"how to read gypsy tarot",tarot,how,29.6,1,1,1,1,0,2,""
3434,discovered,"how to read horseshoe tarot",tarot,how,29.6,1,1,1,1,0,2,""
3435,discovered,"how to read tarot in reverse",tarot,how,29.6,1,1,1,1,0,2,""
3436,discovered,"how to read judgement tarot",tarot,how,29.6,1,1,1,1,0,2,""
3437,discovered,"how to read kitten tarot cards",tarot,how,29.6,1,1,1,1,0,2,""
3438,discovered,"how to read tarot layout",tarot,how,29.6,1,1,1,1,0,2,""
3439,discovered,"how to read tarot minor arcana",tarot,how,29.6,1,1,1,1,0,2,""
3440,discovered,"how to read tarot numerology",angel_numbers,how,29.6,1,1,1,1,0,2,""
3441,discovered,"how to read tarot on playing cards",tarot,how,29.6,1,1,1,1,0,2,""
3442,discovered,"how to read tarot reading",tarot,how,29.6,1,1,1,1,0,2,""
3443,discovered,"how to read tarot simple",tarot,how,29.6,1,1,1,1,0,2,""
3444,discovered,"how to read tarot three card spread",tarot,how,29.6,1,1,1,1,0,2,""
3445,discovered,"how to use tarot cards in vr phasmophobia",tarot,how,29.6,1,1,1,1,0,2,""
3446,discovered,"how to read tarot with zodiac",tarot,how,29.6,1,1,1,1,0,2,""
3447,discovered,"what does the death card mean in tarot card reading",tarot,wh,29.6,1,1,1,1,0,2,""
3448,discovered,"what does the tarot card for death",tarot,wh,29.6,1,1,1,1,0,2,""
3449,discovered,"what does pulling the death card",tarot,wh,29.6,1,1,1,1,0,2,""
3450,discovered,"what does the death card mean in relationship",tarot,wh,29.6,1,1,1,1,0,2,""
3451,discovered,"is tarot ai",tarot,yes_no,29.6,1,1,1,1,0,2,""
3452,discovered,"is tarot com",tarot,yes_no,29.6,1,1,1,1,0,2,""
3453,discovered,"how accurate is tarot card reading",tarot,how,29.6,1,1,1,1,0,2,""
3454,discovered,"are tarot psychics",tarot,yes_no,29.6,1,1,1,1,0,2,""
3455,discovered,"tarot is so",tarot,noun,29.6,1,1,1,1,0,2,""
3456,discovered,"can tarot cards be wrong",tarot,yes_no,29.6,1,1,1,1,0,2,""
3457,discovered,"what is my rising sign as an aquarius",astrology,wh,29.6,1,1,1,1,0,2,""
3458,discovered,"what is my rising sign birth chart",astrology,wh,29.6,1,1,1,1,0,2,""
3459,discovered,"what is my rising sign capricorn",astrology,wh,29.6,1,1,1,1,0,2,""
3460,discovered,"what is your rising sign determined by",astrology,wh,29.6,1,1,1,1,0,2,""
3461,discovered,"what does your rising sign effect",astrology,wh,29.6,1,1,1,1,0,2,""
3462,discovered,"what is my rising sign for scorpio",astrology,wh,29.6,1,1,1,1,0,2,""
3463,discovered,"what is my rising sign house",astrology,wh,29.6,1,1,1,1,0,2,""
3464,discovered,"what is my rising sign july 28",astrology,wh,29.6,1,1,1,1,0,2,""
3465,discovered,"what is the rising sign look like",astrology,wh,29.6,1,1,1,1,0,2,""
3466,discovered,"what is my rising sign moon",astrology,wh,29.6,1,1,1,1,0,2,""
3467,discovered,"what is the rising sign name",astrology,wh,29.6,1,1,1,1,0,2,""
3468,discovered,"what is my rising sign on costar",astrology,wh,29.6,1,1,1,1,0,2,""
3469,discovered,"what is the rising sign planet",astrology,wh,29.6,1,1,1,1,0,2,""
3470,discovered,"what is your rising sign represent",astrology,wh,29.6,1,1,1,1,0,2,""
3471,discovered,"what is my rising sign vedic",astrology,wh,29.6,1,1,1,1,0,2,""
3472,discovered,"what is my rising sign if i was born in august",astrology,wh,29.6,1,1,1,1,0,2,""
3473,discovered,"what is your rising sign if you are a pisces",astrology,wh,29.6,1,1,1,1,0,2,""
3474,discovered,"what is your rising sign zodiac",astrology,wh,29.6,1,1,1,1,0,2,""
3475,discovered,"how to read your astrological chart book",astrology,how,29.6,1,1,1,1,0,2,""
3476,discovered,"how to read your astrological chart donna",astrology,how,29.6,1,1,1,1,0,2,""
3477,discovered,"how to read my indian birth chart",astrology,how,29.6,1,1,1,1,0,2,""
3478,discovered,"learn how to read your birth chart",astrology,noun,29.6,1,1,1,1,0,2,""
3479,discovered,"how to read my own astrology chart",astrology,how,29.6,1,1,1,1,0,2,""
3480,discovered,"how to read my vedic astrology chart",astrology,how,29.6,1,1,1,1,0,2,""
3481,discovered,"what does mercury retrograde mean for aries",astrology,wh,29.6,1,1,1,1,0,2,""
3482,discovered,"does mercury retrograde mean bad luck",astrology,yes_no,29.6,1,1,1,1,0,2,""
3483,discovered,"what does mercury in retrograde mean emotionally",astrology,wh,29.6,1,1,1,1,0,2,""
3484,discovered,"what does mercury going retrograde",astrology,wh,29.6,1,1,1,1,0,2,""
3485,discovered,"what does mercury out of retrograde",astrology,wh,29.6,1,1,1,1,0,2,""
3486,discovered,"what does mercury retrograde shadow period",astrology,wh,29.6,1,1,1,1,0,2,""
3487,discovered,"what does mercury retrograde really",astrology,wh,29.6,1,1,1,1,0,2,""
3488,discovered,"what does mercury retrograde mean sza",astrology,wh,29.6,1,1,1,1,0,2,""
3489,discovered,"what does the upcoming mercury retrograde",astrology,wh,29.6,1,1,1,1,0,2,""
3490,discovered,"what does mercury in retrograde mean for women",astrology,wh,29.6,1,1,1,1,0,2,""
3491,discovered,"what does it mean to have mercury retrograde.in your natal.chart",astrology,wh,29.6,1,1,1,1,0,2,""
3492,discovered,"zodiac compatibility aquarius",astrology,noun,29.6,1,1,1,1,0,2,""
3493,discovered,"zodiac compatibility birth chart",astrology,noun,29.6,1,1,1,1,0,2,""
3494,discovered,"zodiac compatibility dragon",astrology,noun,29.6,1,1,1,1,0,2,""
3495,discovered,"zodiac compatibility for marriage",astrology,noun,29.6,1,1,1,1,0,2,""
3496,discovered,"zodiac compatibility gemini and sagittarius",astrology,noun,29.6,1,1,1,1,0,2,""
3497,discovered,"zodiac compatibility hindustan times",astrology,noun,29.6,1,1,1,1,0,2,""
3498,discovered,"zodiac compatibility in love",astrology,noun,29.6,1,1,1,1,0,2,""
3499,discovered,"astrology kundali compatibility",astrology,noun,29.6,1,1,1,1,0,2,""
3500,discovered,"zodiac compatibility leo",astrology,noun,29.6,1,1,1,1,0,2,""
3501,discovered,"zodiac compatibility match",astrology,noun,29.6,1,1,1,1,0,2,""
3502,discovered,"zodiac compatibility nebula",astrology,noun,29.6,1,1,1,1,0,2,""
3503,discovered,"zodiac compatibility of libra",astrology,noun,29.6,1,1,1,1,0,2,""
3504,discovered,"zodiac compatibility pisces",astrology,noun,29.6,1,1,1,1,0,2,""
3505,discovered,"zodiac compatibility report",astrology,noun,29.6,1,1,1,1,0,2,""
3506,discovered,"zodiac compatibility sagittarius",astrology,noun,29.6,1,1,1,1,0,2,""
3507,discovered,"zodiac compatibility taurus",astrology,noun,29.6,1,1,1,1,0,2,""
3508,discovered,"zodiac compatibility virgo and sagittarius",astrology,noun,29.6,1,1,1,1,0,2,""
3509,discovered,"zodiac compatibility with leo",astrology,noun,29.6,1,1,1,1,0,2,""
3510,discovered,"chinese zodiac compatibility years",astrology,noun,29.6,1,1,1,1,0,2,""
3511,discovered,"what does 1111 mean and 111",angel_numbers,wh,29.6,1,1,1,1,0,2,""
3512,discovered,"what does 1111 mean for twin flames",twin_flame_soulmate,wh,29.6,1,1,1,1,0,2,""
3513,discovered,"what does 1111 mean in gematria",angel_numbers,wh,29.6,1,1,1,1,0,2,""
3514,discovered,"what does 11 11 mean in love tamil",love_relationships,wh,29.6,1,1,1,1,0,2,""
3515,discovered,"what does 1111 mean spiritually in love",angel_numbers,wh,29.6,1,1,1,1,0,2,""
3516,discovered,"what does 1111 mean when you see it all the time",angel_numbers,wh,29.6,1,1,1,1,0,2,""
3517,discovered,"what does 222 mean after a breakup",angel_numbers,wh,29.6,1,1,1,1,0,2,""
3518,discovered,"what does 222 mean bad",angel_numbers,wh,29.6,1,1,1,1,0,2,""
3519,discovered,"what does 222 mean catholic",angel_numbers,wh,29.6,1,1,1,1,0,2,""
3520,discovered,"what does 222 mean death",angel_numbers,wh,29.6,1,1,1,1,0,2,""
3521,discovered,"what does 222 mean in esoteric",angel_numbers,wh,29.6,1,1,1,1,0,2,""
3522,discovered,"what does 222 mean for relationships",angel_numbers,wh,29.6,1,1,1,1,0,2,""
3523,discovered,"what does 222 mean gang tattoo",angel_numbers,wh,29.6,1,1,1,1,0,2,""
3524,discovered,"what does 222 mean in hebrew strong's concordance",angel_numbers,wh,29.6,1,1,1,1,0,2,""
3525,discovered,"what does 222 mean i keep seeing",angel_numbers,wh,29.6,1,1,1,1,0,2,""
3526,discovered,"what does 222 mean.l",angel_numbers,wh,29.6,1,1,1,1,0,2,""
3527,discovered,"what does 222 mean numbers",angel_numbers,wh,29.6,1,1,1,1,0,2,""
3528,discovered,"what does 222 mean on a necklace",angel_numbers,wh,29.6,1,1,1,1,0,2,""
3529,discovered,"what does 222 pm",angel_numbers,wh,29.6,1,1,1,1,0,2,""
3530,discovered,"what does 222 mean spiritually in love",angel_numbers,wh,29.6,1,1,1,1,0,2,""
3531,discovered,"what does 222 mean when u see",angel_numbers,wh,29.6,1,1,1,1,0,2,""
3532,discovered,"what does 444 mean vs 222",angel_numbers,wh,29.6,1,1,1,1,0,2,""
3533,discovered,"angel numbers and meaning malayalam",angel_numbers,meaning,29.6,1,1,1,1,0,2,""
3534,discovered,"angel numbers esoteric meanings",angel_numbers,noun,29.6,1,1,1,1,0,2,""
3535,discovered,"angel numbers meaning for 333",angel_numbers,meaning,29.6,1,1,1,1,0,2,""
3536,discovered,"what angel numbers mean good luck",angel_numbers,wh,29.6,1,1,1,1,0,2,""
3537,discovered,"angel numbers hours",angel_numbers,noun,29.6,1,1,1,1,0,2,""
3538,discovered,"angel numbers meaning luck",angel_numbers,meaning,29.6,1,1,1,1,0,2,""
3539,discovered,"angel numbers meaning malayalam",angel_numbers,meaning,29.6,1,1,1,1,0,2,""
3540,discovered,"angel numbers meaning protection",angel_numbers,meaning,29.6,1,1,1,1,0,2,""
3541,discovered,"angel numbers meaning tattoo",angel_numbers,meaning,29.6,1,1,1,1,0,2,""
3542,discovered,"angel numbers list with",angel_numbers,noun,29.6,1,1,1,1,0,2,""
3543,discovered,"what angel numbers mean your manifestation is coming true",angel_numbers,wh,29.6,1,1,1,1,0,2,""
3544,discovered,"what life path numbers are most compatible",angel_numbers,wh,29.6,1,1,1,1,0,2,""
3545,discovered,"what is the life path number 8 birthday",angel_numbers,wh,29.6,1,1,1,1,0,2,""
3546,discovered,"chatgpt what is my life path number",angel_numbers,noun,29.6,1,1,1,1,0,2,""
3547,discovered,"what if my life path number doesn't fit",angel_numbers,wh,29.6,1,1,1,1,0,2,""
3548,discovered,"what if your life path number equals 10",angel_numbers,wh,29.6,1,1,1,1,0,2,""
3549,discovered,"what is the greatest life path number",angel_numbers,wh,29.6,1,1,1,1,0,2,""
3550,discovered,"what is the hardest life path number",angel_numbers,wh,29.6,1,1,1,1,0,2,""
3551,discovered,"what is my life path number is 11",angel_numbers,wh,29.6,1,1,1,1,0,2,""
3552,discovered,"what is the last life path number",angel_numbers,wh,29.6,1,1,1,1,0,2,""
3553,discovered,"what is the life path number of 8",angel_numbers,wh,29.6,1,1,1,1,0,2,""
3554,discovered,"what is the purpose of life path number 5",angel_numbers,wh,29.6,1,1,1,1,0,2,""
3555,discovered,"what does your life path number represent",angel_numbers,wh,29.6,1,1,1,1,0,2,""
3556,discovered,"what is the meaning of life path number three",angel_numbers,wh,29.6,1,1,1,1,0,2,""
3557,discovered,"what is the use of life path number",angel_numbers,wh,29.6,1,1,1,1,0,2,""
3558,discovered,"what does your life path number tell you",angel_numbers,wh,29.6,1,1,1,1,0,2,""
3559,discovered,"what does it mean when you dream about a baby",dreams,wh,29.6,1,1,1,1,0,2,""
3560,discovered,"what does it mean when you dream about being naked in public",dreams,wh,29.6,1,1,1,1,0,2,""
3561,discovered,"what does it mean when you dream about cheating on your partner",dreams,wh,29.6,1,1,1,1,0,2,""
3562,discovered,"what does it mean when you dream about death of a family member",dreams,wh,29.6,1,1,1,1,0,2,""
3563,discovered,"what does it mean when you dream about earthquakes",dreams,wh,29.6,1,1,1,1,0,2,""
3564,discovered,"what does it mean when you dream about fire",dreams,wh,29.6,1,1,1,1,0,2,""
3565,discovered,"what does it mean when you dream about getting shot",dreams,wh,29.6,1,1,1,1,0,2,""
3566,discovered,"what does it mean when you dream about horses",dreams,wh,29.6,1,1,1,1,0,2,""
3567,discovered,"what does it mean when you dream about ice cream",dreams,wh,29.6,1,1,1,1,0,2,""
3568,discovered,"what does it mean when you dream about jewelry",dreams,wh,29.6,1,1,1,1,0,2,""
3569,discovered,"what does it mean when you dream about kittens",dreams,wh,29.6,1,1,1,1,0,2,""
3570,discovered,"what does it mean when you dream about losing a tooth",dreams,wh,29.6,1,1,1,1,0,2,""
3571,discovered,"what does it mean when you dream about money in your hand",dreams,wh,29.6,1,1,1,1,0,2,""
3572,discovered,"what does it mean when you dream about not being able to find your car",dreams,wh,29.6,1,1,1,1,0,2,""
3573,discovered,"what does it mean when you dream about one tooth falling out",dreams,wh,29.6,1,1,1,1,0,2,""
3574,discovered,"what does it mean when you dream about pooping yourself",dreams,wh,29.6,1,1,1,1,0,2,""
3575,discovered,"what does it mean when you dream about quicksand",dreams,wh,29.6,1,1,1,1,0,2,""
3576,discovered,"what does it mean when you dream about rattlesnakes",dreams,wh,29.6,1,1,1,1,0,2,""
3577,discovered,"what does it mean when you dream about turtles",dreams,wh,29.6,1,1,1,1,0,2,""
3578,discovered,"what does it mean when you dream about unicorns",dreams,wh,29.6,1,1,1,1,0,2,""
3579,discovered,"what does it mean when you dream about vomiting",dreams,wh,29.6,1,1,1,1,0,2,""
3580,discovered,"what does it mean when you dream about winning money",dreams,wh,29.6,1,1,1,1,0,2,""
3581,discovered,"what does it mean when you dream of an ex boyfriend",dreams,wh,29.6,1,1,1,1,0,2,""
3582,discovered,"what does it mean when you dream about zombie apocalypse",dreams,wh,29.6,1,1,1,1,0,2,""
3583,discovered,"what does it mean when you dream about zombies trying to kill you",dreams,wh,29.6,1,1,1,1,0,2,""
3584,discovered,"why do i keep dreaming about an ex",dreams,wh,29.6,1,1,1,1,0,2,""
3585,discovered,"why do i keep dreaming about bears",dreams,wh,29.6,1,1,1,1,0,2,""
3586,discovered,"why do i keep dreaming about crashing my car",dreams,wh,29.6,1,1,1,1,0,2,""
3587,discovered,"why do i keep dreaming about dying",dreams,wh,29.6,1,1,1,1,0,2,""
3588,discovered,"why do i keep dreaming about exes",dreams,wh,29.6,1,1,1,1,0,2,""
3589,discovered,"why do i keep dreaming about family members dying",dreams,wh,29.6,1,1,1,1,0,2,""
3590,discovered,"why do i keep dreaming of jinns",dreams,wh,29.6,1,1,1,1,0,2,""
3591,discovered,"why do i keep dreaming about kissing someone",dreams,wh,29.6,1,1,1,1,0,2,""
3592,discovered,"why do i keep dreaming about lions",dreams,wh,29.6,1,1,1,1,0,2,""
3593,discovered,"why do i keep dreaming about newborn baby",dreams,wh,29.6,1,1,1,1,0,2,""
3594,discovered,"why do i keep dreaming about one specific person",dreams,wh,29.6,1,1,1,1,0,2,""
3595,discovered,"why do i keep dreaming about people who have died",dreams,wh,29.6,1,1,1,1,0,2,""
3596,discovered,"why do i keep dreaming about rattlesnakes",dreams,wh,29.6,1,1,1,1,0,2,""
3597,discovered,"why do i keep dreaming about spiders",dreams,wh,29.6,1,1,1,1,0,2,""
3598,discovered,"why do i keep dreaming about university",dreams,wh,29.6,1,1,1,1,0,2,""
3599,discovered,"why do i keep dreaming about violence",dreams,wh,29.6,1,1,1,1,0,2,""
3600,discovered,"why do i keep dreaming about wrecking my car",dreams,wh,29.6,1,1,1,1,0,2,""
3601,discovered,"why do i keep dreaming about someone you love",dreams,wh,29.6,1,1,1,1,0,2,""
3602,discovered,"why do i keep dreaming about zombie apocalypses spiritual",dreams,wh,29.6,1,1,1,1,0,2,""
3603,discovered,"dream meaning snake and crocodile",dreams,meaning,29.6,1,1,1,1,0,2,""
3604,discovered,"dream meaning snakes chasing",dreams,meaning,29.6,1,1,1,1,0,2,""
3605,discovered,"dream meaning snake eating itself",dreams,meaning,29.6,1,1,1,1,0,2,""
3606,discovered,"dream about four snakes",dreams,noun,29.6,1,1,1,1,0,2,""
3607,discovered,"dream about orange snake",dreams,noun,29.6,1,1,1,1,0,2,""
3608,discovered,"dream about rats and snakes",dreams,noun,29.6,1,1,1,1,0,2,""
3609,discovered,"dream snake meaning tamil",dreams,meaning,29.6,1,1,1,1,0,2,""
3610,discovered,"meaning when u dream about snakes",dreams,meaning,29.6,1,1,1,1,0,2,""
3611,discovered,"dream meaning snake wrapped around leg",dreams,meaning,29.6,1,1,1,1,0,2,""
3612,discovered,"dream meaning snake yellow",dreams,meaning,29.6,1,1,1,1,0,2,""
3613,discovered,"how to manifest a new job",manifestation,how,29.6,1,1,1,1,0,2,""
3614,discovered,"how to manifest based on your birth chart",manifestation,how,29.6,1,1,1,1,0,2,""
3615,discovered,"how to manifest cancer rising",manifestation,how,29.6,1,1,1,1,0,2,""
3616,discovered,"how to manifest everything you want",manifestation,how,29.6,1,1,1,1,0,2,""
3617,discovered,"how to manifest good things in your life",manifestation,how,29.6,1,1,1,1,0,2,""
3618,discovered,"how to manifest health",manifestation,how,29.6,1,1,1,1,0,2,""
3619,discovered,"how to manifest in the shower",manifestation,how,29.6,1,1,1,1,0,2,""
3620,discovered,"how to manifest job offer",manifestation,how,29.6,1,1,1,1,0,2,""
3621,discovered,"how to manifest kannada",manifestation,how,29.6,1,1,1,1,0,2,""
3622,discovered,"how to manifest lacy phillips",manifestation,how,29.6,1,1,1,1,0,2,""
3623,discovered,"how to manifest my aura in vv ultimatum",manifestation,how,29.6,1,1,1,1,0,2,""
3624,discovered,"how to manifest no rain",manifestation,how,29.6,1,1,1,1,0,2,""
3625,discovered,"how to manifest on a full moon",manifestation,how,29.6,1,1,1,1,0,2,""
3626,discovered,"how to manifest positivity",manifestation,how,29.6,1,1,1,1,0,2,""
3627,discovered,"how to manifest quick money",manifestation,how,29.6,1,1,1,1,0,2,""
3628,discovered,"how to manifest running into someone",manifestation,how,29.6,1,1,1,1,0,2,""
3629,discovered,"how to manifest through journaling",manifestation,how,29.6,1,1,1,1,0,2,""
3630,discovered,"how to manifest using your birth chart",manifestation,how,29.6,1,1,1,1,0,2,""
3631,discovered,"how to manifest visualization",manifestation,how,29.6,1,1,1,1,0,2,""
3632,discovered,"how to edit android manifest xml",manifestation,how,29.6,1,1,1,1,0,2,""
3633,discovered,"how to attract zombie pigmen",love_relationships,how,29.6,1,1,1,1,0,2,""
3634,discovered,"how to manifest money before bed",manifestation,how,29.6,1,1,1,1,0,2,""
3635,discovered,"how to attract money dr joseph murphy",money_career,how,29.6,1,1,1,1,0,2,""
3636,discovered,"how to manifest money effectively",manifestation,how,29.6,1,1,1,1,0,2,""
3637,discovered,"how to manifest money for someone else",manifestation,how,29.6,1,1,1,1,0,2,""
3638,discovered,"how to attract money hindi book",money_career,how,29.6,1,1,1,1,0,2,""
3639,discovered,"how to attract money joseph murphy",money_career,how,29.6,1,1,1,1,0,2,""
3640,discovered,"how to attract and keep money",money_career,how,29.6,1,1,1,1,0,2,""
3641,discovered,"how to manifest money luck",manifestation,how,29.6,1,1,1,1,0,2,""
3642,discovered,"how to manifest more money in your life",manifestation,how,29.6,1,1,1,1,0,2,""
3643,discovered,"how to attract money naturally",money_career,how,29.6,1,1,1,1,0,2,""
3644,discovered,"how to attract money quickly",money_career,how,29.6,1,1,1,1,0,2,""
3645,discovered,"how to manifest money ritual",manifestation,how,29.6,1,1,1,1,0,2,""
3646,discovered,"how to manifest the money",manifestation,how,29.6,1,1,1,1,0,2,""
3647,discovered,"how to manifest money using bay leaf",manifestation,how,29.6,1,1,1,1,0,2,""
3648,discovered,"how to attract money vastu",money_career,how,29.6,1,1,1,1,0,2,""
3649,discovered,"how to manifest money without a job",manifestation,how,29.6,1,1,1,1,0,2,""
3650,discovered,"how to attract money youtube",money_career,how,29.6,1,1,1,1,0,2,""
3651,discovered,"do manifestation bracelets work",manifestation,yes_no,29.6,1,1,1,1,0,2,""
3652,discovered,"do manifestation crystals work",manifestation,yes_no,29.6,1,1,1,1,0,2,""
3653,discovered,"does joe dispenza manifestation work",manifestation,yes_no,29.6,1,1,1,1,0,2,""
3654,discovered,"does manifestation meditation work",manifestation,yes_no,29.6,1,1,1,1,0,2,""
3655,discovered,"why does manifestation not work",manifestation,wh,29.6,1,1,1,1,0,2,""
3656,discovered,"does manifestation work or not",manifestation,yes_no,29.6,1,1,1,1,0,2,""
3657,discovered,"does manifesting people work",manifestation,yes_no,29.6,1,1,1,1,0,2,""
3658,discovered,"does quantum manifestation work",manifestation,yes_no,29.6,1,1,1,1,0,2,""
3659,discovered,"does manifestation really work",manifestation,yes_no,29.6,1,1,1,1,0,2,""
3660,discovered,"does manifesting work sp",manifestation,yes_no,29.6,1,1,1,1,0,2,""
3661,discovered,"does manifestation works to make someone cheat you",manifestation,yes_no,29.6,1,1,1,1,0,2,""
3662,discovered,"does vix manifestation work",manifestation,yes_no,29.6,1,1,1,1,0,2,""
3663,discovered,"what is shadow work bible",manifestation,wh,29.6,1,1,1,1,0,2,""
3664,discovered,"what is shadow work christianity",manifestation,wh,29.6,1,1,1,1,0,2,""
3665,discovered,"what is job shadow day",money_career,wh,29.6,1,1,1,1,0,2,""
3666,discovered,"what is shadow work embroidery",manifestation,wh,29.6,1,1,1,1,0,2,""
3667,discovered,"google what is shadow work",manifestation,noun,29.6,1,1,1,1,0,2,""
3668,discovered,"what is a job shadow like",money_career,wh,29.6,1,1,1,1,0,2,""
3669,discovered,"what is shadow work manifestation",manifestation,wh,29.6,1,1,1,1,0,2,""
3670,discovered,"what is shadow work paganism",manifestation,wh,29.6,1,1,1,1,0,2,""
3671,discovered,"what is shadow work really",manifestation,wh,29.6,1,1,1,1,0,2,""
3672,discovered,"what is shadow work saree",manifestation,wh,29.6,1,1,1,1,0,2,""
3673,discovered,"what is light work vs shadow work",manifestation,wh,29.6,1,1,1,1,0,2,""
3674,discovered,"what is shadow work witch",manifestation,wh,29.6,1,1,1,1,0,2,""
3675,discovered,"what is shadow work in yoga",manifestation,wh,29.6,1,1,1,1,0,2,""
3676,discovered,"common signs of spiritual awakening",spiritual_awakening,signs,29.6,1,1,1,1,0,2,""
3677,discovered,"signs of deep spiritual awakening",spiritual_awakening,signs,29.6,1,1,1,1,0,2,""
3678,discovered,"signs of having a spiritual.awakening",spiritual_awakening,signs,29.6,1,1,1,1,0,2,""
3679,discovered,"signs of spiritually awakened person",spiritual_awakening,signs,29.6,1,1,1,1,0,2,""
3680,discovered,"what are signs of spiritual awakening",spiritual_awakening,wh,29.6,1,1,1,1,0,2,""
3681,discovered,"what is an spiritual awakening",spiritual_awakening,wh,29.6,1,1,1,1,0,2,""
3682,discovered,"what is spiritual awakening in buddhism",spiritual_awakening,wh,29.6,1,1,1,1,0,2,""
3683,discovered,"is a spiritual awakening demonic",spiritual_awakening,yes_no,29.6,1,1,1,1,0,2,""
3684,discovered,"what is kundalini energy awakening",chakras_energy,wh,29.6,1,1,1,1,0,2,""
3685,discovered,"what is a great spiritual awakening",spiritual_awakening,wh,29.6,1,1,1,1,0,2,""
3686,discovered,"what is spiritual awakening in hinduism",spiritual_awakening,wh,29.6,1,1,1,1,0,2,""
3687,discovered,"what is spirituality awakening",spiritual_awakening,wh,29.6,1,1,1,1,0,2,""
3688,discovered,"what is a strategic spiritual maneuver awakening",spiritual_awakening,wh,29.6,1,1,1,1,0,2,""
3689,discovered,"what is the definition of a spiritual awakening",spiritual_awakening,wh,29.6,1,1,1,1,0,2,""
3690,discovered,"what is a spontaneous spiritual awakening",spiritual_awakening,wh,29.6,1,1,1,1,0,2,""
3691,discovered,"what is kundalini awakening twin flame",twin_flame_soulmate,wh,29.6,1,1,1,1,0,2,""
3692,discovered,"what is spiritual awakening in simple words",spiritual_awakening,wh,29.6,1,1,1,1,0,2,""
3693,discovered,"what is it called when you have a spiritual awakening",spiritual_awakening,wh,29.6,1,1,1,1,0,2,""
3694,discovered,"what is my spirit animal capricorn",astrology,wh,29.6,1,1,1,1,0,2,""
3695,discovered,"what is my spirit animal dragonfly",spiritual_awakening,wh,29.6,1,1,1,1,0,2,""
3696,discovered,"what is my spirit animal eagle",spiritual_awakening,wh,29.6,1,1,1,1,0,2,""
3697,discovered,"what is my spirit animal for february",spiritual_awakening,wh,29.6,1,1,1,1,0,2,""
3698,discovered,"what is my spirit guide animal",psychic_abilities,wh,29.6,1,1,1,1,0,2,""
3699,discovered,"what is my spirit animal if i was born in december",spiritual_awakening,wh,29.6,1,1,1,1,0,2,""
3700,discovered,"what is my spirit animal june",spiritual_awakening,wh,29.6,1,1,1,1,0,2,""
3701,discovered,"what is my spirit animal test for kids",spiritual_awakening,wh,29.6,1,1,1,1,0,2,""
3702,discovered,"what is my spirit animal long",spiritual_awakening,wh,29.6,1,1,1,1,0,2,""
3703,discovered,"what is my spirit animal name",spiritual_awakening,wh,29.6,1,1,1,1,0,2,""
3704,discovered,"what is my spirit animal owl",spiritual_awakening,wh,29.6,1,1,1,1,0,2,""
3705,discovered,"what is my spirit animal by personality",spiritual_awakening,wh,29.6,1,1,1,1,0,2,""
3706,discovered,"what is my spirit animal raven",spiritual_awakening,wh,29.6,1,1,1,1,0,2,""
3707,discovered,"what is my spirit animal sagittarius",astrology,wh,29.6,1,1,1,1,0,2,""
3708,discovered,"what is the spirit animal for virgo",astrology,wh,29.6,1,1,1,1,0,2,""
3709,discovered,"what is my spirit animal wikihow",spiritual_awakening,wh,29.6,1,1,1,1,0,2,""
3710,discovered,"what is your spirit animal zodiac",astrology,wh,29.6,1,1,1,1,0,2,""
3711,discovered,"how to find your spirit animal guide",spiritual_awakening,how,29.6,1,1,1,1,0,2,""
3712,discovered,"how to find your spirit animal by name",spiritual_awakening,how,29.6,1,1,1,1,0,2,""
3713,discovered,"how to find your child's spirit animal",spiritual_awakening,how,29.6,1,1,1,1,0,2,""
3714,discovered,"find your spirit animal event",spiritual_awakening,noun,29.6,1,1,1,1,0,2,""
3715,discovered,"how to get to know your spirit guide",psychic_abilities,how,29.6,1,1,1,1,0,2,""
3716,discovered,"how to find your mexican spirit animal",spiritual_awakening,how,29.6,1,1,1,1,0,2,""
3717,discovered,"how to find your spirit animal name",spiritual_awakening,how,29.6,1,1,1,1,0,2,""
3718,discovered,"how to find out your spirit guides name",psychic_abilities,how,29.6,1,1,1,1,0,2,""
3719,discovered,"find your spirit animal primal astrology",astrology,noun,29.6,1,1,1,1,0,2,""
3720,discovered,"how to determine your spirit animal through astrology",astrology,how,29.6,1,1,1,1,0,2,""
3721,discovered,"how to find my zapotec spirit animal",spiritual_awakening,how,29.6,1,1,1,1,0,2,""
3722,discovered,"what does it mean when you see a elephant in your dream",dreams,wh,29.6,1,1,1,1,0,2,""
3723,discovered,"what does is mean when you see a red cardinal",signs_synchronicity,wh,29.6,1,1,1,1,0,2,""
3724,discovered,"what does it mean when you see a orange butterfly",signs_synchronicity,wh,29.6,1,1,1,1,0,2,""
3725,discovered,"what does it mean when you see a snake in your dream",dreams,wh,29.6,1,1,1,1,0,2,""
3726,discovered,"what does it mean when you see a unicorn in your dream",dreams,wh,29.6,1,1,1,1,0,2,""
3727,discovered,"what does it mean when you see a yellow and black butterfly",signs_synchronicity,wh,29.6,1,1,1,1,0,2,""
3728,discovered,"why do i keep seeing hummingbirds",signs_synchronicity,wh,29.6,1,1,1,1,0,2,""
3729,discovered,"why do i keep seeing the number 444",angel_numbers,wh,29.6,1,1,1,1,0,2,""
3730,discovered,"why do i keep seeing zombies in my dreams",dreams,wh,29.6,1,1,1,1,0,2,""
3731,discovered,"how to clean negative energy at home",protection_energy,how,29.6,1,1,1,1,0,2,""
3732,discovered,"how to cleanse negative energy from body",protection_energy,how,29.6,1,1,1,1,0,2,""
3733,discovered,"how to remove negative energy from dogs",protection_energy,how,29.6,1,1,1,1,0,2,""
3734,discovered,"how to remove negative energy with egg",protection_energy,how,29.6,1,1,1,1,0,2,""
3735,discovered,"how to remove negative energy from gold",protection_energy,how,29.6,1,1,1,1,0,2,""
3736,discovered,"how to remove negative energy from jewelry",protection_energy,how,29.6,1,1,1,1,0,2,""
3737,discovered,"how to remove negative energy from kitchen",protection_energy,how,29.6,1,1,1,1,0,2,""
3738,discovered,"how to cleanse negative energy around",protection_energy,how,29.6,1,1,1,1,0,2,""
3739,discovered,"how to remove negative energy on",protection_energy,how,29.6,1,1,1,1,0,2,""
3740,discovered,"how to remove negative energy from room",protection_energy,how,29.6,1,1,1,1,0,2,""
3741,discovered,"how to remove negative energy spell",protection_energy,how,29.6,1,1,1,1,0,2,""
3742,discovered,"how to remove negative energy from home vastu",protection_energy,how,29.6,1,1,1,1,0,2,""
3743,discovered,"how to cleanse negative energy witchcraft",protection_energy,how,29.6,1,1,1,1,0,2,""
3744,discovered,"how to cleanse negative energy from your home",protection_energy,how,29.6,1,1,1,1,0,2,""
3745,discovered,"was i cursed at birth",protection_energy,yes_no,29.6,1,1,1,1,0,2,""
3746,discovered,"i am curse crafter manga",protection_energy,noun,29.6,1,1,1,1,0,2,""
3747,discovered,"i am cursed in spanish",protection_energy,noun,29.6,1,1,1,1,0,2,""
3748,discovered,"am i cursed meme",protection_energy,yes_no,29.6,1,1,1,1,0,2,""
3749,discovered,"am i cursed or blessed",protection_energy,yes_no,29.6,1,1,1,1,0,2,""
3750,discovered,"am i romantically cursed",protection_energy,yes_no,29.6,1,1,1,1,0,2,""
3751,discovered,"what is the evil eye blue",protection_energy,wh,29.6,1,1,1,1,0,2,""
3752,discovered,"what is the evil eye called in italian",protection_energy,wh,29.6,1,1,1,1,0,2,""
3753,discovered,"what is the evil eye emoji called",protection_energy,wh,29.6,1,1,1,1,0,2,""
3754,discovered,"what is the evil eye for protection",protection_energy,wh,29.6,1,1,1,1,0,2,""
3755,discovered,"what is the evil eye greece",protection_energy,wh,29.6,1,1,1,1,0,2,""
3756,discovered,"what is the evil eye hand",protection_energy,wh,29.6,1,1,1,1,0,2,""
3757,discovered,"what is the evil eye in witchcraft",protection_energy,wh,29.6,1,1,1,1,0,2,""
3758,discovered,"what is the evil eye in kabbalah",protection_energy,wh,29.6,1,1,1,1,0,2,""
3759,discovered,"what is an evil eye lucky charm",protection_energy,wh,29.6,1,1,1,1,0,2,""
3760,discovered,"what is the evil eye mean in greece",protection_energy,wh,29.6,1,1,1,1,0,2,""
3761,discovered,"what is the evil eye of greece",protection_energy,wh,29.6,1,1,1,1,0,2,""
3762,discovered,"what is the evil eye prayer",protection_energy,wh,29.6,1,1,1,1,0,2,""
3763,discovered,"what is the evil eye talisman",protection_energy,wh,29.6,1,1,1,1,0,2,""
3764,discovered,"what is the blue evil eye used",protection_energy,wh,29.6,1,1,1,1,0,2,""
3765,discovered,"the evil eye",protection_energy,noun,29.6,1,1,1,1,0,2,""
3766,discovered,"what is the evil eye witchcraft",protection_energy,wh,29.6,1,1,1,1,0,2,""
3767,discovered,"what is the yellow evil eye",protection_energy,wh,29.6,1,1,1,1,0,2,""
3768,discovered,"what is the flavor of zapp's evil eye chips",protection_energy,wh,29.6,1,1,1,1,0,2,""
3769,discovered,"what crystal is for aquarius",astrology,wh,29.6,1,1,1,1,0,2,""
3770,discovered,"what crystal is best for protection",protection_energy,wh,29.6,1,1,1,1,0,2,""
3771,discovered,"what crystal is for cleansing",protection_energy,wh,29.6,1,1,1,1,0,2,""
3772,discovered,"what crystal is for focus",crystals_rituals,wh,29.6,1,1,1,1,0,2,""
3773,discovered,"what crystal is for good health",crystals_rituals,wh,29.6,1,1,1,1,0,2,""
3774,discovered,"what crystal is for healing the body",crystals_rituals,wh,29.6,1,1,1,1,0,2,""
3775,discovered,"what crystal is for june",crystals_rituals,wh,29.6,1,1,1,1,0,2,""
3776,discovered,"what crystal is for love and protection",protection_energy,wh,29.6,1,1,1,1,0,2,""
3777,discovered,"what is crystal oscillator",crystals_rituals,wh,29.6,1,1,1,1,0,2,""
3778,discovered,"what crystal is for peace",crystals_rituals,wh,29.6,1,1,1,1,0,2,""
3779,discovered,"what is crystal qled",crystals_rituals,wh,29.6,1,1,1,1,0,2,""
3780,discovered,"what crystal is for safe travels",crystals_rituals,wh,29.6,1,1,1,1,0,2,""
3781,discovered,"what crystal is for transformation",crystals_rituals,wh,29.6,1,1,1,1,0,2,""
3782,discovered,"what crystal is for weight loss",crystals_rituals,wh,29.6,1,1,1,1,0,2,""
3783,discovered,"what is crystal x",crystals_rituals,wh,29.6,1,1,1,1,0,2,""
3784,discovered,"what is crystal yarn",crystals_rituals,wh,29.6,1,1,1,1,0,2,""
3785,discovered,"what is crystal zenith",crystals_rituals,wh,29.6,1,1,1,1,0,2,""
3786,discovered,"full moon ritual aquarius",astrology,noun,29.6,1,1,1,1,0,2,""
3787,discovered,"full moon ritual buck moon",crystals_rituals,noun,29.6,1,1,1,1,0,2,""
3788,discovered,"full moon ritual candle color",crystals_rituals,noun,29.6,1,1,1,1,0,2,""
3789,discovered,"full moon ritual for releasing",crystals_rituals,noun,29.6,1,1,1,1,0,2,""
3790,discovered,"full moon ritual gifts",crystals_rituals,noun,29.6,1,1,1,1,0,2,""
3791,discovered,"full moon ritual hoodie",crystals_rituals,noun,29.6,1,1,1,1,0,2,""
3792,discovered,"full moon ritual items",crystals_rituals,noun,29.6,1,1,1,1,0,2,""
3793,discovered,"full moon ritual leo",astrology,noun,29.6,1,1,1,1,0,2,""
3794,discovered,"full moon ritual music",crystals_rituals,noun,29.6,1,1,1,1,0,2,""
3795,discovered,"full moon ritual purpose",crystals_rituals,noun,29.6,1,1,1,1,0,2,""
3796,discovered,"quick full moon ritual",crystals_rituals,noun,29.6,1,1,1,1,0,2,""
3797,discovered,"full moon june 2024 uk ritual",crystals_rituals,noun,29.6,1,1,1,1,0,2,""
3798,discovered,"full moon ritual vs new moon",crystals_rituals,noun,29.6,1,1,1,1,0,2,""
3799,discovered,"full moon ritual with water",crystals_rituals,noun,29.6,1,1,1,1,0,2,""
3800,discovered,"new moon yoga ritual",crystals_rituals,noun,29.6,1,1,1,1,0,2,""
3801,discovered,"what are chakra cards",chakras_energy,wh,29.6,1,1,1,1,0,2,""
3802,discovered,"what chakras do",chakras_energy,wh,29.6,1,1,1,1,0,2,""
3803,discovered,"what are each chakra",chakras_energy,wh,29.6,1,1,1,1,0,2,""
3804,discovered,"what chakra are feet",chakras_energy,wh,29.6,1,1,1,1,0,2,""
3805,discovered,"gomti chakra",chakras_energy,noun,29.6,1,1,1,1,0,2,""
3806,discovered,"what are chakra healing stones",chakras_energy,wh,29.6,1,1,1,1,0,2,""
3807,discovered,"what chakra ka paryayvachi",chakras_energy,wh,29.6,1,1,1,1,0,2,""
3808,discovered,"what chakra labradorite",chakras_energy,wh,29.6,1,1,1,1,0,2,""
3809,discovered,"what are my chakras",chakras_energy,wh,29.6,1,1,1,1,0,2,""
3810,discovered,"what are chakra names",chakras_energy,wh,29.6,1,1,1,1,0,2,""
3811,discovered,"what are chakras in our body",chakras_energy,wh,29.6,1,1,1,1,0,2,""
3812,discovered,"what are palm chakras",chakras_energy,wh,29.6,1,1,1,1,0,2,""
3813,discovered,"what are chakra reserves in naruto",chakras_energy,wh,29.6,1,1,1,1,0,2,""
3814,discovered,"what are chakra symbols",chakras_energy,wh,29.6,1,1,1,1,0,2,""
3815,discovered,"what are the chakras in human body",chakras_energy,wh,29.6,1,1,1,1,0,2,""
3816,discovered,"what are upper chakras",chakras_energy,wh,29.6,1,1,1,1,0,2,""
3817,discovered,"what are your chakra points",chakras_energy,wh,29.6,1,1,1,1,0,2,""
3818,discovered,"how to unblock a chakra",chakras_energy,how,29.6,1,1,1,1,0,2,""
3819,discovered,"how to unblock blocked chakras",chakras_energy,how,29.6,1,1,1,1,0,2,""
3820,discovered,"how to unblock ear chakra",chakras_energy,how,29.6,1,1,1,1,0,2,""
3821,discovered,"how to unlock chakra fight",chakras_energy,how,29.6,1,1,1,1,0,2,""
3822,discovered,"how to open stellar gateway chakra",chakras_energy,how,29.6,1,1,1,1,0,2,""
3823,discovered,"how to unblock head chakra",chakras_energy,how,29.6,1,1,1,1,0,2,""
3824,discovered,"how to open lower chakras",chakras_energy,how,29.6,1,1,1,1,0,2,""
3825,discovered,"how to unblock muladhara chakra",chakras_energy,how,29.6,1,1,1,1,0,2,""
3826,discovered,"how to unblock neck chakra",chakras_energy,how,29.6,1,1,1,1,0,2,""
3827,discovered,"how to open chakras quickly",chakras_energy,how,29.6,1,1,1,1,0,2,""
3828,discovered,"how to open chakras step by step",chakras_energy,how,29.6,1,1,1,1,0,2,""
3829,discovered,"how to open voice chakra",chakras_energy,how,29.6,1,1,1,1,0,2,""
3830,discovered,"how to unblock yellow chakra",chakras_energy,how,29.6,1,1,1,1,0,2,""
3831,discovered,"how to see what your past life was",past_lives_karma,how,29.6,1,1,1,1,0,2,""
3832,discovered,"can a psychic talk to the dead",psychic_abilities,yes_no,29.6,1,1,1,1,0,2,""
3833,discovered,"can psychics talk to dead people",psychic_abilities,yes_no,29.6,1,1,1,1,0,2,""
3834,discovered,"signs for deceased loved ones",grief_afterlife,signs,29.6,1,1,1,1,0,2,""
3835,discovered,"spiritual signs from deceased loved ones",grief_afterlife,signs,29.6,1,1,1,1,0,2,""
3836,discovered,"signs your deceased loved one is near",grief_afterlife,signs,29.6,1,1,1,1,0,2,""
3837,discovered,"will i get a job after college",money_career,yes_no,29.6,1,1,1,1,0,2,""
3838,discovered,"if you get hired when can you start working *",money_career,noun,29.6,1,1,1,1,0,2,""
3839,discovered,"will the job economy get better",money_career,yes_no,29.6,1,1,1,1,0,2,""
3840,discovered,"will i get government job",money_career,yes_no,29.6,1,1,1,1,0,2,""
3841,discovered,"how will i get the job",money_career,how,29.6,1,1,1,1,0,2,""
3842,discovered,"when will i get a job kp astrology",astrology,wh,29.6,1,1,1,1,0,2,""
3843,discovered,"how long does it take for a job to get back to you after interview",money_career,how,29.6,1,1,1,1,0,2,""
3844,discovered,"will i get my job",money_career,yes_no,29.6,1,1,1,1,0,2,""
3845,discovered,"will carrick get the permanent job",money_career,yes_no,29.6,1,1,1,1,0,2,""
3846,discovered,"will i get the job after reference check",money_career,yes_no,29.6,1,1,1,1,0,2,""
3847,discovered,"will i get job seekers allowance",money_career,yes_no,29.6,1,1,1,1,0,2,""
3848,discovered,"who will get the unc job",money_career,wh,29.6,1,1,1,1,0,2,""
3849,discovered,"what is my purpose in life to like and subscribe",money_career,wh,29.6,1,1,1,1,0,2,""
3850,discovered,"what is the career path for business analyst",money_career,wh,29.6,1,1,1,1,0,2,""
3851,discovered,"what is the career path for computer science",money_career,wh,29.6,1,1,1,1,0,2,""
3852,discovered,"what is the career path for digital marketing",money_career,wh,29.6,1,1,1,1,0,2,""
3853,discovered,"what is your career path example answer for students",money_career,wh,29.6,1,1,1,1,0,2,""
3854,discovered,"what is the career path for healthcare administration",money_career,wh,29.6,1,1,1,1,0,2,""
3855,discovered,"what is the career path for law",money_career,wh,29.6,1,1,1,1,0,2,""
3856,discovered,"what is the career path for marketing",money_career,wh,29.6,1,1,1,1,0,2,""
3857,discovered,"what is the career path for network engineer",money_career,wh,29.6,1,1,1,1,0,2,""
3858,discovered,"what is the career path of a data scientist",money_career,wh,29.6,1,1,1,1,0,2,""
3859,discovered,"what is the career path for solution architect",money_career,wh,29.6,1,1,1,1,0,2,""
3860,discovered,"what is the career path for ultrasound tech",money_career,wh,29.6,1,1,1,1,0,2,""
3861,discovered,"what is the career path for a vet tech",money_career,wh,29.6,1,1,1,1,0,2,""
3862,discovered,"what is the career path for a web developer",money_career,wh,29.6,1,1,1,1,0,2,""
3863,discovered,"what does the future hold for cochlear implants",money_career,wh,29.6,1,1,1,1,0,2,""
3864,discovered,"what does the future hold for dogecoin",money_career,wh,29.6,1,1,1,1,0,2,""
3865,discovered,"what does the future hold for jasmine crockett",money_career,wh,29.6,1,1,1,1,0,2,""
3866,discovered,"what does the future hold for leo",astrology,wh,29.6,1,1,1,1,0,2,""
3867,discovered,"what does the future hold meme",money_career,wh,29.6,1,1,1,1,0,2,""
3868,discovered,"what does the future hold for nissan",money_career,wh,29.6,1,1,1,1,0,2,""
3869,discovered,"what does the future hold for prince harry",money_career,wh,29.6,1,1,1,1,0,2,""
3870,discovered,"what the future holds quotes",money_career,wh,29.6,1,1,1,1,0,2,""
3871,discovered,"what does the future hold regarding transportation",money_career,wh,29.6,1,1,1,1,0,2,""
3872,discovered,"does she love me quiz wlw",love_relationships,yes_no,29.6,1,1,1,1,0,2,""
3873,discovered,"signs he will come back",love_relationships,signs,29.6,1,1,1,1,0,2,""
3874,discovered,"signs she will come back after no contact",love_relationships,signs,29.6,1,1,1,1,0,2,""
3875,discovered,"is it cheating quiz for couples",love_relationships,yes_no,29.6,1,1,1,1,0,2,""
3876,discovered,"signs he's cheating on you",love_relationships,signs,29.6,1,1,1,1,0,2,""
3877,discovered,"how to tell she's cheating",love_relationships,how,29.6,1,1,1,1,0,2,""
3878,discovered,"is he thinking about me when i'm thinking about him",love_relationships,yes_no,29.6,1,1,1,1,0,2,""
3879,discovered,"why did u ghost",grief_afterlife,wh,29.6,1,1,1,1,0,2,""
3880,discovered,"should i break up quiz buzzfeed",love_relationships,yes_no,29.6,1,1,1,1,0,2,""
3881,discovered,"should i break up ldr",love_relationships,yes_no,29.6,1,1,1,1,0,2,""
3882,discovered,"signs i should break up with my girlfriend",love_relationships,signs,29.6,1,1,1,1,0,2,""
3883,discovered,"should i break up the roots when repotting",love_relationships,yes_no,29.6,1,1,1,1,0,2,""
3884,discovered,"signs she loves you",love_relationships,signs,29.6,1,1,1,1,0,2,""
3885,discovered,"he doesn't want a relationship with",love_relationships,noun,29.6,1,1,1,1,0,2,""
3886,discovered,"why does my ex keep coming back",love_relationships,wh,29.6,1,1,1,1,0,2,""
3887,discovered,"signs my ex is not coming back",love_relationships,signs,29.6,1,1,1,1,0,2,""
3888,discovered,"twin flame or soulmate test astrology",twin_flame_soulmate,noun,29.6,1,1,1,1,0,2,""
3889,discovered,"who is my soulmate quiz buzzfeed",twin_flame_soulmate,wh,29.6,1,1,1,1,0,2,""
3890,discovered,"who is my soulmate free reading",twin_flame_soulmate,wh,29.6,1,1,1,1,0,2,""
3891,discovered,"when will i meet my soulmate quiz buzzfeed",twin_flame_soulmate,wh,29.6,1,1,1,1,0,2,""
3892,discovered,"how do i find my soulmate",twin_flame_soulmate,how,29.6,1,1,1,1,0,2,""
3893,discovered,"how to know when will i meet my soulmate astrology",twin_flame_soulmate,how,29.6,1,1,1,1,0,2,""
3894,discovered,"i am in love meaning malayalam",love_relationships,meaning,29.6,1,1,1,1,0,2,""
3895,discovered,"am i in love quiz buzzfeed",love_relationships,yes_no,29.6,1,1,1,1,0,2,""
3896,discovered,"signs i am in love with him",love_relationships,signs,29.6,1,1,1,1,0,2,""
3897,discovered,"i am in love hence free to live",love_relationships,noun,29.6,1,1,1,1,0,2,""
3898,discovered,"how can i tell if someone is my twin flame",twin_flame_soulmate,how,29.6,1,1,1,1,0,2,""
3899,discovered,"will she regret leaving",love_relationships,yes_no,29.6,1,1,1,1,0,2,""
3900,discovered,"he's dating someone else",love_relationships,noun,29.6,1,1,1,1,0,2,""
3901,discovered,"signs he's dating someone else",love_relationships,signs,29.6,1,1,1,1,0,2,""
3902,discovered,"how to say i am an empath",psychic_abilities,how,29.6,1,1,1,1,0,2,""
3903,discovered,"am i analytical or intuitive",psychic_abilities,yes_no,29.6,1,1,1,1,0,2,""
3904,discovered,"how to know if you're intuitive",psychic_abilities,how,29.6,1,1,1,1,0,2,""
3905,discovered,"signs of being psychic",psychic_abilities,signs,29.6,1,1,1,1,0,2,""
3906,discovered,"how common are empaths",psychic_abilities,how,29.6,1,1,1,1,0,2,""
3907,discovered,"what is psychic number",psychic_abilities,wh,29.6,1,1,1,1,0,2,""
3908,discovered,"how to increase intuition",psychic_abilities,how,29.6,1,1,1,1,0,2,""
3909,discovered,"clairsentience meaning",psychic_abilities,meaning,29.6,1,1,1,1,0,2,""
3910,discovered,"what is the definition of clairaudience",psychic_abilities,wh,29.6,1,1,1,1,0,2,""
3911,discovered,"how to get into tarot reading",tarot,how,29.6,1,1,1,1,0,2,""
3912,discovered,"how to read tarot to someone",tarot,how,29.6,1,1,1,1,0,2,""
3913,discovered,"what does it mean when you pull the tower card",tarot,wh,29.6,1,1,1,1,0,2,""
3914,discovered,"how to get rid of tarot cards",tarot,how,29.6,1,1,1,1,0,2,""
3915,discovered,"easy ways to cleanse tarot cards",tarot,noun,29.6,1,1,1,1,0,2,""
3916,discovered,"justice tarot",tarot,noun,29.6,1,1,1,1,0,2,""
3917,discovered,"yes or no tarot reading",tarot,noun,29.6,1,1,1,1,0,2,""
3918,discovered,"tarot yes or no tower",tarot,noun,29.6,1,1,1,1,0,2,""
3919,discovered,"which tarot deck is best",tarot,wh,29.6,1,1,1,1,0,2,""
3920,discovered,"what is your ascendant",astrology,wh,29.6,1,1,1,1,0,2,""
3921,discovered,"what is my moon sign and what does",astrology,wh,29.6,1,1,1,1,0,2,""
3922,discovered,"what is my zodiac sign quiz by birth date",astrology,wh,29.6,1,1,1,1,0,2,""
3923,discovered,"what is the worst zodiac",astrology,wh,29.6,1,1,1,1,0,2,""
3924,discovered,"what are the zodiac",astrology,wh,29.6,1,1,1,1,0,2,""
3925,discovered,"what is the astrological",astrology,wh,29.6,1,1,1,1,0,2,""
3926,discovered,"what's my big three astrology",astrology,wh,29.6,1,1,1,1,0,2,""
3927,discovered,"mercury retrograde 2025 signs affected",astrology,signs,29.6,1,1,1,1,0,2,""
3928,discovered,"how to make mercury retrograde work for you",astrology,how,29.6,1,1,1,1,0,2,""
3929,discovered,"zodiac signs compatibility for marriage",astrology,signs,29.6,1,1,1,1,0,2,""
3930,discovered,"zodiac compatible to gemini",astrology,noun,29.6,1,1,1,1,0,2,""
3931,discovered,"what does your north node",astrology,wh,29.6,1,1,1,1,0,2,""
3932,discovered,"what's my north node sign and house",astrology,wh,29.6,1,1,1,1,0,2,""
3933,discovered,"how to know what is my north node",astrology,how,29.6,1,1,1,1,0,2,""
3934,discovered,"what does your saturn return",astrology,wh,29.6,1,1,1,1,0,2,""
3935,discovered,"how do you know when it's your saturn return",astrology,how,29.6,1,1,1,1,0,2,""
3936,discovered,"how to tell what house my saturn return",astrology,how,29.6,1,1,1,1,0,2,""
3937,discovered,"what does saturn return in aries",astrology,wh,29.6,1,1,1,1,0,2,""
3938,discovered,"how to find when my saturn return",astrology,how,29.6,1,1,1,1,0,2,""
3939,discovered,"what does it mean to have a stellium",astrology,wh,29.6,1,1,1,1,0,2,""
3940,discovered,"what is a scorpio stellium",astrology,wh,29.6,1,1,1,1,0,2,""
3941,discovered,"is astrology true",astrology,yes_no,29.6,1,1,1,1,0,2,""
3942,discovered,"is astrology real according to.islam",astrology,yes_no,29.6,1,1,1,1,0,2,""
3943,discovered,"how retrograde affects each",astrology,how,29.6,1,1,1,1,0,2,""
3944,discovered,"what is a post retrograde shadow",astrology,wh,29.6,1,1,1,1,0,2,""
3945,discovered,"what does my chiron",astrology,wh,29.6,1,1,1,1,0,2,""
3946,discovered,"how to find chiron in birth chart",astrology,how,29.6,1,1,1,1,0,2,""
3947,discovered,"what does angel number 1111 signify",angel_numbers,wh,29.6,1,1,1,1,0,2,""
3948,discovered,"what does 222 mean spiritual",angel_numbers,wh,29.6,1,1,1,1,0,2,""
3949,discovered,"what does angel number 222",angel_numbers,wh,29.6,1,1,1,1,0,2,""
3950,discovered,"what does 333 mean in zodiac",angel_numbers,wh,29.6,1,1,1,1,0,2,""
3951,discovered,"what does 333 mean to god",angel_numbers,wh,29.6,1,1,1,1,0,2,""
3952,discovered,"what does the no 333",angel_numbers,wh,29.6,1,1,1,1,0,2,""
3953,discovered,"what does 444 mean tattoo",angel_numbers,wh,29.6,1,1,1,1,0,2,""
3954,discovered,"i keep seeing 444 what does",angel_numbers,noun,29.6,1,1,1,1,0,2,""
3955,discovered,"what does 444 hand",angel_numbers,wh,29.6,1,1,1,1,0,2,""
3956,discovered,"what does 444 mean to god",angel_numbers,wh,29.6,1,1,1,1,0,2,""
3957,discovered,"what does 555 mean angel number",angel_numbers,wh,29.6,1,1,1,1,0,2,""
3958,discovered,"what means 555",angel_numbers,wh,29.6,1,1,1,1,0,2,""
3959,discovered,"when i see 555 what does",angel_numbers,wh,29.6,1,1,1,1,0,2,""
3960,discovered,"what does 555 mean to a firefighter",angel_numbers,wh,29.6,1,1,1,1,0,2,""
3961,discovered,"what does 777 mean in zodiac",angel_numbers,wh,29.6,1,1,1,1,0,2,""
3962,discovered,"what does 777 mean to god",angel_numbers,wh,29.6,1,1,1,1,0,2,""
3963,discovered,"what does 888 mean to god",angel_numbers,wh,29.6,1,1,1,1,0,2,""
3964,discovered,"what does 999 mean to god",angel_numbers,wh,29.6,1,1,1,1,0,2,""
3965,discovered,"what is 1212",angel_numbers,wh,29.6,1,1,1,1,0,2,""
3966,discovered,"what does 1212 spiritually",angel_numbers,wh,29.6,1,1,1,1,0,2,""
3967,discovered,"what is the biblical meaning of the number 1010",angel_numbers,wh,29.6,1,1,1,1,0,2,""
3968,discovered,"what is an angel number",angel_numbers,wh,29.6,1,1,1,1,0,2,""
3969,discovered,"how to calculate life path",angel_numbers,how,29.6,1,1,1,1,0,2,""
3970,discovered,"why do i keep seeing 111 and 1111",angel_numbers,wh,29.6,1,1,1,1,0,2,""
3971,discovered,"what is the angel number meaning of 222",angel_numbers,wh,29.6,1,1,1,1,0,2,""
3972,discovered,"what does it mean when you dream about snakes spiritual",dreams,wh,29.6,1,1,1,1,0,2,""
3973,discovered,"why do i keep dreaming about going to jail",dreams,wh,29.6,1,1,1,1,0,2,""
3974,discovered,"what does it mean to dream about someone apologizing to you",dreams,wh,29.6,1,1,1,1,0,2,""
3975,discovered,"do dreams give you",dreams,yes_no,29.6,1,1,1,1,0,2,""
3976,discovered,"lucid dreaming reddit wild",dreams,noun,29.6,1,1,1,1,0,2,""
3977,discovered,"lucid dream free apk",dreams,noun,29.6,1,1,1,1,0,2,""
3978,discovered,"how to attract fire",love_relationships,how,29.6,1,1,1,1,0,2,""
3979,discovered,"how to attract money to you",money_career,how,29.6,1,1,1,1,0,2,""
3980,discovered,"can you manifest money",manifestation,yes_no,29.6,1,1,1,1,0,2,""
3981,discovered,"can manifestation work",manifestation,yes_no,29.6,1,1,1,1,0,2,""
3982,discovered,"369 method how to use",manifestation,noun,29.6,1,1,1,1,0,2,""
3983,discovered,"law of attraction eckhart tolle",manifestation,noun,29.6,1,1,1,1,0,2,""
3984,discovered,"what does it mean to raise your vibration",manifestation,wh,29.6,1,1,1,1,0,2,""
3985,discovered,"how to tell what is my spirit animal",spiritual_awakening,how,29.6,1,1,1,1,0,2,""
3986,discovered,"what happens after kundalini awakening",chakras_energy,wh,29.6,1,1,1,1,0,2,""
3987,discovered,"what is my spiritual gift quiz christian",psychic_abilities,wh,29.6,1,1,1,1,0,2,""
3988,discovered,"spiritual gifts",psychic_abilities,noun,29.6,1,1,1,1,0,2,""
3989,discovered,"what does it mean when you see the red cardinal",signs_synchronicity,wh,29.6,1,1,1,1,0,2,""
3990,discovered,"i keep seeing repeating numbers",angel_numbers,noun,29.6,1,1,1,1,0,2,""
3991,discovered,"why do i keep seeing angel numbers back to back",angel_numbers,wh,29.6,1,1,1,1,0,2,""
3992,discovered,"white butterfly meaning spiritual",signs_synchronicity,meaning,29.6,1,1,1,1,0,2,""
3993,discovered,"how to get rid of bad energy spiritually",protection_energy,how,29.6,1,1,1,1,0,2,""
3994,discovered,"how do you know if there's bad energy in your house",protection_energy,how,29.6,1,1,1,1,0,2,""
3995,discovered,"what crystal is best",crystals_rituals,wh,29.6,1,1,1,1,0,2,""
3996,discovered,"what does the full moon mean for my star",crystals_rituals,wh,29.6,1,1,1,1,0,2,""
3997,discovered,"how to use sage to cleanse yourself",protection_energy,how,29.6,1,1,1,1,0,2,""
3998,discovered,"what crystal will help with anxiety",crystals_rituals,wh,29.6,1,1,1,1,0,2,""
3999,discovered,"how can i charge crystals",crystals_rituals,how,29.6,1,1,1,1,0,2,""
4000,discovered,"chakra healing bracelet",chakras_energy,noun,29.6,1,1,1,1,0,2,""
4001,discovered,"what is reiki meaning in marathi",chakras_energy,wh,29.6,1,1,1,1,0,2,""
4002,discovered,"what does reiki feel like",chakras_energy,wh,29.6,1,1,1,1,0,2,""
4003,discovered,"past life regression symptoms",past_lives_karma,noun,29.6,1,1,1,1,0,2,""
4004,discovered,"what is karma simple",past_lives_karma,wh,29.6,1,1,1,1,0,2,""
4005,discovered,"signs karma is working",past_lives_karma,signs,29.6,1,1,1,1,0,2,""
4006,discovered,"what is free karma",past_lives_karma,wh,29.6,1,1,1,1,0,2,""
4007,discovered,"last reincarnation",past_lives_karma,noun,29.6,1,1,1,1,0,2,""
4008,discovered,"do psychic readings work",psychic_abilities,yes_no,29.6,1,1,1,1,0,2,""
4009,discovered,"what do mediums do",grief_afterlife,wh,29.6,1,1,1,1,0,2,""
4010,discovered,"are psychic mediums",psychic_abilities,yes_no,29.6,1,1,1,1,0,2,""
4011,discovered,"how to meditate to talk to spirit guides",psychic_abilities,how,29.6,1,1,1,1,0,2,""
4012,discovered,"i will get the job done",money_career,noun,29.6,1,1,1,1,0,2,""
4013,discovered,"how to manifest fast",manifestation,how,29.6,1,1,1,1,0,2,""
4014,discovered,"will rich",money_career,yes_no,29.6,1,1,1,1,0,2,""
4015,discovered,"signs that shows you will be rich",money_career,signs,29.6,1,1,1,1,0,2,""
4016,discovered,"i will teach you to be rich free ebook",money_career,noun,29.6,1,1,1,1,0,2,""
4017,discovered,"can i quit my job due to depression and collect unemployment",money_career,yes_no,29.6,1,1,1,1,0,2,""
4018,discovered,"how to find a purpose to life",money_career,how,29.6,1,1,1,1,0,2,""
4019,discovered,"what is the traveler destiny",money_career,wh,29.6,1,1,1,1,0,2,""
4020,discovered,"who will sansa marry",love_relationships,wh,29.6,1,1,1,1,0,2,""
4021,discovered,"how do you know if your relationship will last forever",love_relationships,how,29.6,1,1,1,1,0,2,""
4022,discovered,"am i an empathetic person",psychic_abilities,yes_no,29.5,2,1,1,1,0,7,""
4023,discovered,"what is the spiritual gift",psychic_abilities,wh,29.5,2,1,1,1,0,6,""
4024,discovered,"what does he like about",love_relationships,wh,29.5,2,1,1,1,0,7,""
4025,discovered,"will my crush ever like me back",love_relationships,yes_no,29.5,2,1,1,1,0,7,""
4026,discovered,"does my crush notice",love_relationships,yes_no,29.5,2,1,1,1,0,8,""
4027,discovered,"does my crush really like",love_relationships,yes_no,29.5,2,1,1,1,0,5,""
4028,discovered,"is it cheating game",love_relationships,yes_no,29.5,2,1,1,1,0,5,""
4029,discovered,"i have psychic powers",psychic_abilities,noun,29.5,2,1,1,1,0,5,""
4030,discovered,"do i have psychic powers",psychic_abilities,yes_no,29.5,2,1,1,1,0,7,""
4031,discovered,"manifestation does it work",manifestation,noun,29.5,2,1,1,1,0,8,""
4032,discovered,"did manifestation work for you",manifestation,yes_no,29.5,2,1,1,1,0,5,""
4033,discovered,"signs of a spiritual awakening",spiritual_awakening,signs,29.5,2,1,1,1,0,5,""
4034,discovered,"i am your curse",protection_energy,noun,29.5,2,1,1,1,0,8,""
4035,discovered,"full moon ritual july 29",crystals_rituals,noun,29.5,2,1,1,1,0,5,""
4036,discovered,"new moon ritual libra",astrology,noun,29.5,2,1,1,1,0,7,""
4037,discovered,"signs from a deceased loved one",grief_afterlife,signs,29.5,2,1,1,1,0,6,""
4038,discovered,"will the job market get better",money_career,yes_no,29.5,2,1,1,1,0,8,""
4039,discovered,"why he won t commit to you",love_relationships,wh,29.2,1,2,1,1,0,4,""
4040,discovered,"zodiac compatibility calculator for marriage",astrology,noun,29.2,1,2,1,1,0,4,""
4041,discovered,"how to manifest someone to call you",manifestation,how,29.2,1,2,1,1,0,4,""
4042,discovered,"how long does water manifestation take to work",manifestation,how,29.2,1,2,1,1,0,4,""
4043,discovered,"what is a spiritual awakening in islam",spiritual_awakening,wh,29.2,1,2,1,1,0,4,""
4044,discovered,"what is the evil eye in dandadan",protection_energy,wh,29.2,1,2,1,1,0,4,""
4045,discovered,"how to unblock chakras wish silksong",chakras_energy,how,29.2,1,2,1,1,0,4,""
4046,discovered,"how to know if you had a past life",past_lives_karma,how,29.2,1,2,1,1,0,4,""
4047,discovered,"does he really like",love_relationships,yes_no,29.2,1,2,1,1,0,4,""
4048,discovered,"does he miss me after i broke up with him",love_relationships,yes_no,29.2,1,2,1,1,0,4,""
4049,discovered,"why does he call me miss",love_relationships,wh,29.2,1,2,1,1,0,4,""
4050,discovered,"how much does my crush like me quiz buzzfeed",love_relationships,how,29.2,1,2,1,1,0,4,""
4051,discovered,"my crush likes",love_relationships,noun,29.2,1,2,1,1,0,4,""
4052,discovered,"do you think my crush likes",love_relationships,yes_no,29.2,1,2,1,1,0,4,""
4053,discovered,"is it cheating questions list",love_relationships,yes_no,29.2,1,2,1,1,0,4,""
4054,discovered,"is he the one quiz psychology",love_relationships,yes_no,29.2,1,2,1,1,0,4,""
4055,discovered,"am i psychic or manifesting",manifestation,yes_no,29.2,1,2,1,1,0,4,""
4056,discovered,"am i an empath or autistic",psychic_abilities,yes_no,29.2,1,2,1,1,0,4,""
4057,discovered,"how to open third eye step by step tagalog",psychic_abilities,how,29.2,1,2,1,1,0,4,""
4058,discovered,"how to open third eye in 5 minutes",psychic_abilities,how,29.2,1,2,1,1,0,4,""
4059,discovered,"how to open third eye with sound",psychic_abilities,how,29.2,1,2,1,1,0,4,""
4060,discovered,"how to read tarot for other people",tarot,how,29.2,1,2,1,1,0,4,""
4061,discovered,"how to read tarot with normal playing cards",tarot,how,29.2,1,2,1,1,0,4,""
4062,discovered,"what does the death card in reverse mean in a love reading",tarot,wh,29.2,1,2,1,1,0,4,""
4063,discovered,"what does it mean when you get the death tarot card",tarot,wh,29.2,1,2,1,1,0,4,""
4064,discovered,"what is my rising sign if im a libra",astrology,wh,29.2,1,2,1,1,0,4,""
4065,discovered,"what is the rising sign mean in astrology",astrology,wh,29.2,1,2,1,1,0,4,""
4066,discovered,"how do i learn to read my birth chart",astrology,how,29.2,1,2,1,1,0,4,""
4067,discovered,"how to read a birth chart step by step",astrology,how,29.2,1,2,1,1,0,4,""
4068,discovered,"what does mercury in retrograde mean for cancer woman",astrology,wh,29.2,1,2,1,1,0,4,""
4069,discovered,"what does mercury in retrograde mean for gemini right",astrology,wh,29.2,1,2,1,1,0,4,""
4070,discovered,"zodiac match",astrology,noun,29.2,1,2,1,1,0,4,""
4071,discovered,"what does 222 mean spiritually christianity",angel_numbers,wh,29.2,1,2,1,1,0,4,""
4072,discovered,"what does 222 mean if you keep seeing",angel_numbers,wh,29.2,1,2,1,1,0,4,""
4073,discovered,"angel numbers meaning in love",angel_numbers,meaning,29.2,1,2,1,1,0,4,""
4074,discovered,"what is my life path number 8",angel_numbers,wh,29.2,1,2,1,1,0,4,""
4075,discovered,"what does it mean when you dream about your crush",dreams,wh,29.2,1,2,1,1,0,4,""
4076,discovered,"why do i keep dreaming about being in a relationship",dreams,wh,29.2,1,2,1,1,0,4,""
4077,discovered,"why do i keep dreaming about my ex years later",dreams,wh,29.2,1,2,1,1,0,4,""
4078,discovered,"what is the meaning if you have a dream about snakes",dreams,wh,29.2,1,2,1,1,0,4,""
4079,discovered,"how to manifest money in 5 minutes",manifestation,how,29.2,1,2,1,1,0,4,""
4080,discovered,"how to manifest money on vision board",manifestation,how,29.2,1,2,1,1,0,4,""
4081,discovered,"how to manifest money when you have none",manifestation,how,29.2,1,2,1,1,0,4,""
4082,discovered,"does manifestation actually work for love",manifestation,yes_no,29.2,1,2,1,1,0,4,""
4083,discovered,"does manifestation work in christianity",manifestation,yes_no,29.2,1,2,1,1,0,4,""
4084,discovered,"does manifestation really work for height growth",manifestation,yes_no,29.2,1,2,1,1,0,4,""
4085,discovered,"what is shadow work for beginners",manifestation,wh,29.2,1,2,1,1,0,4,""
4086,discovered,"what is spiritual awakening in tagalog",spiritual_awakening,wh,29.2,1,2,1,1,0,4,""
4087,discovered,"what is my spirit animal no email",spiritual_awakening,wh,29.2,1,2,1,1,0,4,""
4088,discovered,"what is the spirit animal for zodiac",astrology,wh,29.2,1,2,1,1,0,4,""
4089,discovered,"how to know if your spirit guide is with you",psychic_abilities,how,29.2,1,2,1,1,0,4,""
4090,discovered,"why did i stop seeing angel numbers",angel_numbers,wh,29.2,1,2,1,1,0,4,""
4091,discovered,"how to clear negative energy with palo santo",protection_energy,how,29.2,1,2,1,1,0,4,""
4092,discovered,"how to remove negative energy with rock salt",protection_energy,how,29.2,1,2,1,1,0,4,""
4093,discovered,"should i read cursed child",protection_energy,yes_no,29.2,1,2,1,1,0,4,""
4094,discovered,"am i cursed to fail",protection_energy,yes_no,29.2,1,2,1,1,0,4,""
4095,discovered,"i am cursed in french",protection_energy,noun,29.2,1,2,1,1,0,4,""
4096,discovered,"am i cursed to never be happy",protection_energy,yes_no,29.2,1,2,1,1,0,4,""
4097,discovered,"what is the evil eye charm used",protection_energy,wh,29.2,1,2,1,1,0,4,""
4098,discovered,"what is the evil eye hand gesture",protection_energy,wh,29.2,1,2,1,1,0,4,""
4099,discovered,"what is the evil eye real name in dandadan",protection_energy,wh,29.2,1,2,1,1,0,4,""
4100,discovered,"what crystal is rose quartz",crystals_rituals,wh,29.2,1,2,1,1,0,4,""
4101,discovered,"full moon ritual to manifest love",manifestation,noun,29.2,1,2,1,1,0,4,""
4102,discovered,"what are chakra singing bowls",chakras_energy,wh,29.2,1,2,1,1,0,4,""
4103,discovered,"how to unlock chakra in real life",chakras_energy,how,29.2,1,2,1,1,0,4,""
4104,discovered,"signs your deceased loved one is thinking of u",grief_afterlife,signs,29.2,1,2,1,1,0,4,""
4105,discovered,"do jobs contact you if you don't get the job",money_career,yes_no,29.2,1,2,1,1,0,4,""
4106,discovered,"will i get govt job this year",money_career,yes_no,29.2,1,2,1,1,0,4,""
4107,discovered,"how do i get the job at walmart",money_career,how,29.2,1,2,1,1,0,4,""
4108,discovered,"king of pentacles will i get the job",money_career,noun,29.2,1,2,1,1,0,4,""
4109,discovered,"signs you will get the job",money_career,signs,29.2,1,2,1,1,0,4,""
4110,discovered,"what does the future hold for the united states",money_career,wh,29.2,1,2,1,1,0,4,""
4111,discovered,"is it better to break up or be broken up with",love_relationships,yes_no,29.2,1,2,1,1,0,4,""
4112,discovered,"how can i cleanse my tarot cards",tarot,how,29.2,1,2,1,1,0,4,""
4113,discovered,"what is the meaning behind 777",angel_numbers,wh,29.2,1,2,1,1,0,4,""
4114,discovered,"how does akashic records work",psychic_abilities,how,29.2,1,2,1,1,0,4,""
4115,discovered,"why am i seeing a lot of repeating numbers",angel_numbers,wh,29.2,1,2,1,1,0,4,""
4116,discovered,"what is chakra healing meditation",chakras_energy,wh,29.2,1,2,1,1,0,4,""
4117,discovered,"what is chakra energy healing",chakras_energy,wh,29.2,1,2,1,1,0,4,""
4118,discovered,"should i quit my job if i don't like",money_career,yes_no,29.2,1,2,1,1,0,4,""
4119,seed,"twin flame reunion signs",twin_flame_soulmate,signs,28.8,3,3,0,0,0,0,"signs"
4120,discovered,"does he miss meme",love_relationships,yes_no,28.6,1,1,1,1,0,3,""
4121,discovered,"does he like me or is it in my head",love_relationships,yes_no,28.6,1,1,1,1,0,3,""
4122,discovered,"signs he loves you but not in love with you",love_relationships,signs,28.6,1,1,1,1,0,3,""
4123,discovered,"why does he not want a relationship with",love_relationships,wh,28.6,1,1,1,1,0,3,""
4124,discovered,"is my ex will come back",love_relationships,yes_no,28.6,1,1,1,1,0,3,""
4125,discovered,"does he think about me tarot spread",tarot,yes_no,28.6,1,1,1,1,0,3,""
4126,discovered,"am i an intuitive person",psychic_abilities,yes_no,28.6,1,1,1,1,0,3,""
4127,discovered,"how to develop psychic abilities book",psychic_abilities,how,28.6,1,1,1,1,0,3,""
4128,discovered,"what is the psychic ability of knowing",psychic_abilities,wh,28.6,1,1,1,1,0,3,""
4129,discovered,"how to strengthen intuition power",psychic_abilities,how,28.6,1,1,1,1,0,3,""
4130,discovered,"my intuition is telling me something is off",psychic_abilities,noun,28.6,1,1,1,1,0,3,""
4131,discovered,"what is clairaudience in psychology",psychic_abilities,wh,28.6,1,1,1,1,0,3,""
4132,discovered,"how do i know if im a healer",psychic_abilities,how,28.6,1,1,1,1,0,3,""
4133,discovered,"is being a psychic medium",psychic_abilities,yes_no,28.6,1,1,1,1,0,3,""
4134,discovered,"what does the tower card mean in a love reading",tarot,wh,28.6,1,1,1,1,0,3,""
4135,discovered,"what does the lovers card mean upside down",tarot,wh,28.6,1,1,1,1,0,3,""
4136,discovered,"how to cleanse tarot cards with crystals",tarot,how,28.6,1,1,1,1,0,3,""
4137,discovered,"what does the moon card mean in a love reading",tarot,wh,28.6,1,1,1,1,0,3,""
4138,discovered,"how to use tarot cards for beginners",tarot,how,28.6,1,1,1,1,0,3,""
4139,discovered,"good tarot deck for beginners",tarot,noun,28.6,1,1,1,1,0,3,""
4140,discovered,"what does the star card mean in a love reading",tarot,wh,28.6,1,1,1,1,0,3,""
4141,discovered,"what does the star card mean in mario uno",tarot,wh,28.6,1,1,1,1,0,3,""
4142,discovered,"what is my moon sign by date of birth",astrology,wh,28.6,1,1,1,1,0,3,""
4143,discovered,"what is my sun sign by date of birth",astrology,wh,28.6,1,1,1,1,0,3,""
4144,discovered,"mercury retrograde meaning spiritual",astrology,meaning,28.6,1,1,1,1,0,3,""
4145,discovered,"what is my venus sign if im a libra",astrology,wh,28.6,1,1,1,1,0,3,""
4146,discovered,"when is my saturn return happening",astrology,wh,28.6,1,1,1,1,0,3,""
4147,discovered,"is astrology real science",astrology,yes_no,28.6,1,1,1,1,0,3,""
4148,discovered,"what does retrograde mean for planets",astrology,wh,28.6,1,1,1,1,0,3,""
4149,discovered,"what is a cusp zodiac",astrology,wh,28.6,1,1,1,1,0,3,""
4150,discovered,"what does 333 mean in the bible",angel_numbers,wh,28.6,1,1,1,1,0,3,""
4151,discovered,"what does 444 mean in the bible",angel_numbers,wh,28.6,1,1,1,1,0,3,""
4152,discovered,"what does 555 mean in the bible",angel_numbers,wh,28.6,1,1,1,1,0,3,""
4153,discovered,"what does 777 mean in the bible",angel_numbers,wh,28.6,1,1,1,1,0,3,""
4154,discovered,"what does 888 mean in the bible",angel_numbers,wh,28.6,1,1,1,1,0,3,""
4155,discovered,"what does 999 mean juice wrld",angel_numbers,wh,28.6,1,1,1,1,0,3,""
4156,discovered,"what does 1212 mean in the bible",angel_numbers,wh,28.6,1,1,1,1,0,3,""
4157,discovered,"what does 1010 mean in the bible",angel_numbers,wh,28.6,1,1,1,1,0,3,""
4158,discovered,"angel numbers meaning 444",angel_numbers,meaning,28.6,1,1,1,1,0,3,""
4159,discovered,"how to calculate life path number with name",angel_numbers,how,28.6,1,1,1,1,0,3,""
4160,discovered,"why do i keep seeing 1111 on my phone",angel_numbers,wh,28.6,1,1,1,1,0,3,""
4161,discovered,"what does 1234 mean in the bible",angel_numbers,wh,28.6,1,1,1,1,0,3,""
4162,discovered,"what do dreams mean when you dream about someone",dreams,wh,28.6,1,1,1,1,0,3,""
4163,discovered,"dream about pure water",dreams,noun,28.6,1,1,1,1,0,3,""
4164,discovered,"dream about losing teeth meaning death",dreams,meaning,28.6,1,1,1,1,0,3,""
4165,discovered,"dream about being chased biblical",dreams,noun,28.6,1,1,1,1,0,3,""
4166,discovered,"dream about spiders meaning biblical",dreams,meaning,28.6,1,1,1,1,0,3,""
4167,discovered,"dream about children",dreams,noun,28.6,1,1,1,1,0,3,""
4168,discovered,"what does it mean when you dream about someone dying who is still alive islam",dreams,wh,28.6,1,1,1,1,0,3,""
4169,discovered,"lucid dreaming how to control your dreams",dreams,noun,28.6,1,1,1,1,0,3,""
4170,discovered,"are dreams messages from the universe",dreams,yes_no,28.6,1,1,1,1,0,3,""
4171,discovered,"recurring dreams meaning psychology",dreams,meaning,28.6,1,1,1,1,0,3,""
4172,discovered,"law of attraction how to attract a specific person",manifestation,noun,28.6,1,1,1,1,0,3,""
4173,discovered,"how long can manifestation take",manifestation,how,28.6,1,1,1,1,0,3,""
4174,discovered,"how to do shadow work spiritually",manifestation,how,28.6,1,1,1,1,0,3,""
4175,discovered,"how to raise your vibration instantly",manifestation,how,28.6,1,1,1,1,0,3,""
4176,discovered,"what is the 555 method for eggs",angel_numbers,wh,28.6,1,1,1,1,0,3,""
4177,discovered,"dark night of the soul poem",spiritual_awakening,noun,28.6,1,1,1,1,0,3,""
4178,discovered,"spiritual awakening symptoms sleep",spiritual_awakening,noun,28.6,1,1,1,1,0,3,""
4179,discovered,"what is the akashic records anime",psychic_abilities,wh,28.6,1,1,1,1,0,3,""
4180,discovered,"what are synchronicities in the universe",signs_synchronicity,wh,28.6,1,1,1,1,0,3,""
4181,discovered,"what does it mean when you see a feather floating",signs_synchronicity,wh,28.6,1,1,1,1,0,3,""
4182,discovered,"butterfly meaning spiritual love",signs_synchronicity,meaning,28.6,1,1,1,1,0,3,""
4183,discovered,"hummingbird spiritual meaning twin flame",twin_flame_soulmate,meaning,28.6,1,1,1,1,0,3,""
4184,discovered,"what is my sign from the universe",signs_synchronicity,wh,28.6,1,1,1,1,0,3,""
4185,discovered,"what does it mean when you see a deer cross your path",signs_synchronicity,wh,28.6,1,1,1,1,0,3,""
4186,discovered,"how to protect yourself from negative energy spiritually",protection_energy,how,28.6,1,1,1,1,0,3,""
4187,discovered,"how to break a curse someone put on you",protection_energy,how,28.6,1,1,1,1,0,3,""
4188,discovered,"how to get rid of negative energy in your life",protection_energy,how,28.6,1,1,1,1,0,3,""
4189,discovered,"how to cleanse your aura from negativity",protection_energy,how,28.6,1,1,1,1,0,3,""
4190,discovered,"signs of bad energy in house feng shui",protection_energy,signs,28.6,1,1,1,1,0,3,""
4191,discovered,"spiritual grounding",protection_energy,noun,28.6,1,1,1,1,0,3,""
4192,discovered,"how to perform a cleansing ritual with sage",protection_energy,how,28.6,1,1,1,1,0,3,""
4193,discovered,"signs of negative energy near you",protection_energy,signs,28.6,1,1,1,1,0,3,""
4194,discovered,"crystals for protection and good luck",protection_energy,noun,28.6,1,1,1,1,0,3,""
4195,discovered,"how to cleanse crystals with salt",protection_energy,how,28.6,1,1,1,1,0,3,""
4196,discovered,"new moon rituals for july",crystals_rituals,noun,28.6,1,1,1,1,0,3,""
4197,discovered,"what does the full moon mean in astrology",astrology,wh,28.6,1,1,1,1,0,3,""
4198,discovered,"moon phases meaning spiritual",crystals_rituals,meaning,28.6,1,1,1,1,0,3,""
4199,discovered,"what is a protection spell in harry potter",protection_energy,wh,28.6,1,1,1,1,0,3,""
4200,discovered,"how to make a spell jar for money",crystals_rituals,how,28.6,1,1,1,1,0,3,""
4201,discovered,"what to do on a new moon witchcraft",crystals_rituals,wh,28.6,1,1,1,1,0,3,""
4202,discovered,"how to use a pendulum squat machine",crystals_rituals,how,28.6,1,1,1,1,0,3,""
4203,discovered,"crystals for anxiety and depression",crystals_rituals,noun,28.6,1,1,1,1,0,3,""
4204,discovered,"how to charge crystals with selenite",crystals_rituals,how,28.6,1,1,1,1,0,3,""
4205,discovered,"how to balance chakras with reiki",chakras_energy,how,28.6,1,1,1,1,0,3,""
4206,discovered,"crystal healing how",crystals_rituals,noun,28.6,1,1,1,1,0,3,""
4207,discovered,"what is a blocked heart chakra",chakras_energy,wh,28.6,1,1,1,1,0,3,""
4208,discovered,"what is reiki therapy",chakras_energy,wh,28.6,1,1,1,1,0,3,""
4209,discovered,"what is the third eye chakra associated with",psychic_abilities,wh,28.6,1,1,1,1,0,3,""
4210,discovered,"what is energy healing called",chakras_energy,wh,28.6,1,1,1,1,0,3,""
4211,discovered,"past life regression therapy near",past_lives_karma,noun,28.6,1,1,1,1,0,3,""
4212,discovered,"what is karma police about",past_lives_karma,wh,28.6,1,1,1,1,0,3,""
4213,discovered,"how to clear karma with someone",past_lives_karma,how,28.6,1,1,1,1,0,3,""
4214,discovered,"what is a karmic relationship vs twin flame",twin_flame_soulmate,wh,28.6,1,1,1,1,0,3,""
4215,discovered,"what happened in my past life",past_lives_karma,wh,28.6,1,1,1,1,0,3,""
4216,discovered,"how to cut karmic ties",past_lives_karma,how,28.6,1,1,1,1,0,3,""
4217,discovered,"do psychic work",psychic_abilities,yes_no,28.6,1,1,1,1,0,3,""
4218,discovered,"are mediums real in the bible",grief_afterlife,yes_no,28.6,1,1,1,1,0,3,""
4219,discovered,"am i being haunted by a ghost",grief_afterlife,yes_no,28.6,1,1,1,1,0,3,""
4220,discovered,"what is a spirit guide in the bible",psychic_abilities,wh,28.6,1,1,1,1,0,3,""
4221,discovered,"how to know if a psychic medium",psychic_abilities,how,28.6,1,1,1,1,0,3,""
4222,discovered,"is a corporate job right",money_career,yes_no,28.6,1,1,1,1,0,3,""
4223,discovered,"should i quit my job without another job",money_career,yes_no,28.6,1,1,1,1,0,3,""
4224,discovered,"should i quit my job before finding a new one",money_career,yes_no,28.6,1,1,1,1,0,3,""
4225,discovered,"will i be successful in life astrology",astrology,yes_no,28.6,1,1,1,1,0,3,""
4226,discovered,"how to find my purpose in god",money_career,how,28.6,1,1,1,1,0,3,""
4227,discovered,"how to know your purpose in life from god",money_career,how,28.6,1,1,1,1,0,3,""
4228,discovered,"does he love me book",love_relationships,yes_no,28.6,1,1,1,1,0,3,""
4229,discovered,"does he love me descendants 3",love_relationships,yes_no,28.6,1,1,1,1,0,3,""
4230,discovered,"does he love me if he keeps coming back",love_relationships,yes_no,28.6,1,1,1,1,0,3,""
4231,discovered,"he loves me jesus",love_relationships,noun,28.6,1,1,1,1,0,3,""
4232,discovered,"does he like me like that",love_relationships,yes_no,28.6,1,1,1,1,0,3,""
4233,discovered,"do love me you",love_relationships,yes_no,28.6,1,1,1,1,0,3,""
4234,discovered,"do you still love me album",love_relationships,yes_no,28.6,1,1,1,1,0,3,""
4235,discovered,"does allah still love me book",love_relationships,yes_no,28.6,1,1,1,1,0,3,""
4236,discovered,"do you still love me ella mai tour",love_relationships,yes_no,28.6,1,1,1,1,0,3,""
4237,discovered,"do you still love me in spanish",love_relationships,yes_no,28.6,1,1,1,1,0,3,""
4238,discovered,"does he miss me ace of swords",love_relationships,yes_no,28.6,1,1,1,1,0,3,""
4239,discovered,"2 months no contact does he miss",love_relationships,noun,28.6,1,1,1,1,0,3,""
4240,discovered,"does miss me have plus size jeans",love_relationships,yes_no,28.6,1,1,1,1,0,3,""
4241,discovered,"does she miss me in spanish",love_relationships,yes_no,28.6,1,1,1,1,0,3,""
4242,discovered,"does miss me make men's jeans",love_relationships,yes_no,28.6,1,1,1,1,0,3,""
4243,discovered,"does he miss me queen of pentacles",love_relationships,yes_no,28.6,1,1,1,1,0,3,""
4244,discovered,"does miss me restock",love_relationships,yes_no,28.6,1,1,1,1,0,3,""
4245,discovered,"do miss me too",love_relationships,yes_no,28.6,1,1,1,1,0,3,""
4246,discovered,"does my crush like me back quiz elementary school",love_relationships,yes_no,28.6,1,1,1,1,0,3,""
4247,discovered,"how does my crush like",love_relationships,how,28.6,1,1,1,1,0,3,""
4248,discovered,"will my crush like me if i lose weight",love_relationships,yes_no,28.6,1,1,1,1,0,3,""
4249,discovered,"what percent chance does my crush like me back",love_relationships,wh,28.6,1,1,1,1,0,3,""
4250,discovered,"does my crush like me tarot spread",tarot,yes_no,28.6,1,1,1,1,0,3,""
4251,discovered,"does my crush like me back tarot",tarot,yes_no,28.6,1,1,1,1,0,3,""
4252,discovered,"lemongrass does it come back every year",love_relationships,noun,28.6,1,1,1,1,0,3,""
4253,discovered,"is it cheating buzzfeed",love_relationships,yes_no,28.6,1,1,1,1,0,3,""
4254,discovered,"is it cheating challenge",love_relationships,yes_no,28.6,1,1,1,1,0,3,""
4255,discovered,"is he cheating girl idk",love_relationships,yes_no,28.6,1,1,1,1,0,3,""
4256,discovered,"is she cheating or just dancing udy",love_relationships,yes_no,28.6,1,1,1,1,0,3,""
4257,discovered,"is he cheating man idk",love_relationships,yes_no,28.6,1,1,1,1,0,3,""
4258,discovered,"he's probably cheating",love_relationships,noun,28.6,1,1,1,1,0,3,""
4259,discovered,"is he cheating remix",love_relationships,yes_no,28.6,1,1,1,1,0,3,""
4260,discovered,"he is cheating us passive voice",love_relationships,noun,28.6,1,1,1,1,0,3,""
4261,discovered,"is he the one for me tarot",tarot,yes_no,28.6,1,1,1,1,0,3,""
4262,discovered,"is he the real one",love_relationships,yes_no,28.6,1,1,1,1,0,3,""
4263,discovered,"he's being distant with",love_relationships,noun,28.6,1,1,1,1,0,3,""
4264,discovered,"why does he go distant on",love_relationships,wh,28.6,1,1,1,1,0,3,""
4265,discovered,"am i medium brown or dark brown",grief_afterlife,yes_no,28.6,1,1,1,1,0,3,""
4266,discovered,"am i medium or dark skin tone",grief_afterlife,yes_no,28.6,1,1,1,1,0,3,""
4267,discovered,"i am gia medium",grief_afterlife,noun,28.6,1,1,1,1,0,3,""
4268,discovered,"i am medium height in french",grief_afterlife,noun,28.6,1,1,1,1,0,3,""
4269,discovered,"am ia psychic",psychic_abilities,noun,28.6,1,1,1,1,0,3,""
4270,discovered,"i am an empath quotes",psychic_abilities,noun,28.6,1,1,1,1,0,3,""
4271,discovered,"how to do meditation to open third eye",psychic_abilities,how,28.6,1,1,1,1,0,3,""
4272,discovered,"how to open third eye with herbs",psychic_abilities,how,28.6,1,1,1,1,0,3,""
4273,discovered,"how to keep third eye open",psychic_abilities,how,28.6,1,1,1,1,0,3,""
4274,discovered,"open third eye near",psychic_abilities,noun,28.6,1,1,1,1,0,3,""
4275,discovered,"how to open third eye safely",psychic_abilities,how,28.6,1,1,1,1,0,3,""
4276,discovered,"how to read tarot as a beginner",tarot,how,28.6,1,1,1,1,0,3,""
4277,discovered,"how to read tarot daily",tarot,how,28.6,1,1,1,1,0,3,""
4278,discovered,"how to read each tarot card",tarot,how,28.6,1,1,1,1,0,3,""
4279,discovered,"how to read tarot cards guide",tarot,how,28.6,1,1,1,1,0,3,""
4280,discovered,"how to read in tarot",tarot,how,28.6,1,1,1,1,0,3,""
4281,discovered,"how to use jojo tarot cards",tarot,how,28.6,1,1,1,1,0,3,""
4282,discovered,"how to read tarot. cards for kids",tarot,how,28.6,1,1,1,1,0,3,""
4283,discovered,"how to read tarot love reading",tarot,how,28.6,1,1,1,1,0,3,""
4284,discovered,"how to read tarot with normal cards",tarot,how,28.6,1,1,1,1,0,3,""
4285,discovered,"how to read occult tarot cards",tarot,how,28.6,1,1,1,1,0,3,""
4286,discovered,"how to read tarot properly",tarot,how,28.6,1,1,1,1,0,3,""
4287,discovered,"how to ask tarot reading questions",tarot,how,28.6,1,1,1,1,0,3,""
4288,discovered,"how to read tarot rider waite",tarot,how,28.6,1,1,1,1,0,3,""
4289,discovered,"how to read tarot sideways",tarot,how,28.6,1,1,1,1,0,3,""
4290,discovered,"how to read tarot the modern guide",tarot,how,28.6,1,1,1,1,0,3,""
4291,discovered,"how to use uther's tarot",tarot,how,28.6,1,1,1,1,0,3,""
4292,discovered,"how to read tarot with a regular deck of cards",tarot,how,28.6,1,1,1,1,0,3,""
4293,discovered,"how to read your tarot cards",tarot,how,28.6,1,1,1,1,0,3,""
4294,discovered,"how to use zodiac tarot cards",tarot,how,28.6,1,1,1,1,0,3,""
4295,discovered,"what does drawing the death card",tarot,wh,28.6,1,1,1,1,0,3,""
4296,discovered,"what does the death card mean in a love tarot reading",tarot,wh,28.6,1,1,1,1,0,3,""
4297,discovered,"what does the death card upright mean in tarot",tarot,wh,28.6,1,1,1,1,0,3,""
4298,discovered,"does the death card",tarot,yes_no,28.6,1,1,1,1,0,3,""
4299,discovered,"is tarot astrology",tarot,yes_no,28.6,1,1,1,1,0,3,""
4300,discovered,"is facade tarot",tarot,yes_no,28.6,1,1,1,1,0,3,""
4301,discovered,"is gemini tarot",tarot,yes_no,28.6,1,1,1,1,0,3,""
4302,discovered,"is tarot reading real in islam",tarot,yes_no,28.6,1,1,1,1,0,3,""
4303,discovered,"tarot is true or not",tarot,noun,28.6,1,1,1,1,0,3,""
4304,discovered,"are tarot people",tarot,yes_no,28.6,1,1,1,1,0,3,""
4305,discovered,"tarot is scary",tarot,noun,28.6,1,1,1,1,0,3,""
4306,discovered,"is tyler tarot",tarot,yes_no,28.6,1,1,1,1,0,3,""
4307,discovered,"is chatgpt accurate with tarot",tarot,yes_no,28.6,1,1,1,1,0,3,""
4308,discovered,"what is my rising sign and venus",astrology,wh,28.6,1,1,1,1,0,3,""
4309,discovered,"what is my rising sign based on",astrology,wh,28.6,1,1,1,1,0,3,""
4310,discovered,"what is my rising sign chakra",astrology,wh,28.6,1,1,1,1,0,3,""
4311,discovered,"what is the rising sign determined by",astrology,wh,28.6,1,1,1,1,0,3,""
4312,discovered,"what else is your rising sign called",astrology,wh,28.6,1,1,1,1,0,3,""
4313,discovered,"what is my rising sign for aquarius",astrology,wh,28.6,1,1,1,1,0,3,""
4314,discovered,"what does your rising sign govern",astrology,wh,28.6,1,1,1,1,0,3,""
4315,discovered,"what is the rising sign horoscope",astrology,wh,28.6,1,1,1,1,0,3,""
4316,discovered,"what is my rising sign july 1",astrology,wh,28.6,1,1,1,1,0,3,""
4317,discovered,"what is your rising sign also known as",astrology,wh,28.6,1,1,1,1,0,3,""
4318,discovered,"what is the rising sign for libra",astrology,wh,28.6,1,1,1,1,0,3,""
4319,discovered,"what is my rising sign october 23",astrology,wh,28.6,1,1,1,1,0,3,""
4320,discovered,"what is my rising sign if i was born in september",astrology,wh,28.6,1,1,1,1,0,3,""
4321,discovered,"what is your rising sign if you are a leo",astrology,wh,28.6,1,1,1,1,0,3,""
4322,discovered,"what is the rising sign zodiac",astrology,wh,28.6,1,1,1,1,0,3,""
4323,discovered,"how to ask chat gpt to read my birth chart",astrology,how,28.6,1,1,1,1,0,3,""
4324,discovered,"what does mercury being in retrograde",astrology,wh,28.6,1,1,1,1,0,3,""
4325,discovered,"what does mercury retrograde in cancer mean for capricorn",astrology,wh,28.6,1,1,1,1,0,3,""
4326,discovered,"what does a breakup during mercury retrograde",astrology,wh,28.6,1,1,1,1,0,3,""
4327,discovered,"what does happy mercury retrograde",astrology,wh,28.6,1,1,1,1,0,3,""
4328,discovered,"what does mercury mean in retrograde",astrology,wh,28.6,1,1,1,1,0,3,""
4329,discovered,"what does end of mercury retrograde",astrology,wh,28.6,1,1,1,1,0,3,""
4330,discovered,"what does mercury in retrograde mean for pisces woman",astrology,wh,28.6,1,1,1,1,0,3,""
4331,discovered,"what does mercury retrograde mean for relationships",astrology,wh,28.6,1,1,1,1,0,3,""
4332,discovered,"what does mercury retrograde mean scientifically",astrology,wh,28.6,1,1,1,1,0,3,""
4333,discovered,"what does breaking up during mercury retrograde",astrology,wh,28.6,1,1,1,1,0,3,""
4334,discovered,"what does mercury was in retrograde",astrology,wh,28.6,1,1,1,1,0,3,""
4335,discovered,"what does it mean if mercury was retrograde when you were born",astrology,wh,28.6,1,1,1,1,0,3,""
4336,discovered,"zodiac compatibility aquarius and scorpio",astrology,noun,28.6,1,1,1,1,0,3,""
4337,discovered,"zodiac compatibility by birthdate",astrology,noun,28.6,1,1,1,1,0,3,""
4338,discovered,"zodiac compatibility dog",astrology,noun,28.6,1,1,1,1,0,3,""
4339,discovered,"zodiac compatibility elle",astrology,noun,28.6,1,1,1,1,0,3,""
4340,discovered,"zodiac compatibility fft",astrology,noun,28.6,1,1,1,1,0,3,""
4341,discovered,"zodiac compatibility gemini and aquarius",astrology,noun,28.6,1,1,1,1,0,3,""
4342,discovered,"zodiac compatibility hindu",astrology,noun,28.6,1,1,1,1,0,3,""
4343,discovered,"zodiac compatibility in percentage",astrology,noun,28.6,1,1,1,1,0,3,""
4344,discovered,"january zodiac compatibility",astrology,noun,28.6,1,1,1,1,0,3,""
4345,discovered,"zodiac signs kissing compatibility",astrology,signs,28.6,1,1,1,1,0,3,""
4346,discovered,"zodiac compatibility libra and sagittarius",astrology,noun,28.6,1,1,1,1,0,3,""
4347,discovered,"zodiac compatibility matrix",astrology,noun,28.6,1,1,1,1,0,3,""
4348,discovered,"zodiac compatibility name",astrology,noun,28.6,1,1,1,1,0,3,""
4349,discovered,"zodiac compatibility of capricorn",astrology,noun,28.6,1,1,1,1,0,3,""
4350,discovered,"zodiac compatibility pisces and leo",astrology,noun,28.6,1,1,1,1,0,3,""
4351,discovered,"zodiac compatibility rating",astrology,noun,28.6,1,1,1,1,0,3,""
4352,discovered,"zodiac compatibility scorpio",astrology,noun,28.6,1,1,1,1,0,3,""
4353,discovered,"zodiac compatibility virgo and aquarius",astrology,noun,28.6,1,1,1,1,0,3,""
4354,discovered,"zodiac compatibility with capricorn",astrology,noun,28.6,1,1,1,1,0,3,""
4355,discovered,"chinese zodiac years compatibility chart",astrology,noun,28.6,1,1,1,1,0,3,""
4356,discovered,"what does 1111 mean i keep seeing",angel_numbers,wh,28.6,1,1,1,1,0,3,""
4357,discovered,"what does 11 11 mean in love twin flame",twin_flame_soulmate,wh,28.6,1,1,1,1,0,3,""
4358,discovered,"what does 11 11 mean in love",love_relationships,wh,28.6,1,1,1,1,0,3,""
4359,discovered,"what does 1111 mean when thinking about someone",angel_numbers,wh,28.6,1,1,1,1,0,3,""
4360,discovered,"what does 222 mean breakup",angel_numbers,wh,28.6,1,1,1,1,0,3,""
4361,discovered,"what does 222 mean chinese",angel_numbers,wh,28.6,1,1,1,1,0,3,""
4362,discovered,"what does 222 mean during twin flame separation",twin_flame_soulmate,wh,28.6,1,1,1,1,0,3,""
4363,discovered,"what does 222 mean in english",angel_numbers,wh,28.6,1,1,1,1,0,3,""
4364,discovered,"what does 222 mean for twin flames",twin_flame_soulmate,wh,28.6,1,1,1,1,0,3,""
4365,discovered,"what does 222 mean gang",angel_numbers,wh,28.6,1,1,1,1,0,3,""
4366,discovered,"what does 222 mean in hinduism",angel_numbers,wh,28.6,1,1,1,1,0,3,""
4367,discovered,"what does 222 mean in japan",angel_numbers,wh,28.6,1,1,1,1,0,3,""
4368,discovered,"what does 222 mean in korean culture",angel_numbers,wh,28.6,1,1,1,1,0,3,""
4369,discovered,"what does 222 mean letter",angel_numbers,wh,28.6,1,1,1,1,0,3,""
4370,discovered,"what does 222 necklace",angel_numbers,wh,28.6,1,1,1,1,0,3,""
4371,discovered,"what does 222 mean overwatch",angel_numbers,wh,28.6,1,1,1,1,0,3,""
4372,discovered,"what does 222 portal",angel_numbers,wh,28.6,1,1,1,1,0,3,""
4373,discovered,"what does 222 mean romantically",angel_numbers,wh,28.6,1,1,1,1,0,3,""
4374,discovered,"what does 222 mean spiritually in a relationship",angel_numbers,wh,28.6,1,1,1,1,0,3,""
4375,discovered,"angel numbers birthday",angel_numbers,noun,28.6,1,1,1,1,0,3,""
4376,discovered,"angel numbers meaning chart in hindi",angel_numbers,meaning,28.6,1,1,1,1,0,3,""
4377,discovered,"seeing angel numbers everyday",angel_numbers,noun,28.6,1,1,1,1,0,3,""
4378,discovered,"angel numbers meaning for 222",angel_numbers,meaning,28.6,1,1,1,1,0,3,""
4379,discovered,"what angel numbers mean good health",angel_numbers,wh,28.6,1,1,1,1,0,3,""
4380,discovered,"angel no 444 meaning hindi",angel_numbers,meaning,28.6,1,1,1,1,0,3,""
4381,discovered,"angel numbers what is mine",angel_numbers,noun,28.6,1,1,1,1,0,3,""
4382,discovered,"angel numbers meaning peace",angel_numbers,meaning,28.6,1,1,1,1,0,3,""
4383,discovered,"angel numbers meaning strength",angel_numbers,meaning,28.6,1,1,1,1,0,3,""
4384,discovered,"angel numbers meaning twin flame reunion",twin_flame_soulmate,meaning,28.6,1,1,1,1,0,3,""
4385,discovered,"what do 444 angel numbers",angel_numbers,wh,28.6,1,1,1,1,0,3,""
4386,discovered,"all angel numbers with",angel_numbers,noun,28.6,1,1,1,1,0,3,""
4387,discovered,"angel numbers that mean you're on the right path",angel_numbers,meaning,28.6,1,1,1,1,0,3,""
4388,discovered,"what life path numbers are rare",angel_numbers,wh,28.6,1,1,1,1,0,3,""
4389,discovered,"what if your life path number doesn t match",angel_numbers,wh,28.6,1,1,1,1,0,3,""
4390,discovered,"what is the easiest life path number",angel_numbers,wh,28.6,1,1,1,1,0,3,""
4391,discovered,"what is the lucky life path number",angel_numbers,wh,28.6,1,1,1,1,0,3,""
4392,discovered,"what number is my life path number",angel_numbers,wh,28.6,1,1,1,1,0,3,""
4393,discovered,"what is the life path number of 9",angel_numbers,wh,28.6,1,1,1,1,0,3,""
4394,discovered,"what is the purpose of life path number 6",angel_numbers,wh,28.6,1,1,1,1,0,3,""
4395,discovered,"what does the life path number represent",angel_numbers,wh,28.6,1,1,1,1,0,3,""
4396,discovered,"what is the life path of a number two",angel_numbers,wh,28.6,1,1,1,1,0,3,""
4397,discovered,"what is the most unlucky life path number",angel_numbers,wh,28.6,1,1,1,1,0,3,""
4398,discovered,"what is the worst life path number",angel_numbers,wh,28.6,1,1,1,1,0,3,""
4399,discovered,"what does it mean when you dream about an ex",dreams,wh,28.6,1,1,1,1,0,3,""
4400,discovered,"what does it mean when you dream about bees",dreams,wh,28.6,1,1,1,1,0,3,""
4401,discovered,"what does it mean when you dream about crocodiles",dreams,wh,28.6,1,1,1,1,0,3,""
4402,discovered,"what does it mean when you dream about dying",dreams,wh,28.6,1,1,1,1,0,3,""
4403,discovered,"what does it mean when you dream about elevators",dreams,wh,28.6,1,1,1,1,0,3,""
4404,discovered,"what does it mean when you dream about falling",dreams,wh,28.6,1,1,1,1,0,3,""
4405,discovered,"what does it mean when you dream about having a baby boy",dreams,wh,28.6,1,1,1,1,0,3,""
4406,discovered,"what does it mean when you dream about infidelity",dreams,wh,28.6,1,1,1,1,0,3,""
4407,discovered,"what does it mean when you dream about judgement day",dreams,wh,28.6,1,1,1,1,0,3,""
4408,discovered,"what does it mean when you dream about kissing someone",dreams,wh,28.6,1,1,1,1,0,3,""
4409,discovered,"what does it mean when you dream about lions",dreams,wh,28.6,1,1,1,1,0,3,""
4410,discovered,"what does it mean when you dream about marrying someone",dreams,wh,28.6,1,1,1,1,0,3,""
4411,discovered,"what does it mean when you dream about not being able to breathe",dreams,wh,28.6,1,1,1,1,0,3,""
4412,discovered,"what does it mean when you dream about orcas",dreams,wh,28.6,1,1,1,1,0,3,""
4413,discovered,"what does it mean when you dream about qiyamah",dreams,wh,28.6,1,1,1,1,0,3,""
4414,discovered,"what does it mean when you dream about rats attacking you",dreams,wh,28.6,1,1,1,1,0,3,""
4415,discovered,"what does it mean when you dream about teeth",dreams,wh,28.6,1,1,1,1,0,3,""
4416,discovered,"what does it mean when you dream about ufos",dreams,wh,28.6,1,1,1,1,0,3,""
4417,discovered,"what does it mean when you dream about venomous snakes",dreams,wh,28.6,1,1,1,1,0,3,""
4418,discovered,"what does it mean when you dream about wolves",dreams,wh,28.6,1,1,1,1,0,3,""
4419,discovered,"what does that dream",dreams,wh,28.6,1,1,1,1,0,3,""
4420,discovered,"why do i keep dreaming about an ex from years ago",dreams,wh,28.6,1,1,1,1,0,3,""
4421,discovered,"why do i keep dreaming about bugs",dreams,wh,28.6,1,1,1,1,0,3,""
4422,discovered,"why do i keep dreaming about cheating on my husband",dreams,wh,28.6,1,1,1,1,0,3,""
4423,discovered,"why do i keep dreaming about dead relatives",dreams,wh,28.6,1,1,1,1,0,3,""
4424,discovered,"why do i keep dreaming about fish",dreams,wh,28.6,1,1,1,1,0,3,""
4425,discovered,"why do i keep dreaming about getting back with my ex",dreams,wh,28.6,1,1,1,1,0,3,""
4426,discovered,"why do i keep dreaming about high school even though i graduated",dreams,wh,28.6,1,1,1,1,0,3,""
4427,discovered,"why do i keep dreaming about jesus",dreams,wh,28.6,1,1,1,1,0,3,""
4428,discovered,"why do i keep dreaming about kidnapping",dreams,wh,28.6,1,1,1,1,0,3,""
4429,discovered,"why do i keep dreaming about losing my car",dreams,wh,28.6,1,1,1,1,0,3,""
4430,discovered,"why do i keep dreaming about my crush",dreams,wh,28.6,1,1,1,1,0,3,""
4431,discovered,"why do i keep dreaming about not being able to breathe",dreams,wh,28.6,1,1,1,1,0,3,""
4432,discovered,"why do i keep dreaming about old boyfriends",dreams,wh,28.6,1,1,1,1,0,3,""
4433,discovered,"what does it mean when you keep dreaming about water",dreams,wh,28.6,1,1,1,1,0,3,""
4434,discovered,"why do i keep dreaming about rats in my house",dreams,wh,28.6,1,1,1,1,0,3,""
4435,discovered,"why do i keep dreaming about someone from my past",dreams,wh,28.6,1,1,1,1,0,3,""
4436,discovered,"why do i keep dreaming about the same place i've never been",dreams,wh,28.6,1,1,1,1,0,3,""
4437,discovered,"why do i keep dreaming about ufos",dreams,wh,28.6,1,1,1,1,0,3,""
4438,discovered,"why do i keep dreaming about venomous snakes",dreams,wh,28.6,1,1,1,1,0,3,""
4439,discovered,"why do i keep dreaming about war",dreams,wh,28.6,1,1,1,1,0,3,""
4440,discovered,"why do i keep dreaming about my younger self",dreams,wh,28.6,1,1,1,1,0,3,""
4441,discovered,"why do i keep dreaming about zombies chasing",dreams,wh,28.6,1,1,1,1,0,3,""
4442,discovered,"dream meaning snake around neck",dreams,meaning,28.6,1,1,1,1,0,3,""
4443,discovered,"dream meaning snakes crawling on you",dreams,meaning,28.6,1,1,1,1,0,3,""
4444,discovered,"dream meaning snake eggs",dreams,meaning,28.6,1,1,1,1,0,3,""
4445,discovered,"dream about snake biting hand",dreams,noun,28.6,1,1,1,1,0,3,""
4446,discovered,"dream meaning snakes in water",dreams,meaning,28.6,1,1,1,1,0,3,""
4447,discovered,"dream about lots of snakes spiritual",dreams,noun,28.6,1,1,1,1,0,3,""
4448,discovered,"dream about multiple snakes",dreams,noun,28.6,1,1,1,1,0,3,""
4449,discovered,"dream meaning snake white",dreams,meaning,28.6,1,1,1,1,0,3,""
4450,discovered,"how to manifest according to your rising",manifestation,how,28.6,1,1,1,1,0,3,""
4451,discovered,"how to manifest beauty",manifestation,how,28.6,1,1,1,1,0,3,""
4452,discovered,"how to manifest communication from someone",manifestation,how,28.6,1,1,1,1,0,3,""
4453,discovered,"how to manifest dream life",dreams,how,28.6,1,1,1,1,0,3,""
4454,discovered,"how to manifest ego",manifestation,how,28.6,1,1,1,1,0,3,""
4455,discovered,"how to manifest faster",manifestation,how,28.6,1,1,1,1,0,3,""
4456,discovered,"how to manifest getting a job",manifestation,how,28.6,1,1,1,1,0,3,""
4457,discovered,"how to manifest happiness",manifestation,how,28.6,1,1,1,1,0,3,""
4458,discovered,"how to manifest in your sleep",manifestation,how,28.6,1,1,1,1,0,3,""
4459,discovered,"how to manifest joe dispenza",manifestation,how,28.6,1,1,1,1,0,3,""
4460,discovered,"how to manifest kids",manifestation,how,28.6,1,1,1,1,0,3,""
4461,discovered,"how to manifest lottery win",manifestation,how,28.6,1,1,1,1,0,3,""
4462,discovered,"how to manifest my ex back",manifestation,how,28.6,1,1,1,1,0,3,""
4463,discovered,"how to manifest numbers",manifestation,how,28.6,1,1,1,1,0,3,""
4464,discovered,"how to manifest on a new moon",manifestation,how,28.6,1,1,1,1,0,3,""
4465,discovered,"how to manifest passing an exam",manifestation,how,28.6,1,1,1,1,0,3,""
4466,discovered,"how to manifest positive energy",manifestation,how,28.6,1,1,1,1,0,3,""
4467,discovered,"how to manifest something you want",manifestation,how,28.6,1,1,1,1,0,3,""
4468,discovered,"how to manifest the man you want",manifestation,how,28.6,1,1,1,1,0,3,""
4469,discovered,"how to manifest under a full moon",manifestation,how,28.6,1,1,1,1,0,3,""
4470,discovered,"how to manifest very fast",manifestation,how,28.6,1,1,1,1,0,3,""
4471,discovered,"how to manifest weight loss",manifestation,how,28.6,1,1,1,1,0,3,""
4472,discovered,"how to open android manifest xml",manifestation,how,28.6,1,1,1,1,0,3,""
4473,discovered,"how to manifest your soulmate",twin_flame_soulmate,how,28.6,1,1,1,1,0,3,""
4474,discovered,"how to attract zombies to plants zetsubou",love_relationships,how,28.6,1,1,1,1,0,3,""
4475,discovered,"how to manifest money affirmations",manifestation,how,28.6,1,1,1,1,0,3,""
4476,discovered,"how to manifest money by writing",manifestation,how,28.6,1,1,1,1,0,3,""
4477,discovered,"how to manifest money with citrine",manifestation,how,28.6,1,1,1,1,0,3,""
4478,discovered,"how to manifest emergency money",manifestation,how,28.6,1,1,1,1,0,3,""
4479,discovered,"how to attract money hinduism",money_career,how,28.6,1,1,1,1,0,3,""
4480,discovered,"how to manifest lost money",manifestation,how,28.6,1,1,1,1,0,3,""
4481,discovered,"how to attract money mantra",money_career,how,28.6,1,1,1,1,0,3,""
4482,discovered,"how to attract money quickly naturally",money_career,how,28.6,1,1,1,1,0,3,""
4483,discovered,"how to manifest receiving money",manifestation,how,28.6,1,1,1,1,0,3,""
4484,discovered,"how to manifest money successfully",manifestation,how,28.6,1,1,1,1,0,3,""
4485,discovered,"how to attract money through meditation",money_career,how,28.6,1,1,1,1,0,3,""
4486,discovered,"how to manifest money using 369 method",manifestation,how,28.6,1,1,1,1,0,3,""
4487,discovered,"how to attract money videos",money_career,how,28.6,1,1,1,1,0,3,""
4488,discovered,"does manifestation always work",manifestation,yes_no,28.6,1,1,1,1,0,3,""
4489,discovered,"does manifesting beauty work",manifestation,yes_no,28.6,1,1,1,1,0,3,""
4490,discovered,"does manifest dread work on lands",manifestation,yes_no,28.6,1,1,1,1,0,3,""
4491,discovered,"does manifestation work for money",manifestation,yes_no,28.6,1,1,1,1,0,3,""
4492,discovered,"does manifesting work on avoidants",manifestation,yes_no,28.6,1,1,1,1,0,3,""
4493,discovered,"how quickly does manifestation. work",manifestation,how,28.6,1,1,1,1,0,3,""
4494,discovered,"does manifestation really work for love",manifestation,yes_no,28.6,1,1,1,1,0,3,""
4495,discovered,"does manifestation spells work",manifestation,yes_no,28.6,1,1,1,1,0,3,""
4496,discovered,"does manifestation techniques work",manifestation,yes_no,28.6,1,1,1,1,0,3,""
4497,discovered,"does visualization manifestation work",manifestation,yes_no,28.6,1,1,1,1,0,3,""
4498,discovered,"does manifesting work if you say it in your head",manifestation,yes_no,28.6,1,1,1,1,0,3,""
4499,discovered,"what is shadow work in business",manifestation,wh,28.6,1,1,1,1,0,3,""
4500,discovered,"what is shadow work considered",manifestation,wh,28.6,1,1,1,1,0,3,""
4501,discovered,"what is shadow work exercises",manifestation,wh,28.6,1,1,1,1,0,3,""
4502,discovered,"what is shadow work for anxiety",manifestation,wh,28.6,1,1,1,1,0,3,""
4503,discovered,"is shadow work good or bad for you",manifestation,yes_no,28.6,1,1,1,1,0,3,""
4504,discovered,"what is shadow work in spirituality",manifestation,wh,28.6,1,1,1,1,0,3,""
4505,discovered,"what is shadow work jungian",manifestation,wh,28.6,1,1,1,1,0,3,""
4506,discovered,"what is shadow work magic",manifestation,wh,28.6,1,1,1,1,0,3,""
4507,discovered,"what is shadow work in spiritual awakening",manifestation,wh,28.6,1,1,1,1,0,3,""
4508,discovered,"what is shadow work with tarot",manifestation,wh,28.6,1,1,1,1,0,3,""
4509,discovered,"signs of being spiritually awakened",spiritual_awakening,signs,28.6,1,1,1,1,0,3,""
4510,discovered,"what are physical signs of spiritual awakening",spiritual_awakening,wh,28.6,1,1,1,1,0,3,""
4511,discovered,"what is spirit awakening about",spiritual_awakening,wh,28.6,1,1,1,1,0,3,""
4512,discovered,"is a spiritual awakening bad",spiritual_awakening,yes_no,28.6,1,1,1,1,0,3,""
4513,discovered,"what exactly is a kundalini awakening",chakras_energy,wh,28.6,1,1,1,1,0,3,""
4514,discovered,"what is spiritual awakening",spiritual_awakening,wh,28.6,1,1,1,1,0,3,""
4515,discovered,"is a spiritual awakening good or bad",spiritual_awakening,yes_no,28.6,1,1,1,1,0,3,""
4516,discovered,"what age does spiritual awakening happen",spiritual_awakening,wh,28.6,1,1,1,1,0,3,""
4517,discovered,"what does spiritual awakening really",spiritual_awakening,wh,28.6,1,1,1,1,0,3,""
4518,discovered,"what is a second spiritual awakening",spiritual_awakening,wh,28.6,1,1,1,1,0,3,""
4519,discovered,"what is a true spiritual awakening",spiritual_awakening,wh,28.6,1,1,1,1,0,3,""
4520,discovered,"what is my spirit animal astrology",astrology,wh,28.6,1,1,1,1,0,3,""
4521,discovered,"what is my spirit animal deer",spiritual_awakening,wh,28.6,1,1,1,1,0,3,""
4522,discovered,"what is my spirit animal elephant",spiritual_awakening,wh,28.6,1,1,1,1,0,3,""
4523,discovered,"what is my spirit animal for december",spiritual_awakening,wh,28.6,1,1,1,1,0,3,""
4524,discovered,"what is the spirit animal for gemini",astrology,wh,28.6,1,1,1,1,0,3,""
4525,discovered,"what is my spirit animal hawk",spiritual_awakening,wh,28.6,1,1,1,1,0,3,""
4526,discovered,"what is my spirit animal if i was born in august",spiritual_awakening,wh,28.6,1,1,1,1,0,3,""
4527,discovered,"what is my spirit animal june 7",spiritual_awakening,wh,28.6,1,1,1,1,0,3,""
4528,discovered,"what is your spirit animal for kids",spiritual_awakening,wh,28.6,1,1,1,1,0,3,""
4529,discovered,"what is my spirit animal lion",spiritual_awakening,wh,28.6,1,1,1,1,0,3,""
4530,discovered,"what is my spirit animal mexico",spiritual_awakening,wh,28.6,1,1,1,1,0,3,""
4531,discovered,"what is my spirit animal numerology",angel_numbers,wh,28.6,1,1,1,1,0,3,""
4532,discovered,"what is my spirit animal otter",spiritual_awakening,wh,28.6,1,1,1,1,0,3,""
4533,discovered,"what is my spirit animal rabbit",spiritual_awakening,wh,28.6,1,1,1,1,0,3,""
4534,discovered,"what is my spirit animal short",spiritual_awakening,wh,28.6,1,1,1,1,0,3,""
4535,discovered,"what is the spirit animal for virgo zodiac",astrology,wh,28.6,1,1,1,1,0,3,""
4536,discovered,"what is my spirit animal by birth year",spiritual_awakening,wh,28.6,1,1,1,1,0,3,""
4537,discovered,"how to find your spirit animal book",spiritual_awakening,how,28.6,1,1,1,1,0,3,""
4538,discovered,"how to get a spirit animal in bloxd io",spiritual_awakening,how,28.6,1,1,1,1,0,3,""
4539,discovered,"how to know what your spirit animal os",spiritual_awakening,how,28.6,1,1,1,1,0,3,""
4540,discovered,"how to find your real spirit animal",spiritual_awakening,how,28.6,1,1,1,1,0,3,""
4541,discovered,"how to you find your spirit animal",spiritual_awakening,how,28.6,1,1,1,1,0,3,""
4542,discovered,"what does it mean when you see a hummingbird spiritually",signs_synchronicity,wh,28.6,1,1,1,1,0,3,""
4543,discovered,"what does is mean when you see a cardinal",signs_synchronicity,wh,28.6,1,1,1,1,0,3,""
4544,discovered,"what does it mean when you see a king cobra in your dream",dreams,wh,28.6,1,1,1,1,0,3,""
4545,discovered,"what does it mean when you see a name in your dream",dreams,wh,28.6,1,1,1,1,0,3,""
4546,discovered,"what does it mean when you see a owl in the daytime",signs_synchronicity,wh,28.6,1,1,1,1,0,3,""
4547,discovered,"what does it mean when you see a yellow cardinal",signs_synchronicity,wh,28.6,1,1,1,1,0,3,""
4548,discovered,"why do i keep seeing a red cardinal",signs_synchronicity,wh,28.6,1,1,1,1,0,3,""
4549,discovered,"why do i keep seeing feathers",signs_synchronicity,wh,28.6,1,1,1,1,0,3,""
4550,discovered,"why do i keep seeing jesus in my dreams",dreams,wh,28.6,1,1,1,1,0,3,""
4551,discovered,"why do i keep seeing my ex everywhere spiritual",love_relationships,wh,28.6,1,1,1,1,0,3,""
4552,discovered,"why do i keep seeing the number 1111",angel_numbers,wh,28.6,1,1,1,1,0,3,""
4553,discovered,"how to remove negative energy at home",protection_energy,how,28.6,1,1,1,1,0,3,""
4554,discovered,"how to remove negative energy from car",protection_energy,how,28.6,1,1,1,1,0,3,""
4555,discovered,"how to do a cleanse of negative energy with sage incense",protection_energy,how,28.6,1,1,1,1,0,3,""
4556,discovered,"how to remove negative energy from someone else",protection_energy,how,28.6,1,1,1,1,0,3,""
4557,discovered,"how to remove negative energy from home with salt",protection_energy,how,28.6,1,1,1,1,0,3,""
4558,discovered,"how to remove negative energy in home",protection_energy,how,28.6,1,1,1,1,0,3,""
4559,discovered,"how to clear negative energy and karma",protection_energy,how,28.6,1,1,1,1,0,3,""
4560,discovered,"how to remove negative energy from life",protection_energy,how,28.6,1,1,1,1,0,3,""
4561,discovered,"how to cleanse negative energy from my home",protection_energy,how,28.6,1,1,1,1,0,3,""
4562,discovered,"how to cleanse negative energy from objects",protection_energy,how,28.6,1,1,1,1,0,3,""
4563,discovered,"how to remove negative energy from person",protection_energy,how,28.6,1,1,1,1,0,3,""
4564,discovered,"how to remove negative energy from relationship",protection_energy,how,28.6,1,1,1,1,0,3,""
4565,discovered,"how to remove negative energy from the body",protection_energy,how,28.6,1,1,1,1,0,3,""
4566,discovered,"how to remove negative energy from used furniture",protection_energy,how,28.6,1,1,1,1,0,3,""
4567,discovered,"how to cleanse negative energy from your house",protection_energy,how,28.6,1,1,1,1,0,3,""
4568,discovered,"am i cursed by a witch",protection_energy,yes_no,28.6,1,1,1,1,0,3,""
4569,discovered,"do i have cursed energy",protection_energy,yes_no,28.6,1,1,1,1,0,3,""
4570,discovered,"will i get cursed watching incantation",protection_energy,yes_no,28.6,1,1,1,1,0,3,""
4571,discovered,"i am cursed in tagalog",protection_energy,noun,28.6,1,1,1,1,0,3,""
4572,discovered,"i am just cursed",protection_energy,noun,28.6,1,1,1,1,0,3,""
4573,discovered,"i am cursed meaning in kannada",protection_energy,meaning,28.6,1,1,1,1,0,3,""
4574,discovered,"am i cursed in life",protection_energy,yes_no,28.6,1,1,1,1,0,3,""
4575,discovered,"i am cursed one",protection_energy,noun,28.6,1,1,1,1,0,3,""
4576,discovered,"am i pretty curse",protection_energy,yes_no,28.6,1,1,1,1,0,3,""
4577,discovered,"what is the evil eye and how does it work",protection_energy,wh,28.6,1,1,1,1,0,3,""
4578,discovered,"what is the evil eye design",protection_energy,wh,28.6,1,1,1,1,0,3,""
4579,discovered,"what is the evil eye symbol emoji",protection_energy,wh,28.6,1,1,1,1,0,3,""
4580,discovered,"what is the evil eye from greece",protection_energy,wh,28.6,1,1,1,1,0,3,""
4581,discovered,"what is the evil eye history",protection_energy,wh,28.6,1,1,1,1,0,3,""
4582,discovered,"what is the evil eye in muslim culture",protection_energy,wh,28.6,1,1,1,1,0,3,""
4583,discovered,"what is the evil eye in japan",protection_energy,wh,28.6,1,1,1,1,0,3,""
4584,discovered,"what is an evil eye luck",protection_energy,wh,28.6,1,1,1,1,0,3,""
4585,discovered,"what is the evil eye meant",protection_energy,wh,28.6,1,1,1,1,0,3,""
4586,discovered,"what is the evil eye nazar",protection_energy,wh,28.6,1,1,1,1,0,3,""
4587,discovered,"what is the evil eye on jewelry",protection_energy,wh,28.6,1,1,1,1,0,3,""
4588,discovered,"what is the evil eye protection called",protection_energy,wh,28.6,1,1,1,1,0,3,""
4589,discovered,"what is the evil eye turkey",protection_energy,wh,28.6,1,1,1,1,0,3,""
4590,discovered,"the evil eye voice actor",protection_energy,noun,28.6,1,1,1,1,0,3,""
4591,discovered,"what crystal is for august",crystals_rituals,wh,28.6,1,1,1,1,0,3,""
4592,discovered,"what crystal is best for anxiety",crystals_rituals,wh,28.6,1,1,1,1,0,3,""
4593,discovered,"what crystal is for clarity",crystals_rituals,wh,28.6,1,1,1,1,0,3,""
4594,discovered,"what stone is for december birthstone",crystals_rituals,wh,28.6,1,1,1,1,0,3,""
4595,discovered,"which crystal is for evil eye",protection_energy,wh,28.6,1,1,1,1,0,3,""
4596,discovered,"what crystal is for finding love",crystals_rituals,wh,28.6,1,1,1,1,0,3,""
4597,discovered,"what crystal is for grief",crystals_rituals,wh,28.6,1,1,1,1,0,3,""
4598,discovered,"what crystal is for happiness",crystals_rituals,wh,28.6,1,1,1,1,0,3,""
4599,discovered,"what crystal is for january",crystals_rituals,wh,28.6,1,1,1,1,0,3,""
4600,discovered,"what crystal is for libra",astrology,wh,28.6,1,1,1,1,0,3,""
4601,discovered,"what stone is for november birthstone",crystals_rituals,wh,28.6,1,1,1,1,0,3,""
4602,discovered,"what crystal is obsidian",crystals_rituals,wh,28.6,1,1,1,1,0,3,""
4603,discovered,"what crystal is for pisces",astrology,wh,28.6,1,1,1,1,0,3,""
4604,discovered,"what is crystal quartz worth",crystals_rituals,wh,28.6,1,1,1,1,0,3,""
4605,discovered,"what crystal is for sagittarius",astrology,wh,28.6,1,1,1,1,0,3,""
4606,discovered,"what crystal is for travel protection",protection_energy,wh,28.6,1,1,1,1,0,3,""
4607,discovered,"what is crystal violet",crystals_rituals,wh,28.6,1,1,1,1,0,3,""
4608,discovered,"what crystal is for wisdom",crystals_rituals,wh,28.6,1,1,1,1,0,3,""
4609,discovered,"what is crystal youtube channel",crystals_rituals,wh,28.6,1,1,1,1,0,3,""
4610,discovered,"what is crystal zip code",crystals_rituals,wh,28.6,1,1,1,1,0,3,""
4611,discovered,"full moon ritual blue moon",crystals_rituals,noun,28.6,1,1,1,1,0,3,""
4612,discovered,"full moon ritual capricorn",astrology,noun,28.6,1,1,1,1,0,3,""
4613,discovered,"full moon ritual during the day",crystals_rituals,noun,28.6,1,1,1,1,0,3,""
4614,discovered,"full moon eclipse ritual",crystals_rituals,noun,28.6,1,1,1,1,0,3,""
4615,discovered,"full moon ritual for june",crystals_rituals,noun,28.6,1,1,1,1,0,3,""
4616,discovered,"full moon gratitude ritual",crystals_rituals,noun,28.6,1,1,1,1,0,3,""
4617,discovered,"full moon ritual hoodoo",crystals_rituals,noun,28.6,1,1,1,1,0,3,""
4618,discovered,"full moon ritual ipa",crystals_rituals,noun,28.6,1,1,1,1,0,3,""
4619,discovered,"full moon ritual june 29",crystals_rituals,noun,28.6,1,1,1,1,0,3,""
4620,discovered,"new moon ritual for kids",crystals_rituals,noun,28.6,1,1,1,1,0,3,""
4621,discovered,"full moon ritual love",crystals_rituals,noun,28.6,1,1,1,1,0,3,""
4622,discovered,"full moon ritual nyc",crystals_rituals,noun,28.6,1,1,1,1,0,3,""
4623,discovered,"full moon ritual pisces",astrology,noun,28.6,1,1,1,1,0,3,""
4624,discovered,"full moon release ritual prayer",crystals_rituals,noun,28.6,1,1,1,1,0,3,""
4625,discovered,"full moon ritual supplies",crystals_rituals,noun,28.6,1,1,1,1,0,3,""
4626,discovered,"full moon in virgo ritual",astrology,noun,28.6,1,1,1,1,0,3,""
4627,discovered,"full moon ritual wicca",crystals_rituals,noun,28.6,1,1,1,1,0,3,""
4628,discovered,"full moon new year ritual",crystals_rituals,noun,28.6,1,1,1,1,0,3,""
4629,discovered,"what are chakras and are they",chakras_energy,wh,28.6,1,1,1,1,0,3,""
4630,discovered,"what are chakra bowls",chakras_energy,wh,28.6,1,1,1,1,0,3,""
4631,discovered,"what are chakra candles",chakras_energy,wh,28.6,1,1,1,1,0,3,""
4632,discovered,"what chakra does naruto have",chakras_energy,wh,28.6,1,1,1,1,0,3,""
4633,discovered,"what are chakras in english",chakras_energy,wh,28.6,1,1,1,1,0,3,""
4634,discovered,"what religion are chakras from",chakras_energy,wh,28.6,1,1,1,1,0,3,""
4635,discovered,"what are the 7 chakra gemstones",chakras_energy,wh,28.6,1,1,1,1,0,3,""
4636,discovered,"what are human chakras",chakras_energy,wh,28.6,1,1,1,1,0,3,""
4637,discovered,"what chakra lapis lazuli",chakras_energy,wh,28.6,1,1,1,1,0,3,""
4638,discovered,"what are minor chakras",chakras_energy,wh,28.6,1,1,1,1,0,3,""
4639,discovered,"what are naruto's chakra types",chakras_energy,wh,28.6,1,1,1,1,0,3,""
4640,discovered,"what are the chakra points in the body",chakras_energy,wh,28.6,1,1,1,1,0,3,""
4641,discovered,"what are chakra rods",chakras_energy,wh,28.6,1,1,1,1,0,3,""
4642,discovered,"what are chakra sounds",chakras_energy,wh,28.6,1,1,1,1,0,3,""
4643,discovered,"what are the chakras in order",chakras_energy,wh,28.6,1,1,1,1,0,3,""
4644,discovered,"what are chakra stones used",chakras_energy,wh,28.6,1,1,1,1,0,3,""
4645,discovered,"what chakra are your feet",chakras_energy,wh,28.6,1,1,1,1,0,3,""
4646,discovered,"how to unblock ajna chakra",chakras_energy,how,28.6,1,1,1,1,0,3,""
4647,discovered,"how to unblock base chakra",chakras_energy,how,28.6,1,1,1,1,0,3,""
4648,discovered,"how to open closed chakras",chakras_energy,how,28.6,1,1,1,1,0,3,""
4649,discovered,"how to unblock every chakra",chakras_energy,how,28.6,1,1,1,1,0,3,""
4650,discovered,"how to open first chakra",chakras_energy,how,28.6,1,1,1,1,0,3,""
4651,discovered,"how to unblock heart chakra with crystals",crystals_rituals,how,28.6,1,1,1,1,0,3,""
4652,discovered,"how to open chakras in human body",chakras_energy,how,28.6,1,1,1,1,0,3,""
4653,discovered,"how to open love chakra",chakras_energy,how,28.6,1,1,1,1,0,3,""
4654,discovered,"how to unblock money chakra",chakras_energy,how,28.6,1,1,1,1,0,3,""
4655,discovered,"how to unlock chakra naruto",chakras_energy,how,28.6,1,1,1,1,0,3,""
4656,discovered,"how to open orange chakra",chakras_energy,how,28.6,1,1,1,1,0,3,""
4657,discovered,"how to unblock plexus chakra",chakras_energy,how,28.6,1,1,1,1,0,3,""
4658,discovered,"how to unblock swadhisthana chakra",chakras_energy,how,28.6,1,1,1,1,0,3,""
4659,discovered,"how to open chakras through meditation",chakras_energy,how,28.6,1,1,1,1,0,3,""
4660,discovered,"how to know who i was in my past life astrology",astrology,how,28.6,1,1,1,1,0,3,""
4661,discovered,"do mediums actually talk to the dead",grief_afterlife,yes_no,28.6,1,1,1,1,0,3,""
4662,discovered,"how do psychics talk to the dead",psychic_abilities,how,28.6,1,1,1,1,0,3,""
4663,discovered,"do mediums talk to dead people",grief_afterlife,yes_no,28.6,1,1,1,1,0,3,""
4664,discovered,"signs of deceased loved ones",grief_afterlife,signs,28.6,1,1,1,1,0,3,""
4665,discovered,"when will i get a job capricorn",astrology,wh,28.6,1,1,1,1,0,3,""
4666,discovered,"how do i get job experience",money_career,how,28.6,1,1,1,1,0,3,""
4667,discovered,"when will i get a job horoscope",astrology,wh,28.6,1,1,1,1,0,3,""
4668,discovered,"will i get job after phd",money_career,yes_no,28.6,1,1,1,1,0,3,""
4669,discovered,"will i get job soon",money_career,yes_no,28.6,1,1,1,1,0,3,""
4670,discovered,"when do i get the job",money_career,wh,28.6,1,1,1,1,0,3,""
4671,discovered,"what is a purpose driven life",money_career,wh,28.6,1,1,1,1,0,3,""
4672,discovered,"what is the life purpose of islam",money_career,wh,28.6,1,1,1,1,0,3,""
4673,discovered,"what is the purpose to life",money_career,wh,28.6,1,1,1,1,0,3,""
4674,discovered,"what is the career path for chief of staff",money_career,wh,28.6,1,1,1,1,0,3,""
4675,discovered,"what is the career path for dentist",money_career,wh,28.6,1,1,1,1,0,3,""
4676,discovered,"what is your career path essay",money_career,wh,28.6,1,1,1,1,0,3,""
4677,discovered,"what is the career path for a pharmacy technician",money_career,wh,28.6,1,1,1,1,0,3,""
4678,discovered,"what is the career path for a gynecologist",money_career,wh,28.6,1,1,1,1,0,3,""
4679,discovered,"what is the professional growth and job outlook for nurse practitioners",money_career,wh,28.6,1,1,1,1,0,3,""
4680,discovered,"what does my career path look like",money_career,wh,28.6,1,1,1,1,0,3,""
4681,discovered,"what is the career path for neuroscience",money_career,wh,28.6,1,1,1,1,0,3,""
4682,discovered,"what is the career path for rbt",money_career,wh,28.6,1,1,1,1,0,3,""
4683,discovered,"what is the career path for scrum master",money_career,wh,28.6,1,1,1,1,0,3,""
4684,discovered,"what is the career path of an underwriter",money_career,wh,28.6,1,1,1,1,0,3,""
4685,discovered,"what is the career path for a social worker",money_career,wh,28.6,1,1,1,1,0,3,""
4686,discovered,"what does the future hold for byod",money_career,wh,28.6,1,1,1,1,0,3,""
4687,discovered,"what does the future hold for canada",money_career,wh,28.6,1,1,1,1,0,3,""
4688,discovered,"what does the future hold for dubai",money_career,wh,28.6,1,1,1,1,0,3,""
4689,discovered,"what does the future hold for earth",money_career,wh,28.6,1,1,1,1,0,3,""
4690,discovered,"what the future holds jake hayman",money_career,wh,28.6,1,1,1,1,0,3,""
4691,discovered,"what does the future hold for libra",astrology,wh,28.6,1,1,1,1,0,3,""
4692,discovered,"what does the future hold for policing",money_career,wh,28.6,1,1,1,1,0,3,""
4693,discovered,"what does the future hold for silver",money_career,wh,28.6,1,1,1,1,0,3,""
4694,discovered,"what the future holds vinyl",money_career,wh,28.6,1,1,1,1,0,3,""
4695,discovered,"is he love bombing",love_relationships,yes_no,28.6,1,1,1,1,0,3,""
4696,discovered,"does she love me quiz psychology",love_relationships,yes_no,28.6,1,1,1,1,0,3,""
4697,discovered,"do you still love me meaning in malayalam",love_relationships,yes_no,28.6,1,1,1,1,0,3,""
4698,discovered,"does he like me if he calls me sweet",love_relationships,yes_no,28.6,1,1,1,1,0,3,""
4699,discovered,"does he secretly like",love_relationships,yes_no,28.6,1,1,1,1,0,3,""
4700,discovered,"signs he will come back to you",love_relationships,signs,28.6,1,1,1,1,0,3,""
4701,discovered,"it is come back",love_relationships,noun,28.6,1,1,1,1,0,3,""
4702,discovered,"will he come back quiz buzzfeed",love_relationships,yes_no,28.6,1,1,1,1,0,3,""
4703,discovered,"does she come back",love_relationships,yes_no,28.6,1,1,1,1,0,3,""
4704,discovered,"signs she will come back to you",love_relationships,signs,28.6,1,1,1,1,0,3,""
4705,discovered,"is it cheating to have a celebrity crush",love_relationships,yes_no,28.6,1,1,1,1,0,3,""
4706,discovered,"signs she is cheating on you",love_relationships,signs,28.6,1,1,1,1,0,3,""
4707,discovered,"is she the right one",love_relationships,yes_no,28.6,1,1,1,1,0,3,""
4708,discovered,"is he thinking about me tarot reading free oracle",tarot,yes_no,28.6,1,1,1,1,0,3,""
4709,discovered,"why did she ghost",grief_afterlife,wh,28.6,1,1,1,1,0,3,""
4710,discovered,"should i break up with the father of my child",love_relationships,yes_no,28.6,1,1,1,1,0,3,""
4711,discovered,"signs someone loves you",love_relationships,signs,28.6,1,1,1,1,0,3,""
4712,discovered,"do exes come back",love_relationships,yes_no,28.6,1,1,1,1,0,3,""
4713,discovered,"what is the soulmate",twin_flame_soulmate,wh,28.6,1,1,1,1,0,3,""
4714,discovered,"who is my soulmate quiz initials",twin_flame_soulmate,wh,28.6,1,1,1,1,0,3,""
4715,discovered,"who is my real soulmate",twin_flame_soulmate,wh,28.6,1,1,1,1,0,3,""
4716,discovered,"what is my soulmate's zodiac sign buzzfeed",twin_flame_soulmate,wh,28.6,1,1,1,1,0,3,""
4717,discovered,"who is my soulmate free astrology",twin_flame_soulmate,wh,28.6,1,1,1,1,0,3,""
4718,discovered,"when am i going to meet my soulmate",twin_flame_soulmate,wh,28.6,1,1,1,1,0,3,""
4719,discovered,"when will i meet my soulmate free astrology",twin_flame_soulmate,wh,28.6,1,1,1,1,0,3,""
4720,discovered,"i am in love meaning bengali",love_relationships,meaning,28.6,1,1,1,1,0,3,""
4721,discovered,"am i in love quiz for teens",love_relationships,yes_no,28.6,1,1,1,1,0,3,""
4722,discovered,"signs i am in love with someone",love_relationships,signs,28.6,1,1,1,1,0,3,""
4723,discovered,"if he likes me why is he dating someone else",love_relationships,noun,28.6,1,1,1,1,0,3,""
4724,discovered,"how to tell if someone is dating someone else",love_relationships,how,28.6,1,1,1,1,0,3,""
4725,discovered,"how does he feel about",love_relationships,how,28.6,1,1,1,1,0,3,""
4726,discovered,"signs of clairvoyance",psychic_abilities,signs,28.6,1,1,1,1,0,3,""
4727,discovered,"am i sensing or intuitive",psychic_abilities,yes_no,28.6,1,1,1,1,0,3,""
4728,discovered,"what is an intuitive person like",psychic_abilities,wh,28.6,1,1,1,1,0,3,""
4729,discovered,"how to know if you are an empath",psychic_abilities,how,28.6,1,1,1,1,0,3,""
4730,discovered,"how to develop math intuition",psychic_abilities,how,28.6,1,1,1,1,0,3,""
4731,discovered,"what does clairsentience",psychic_abilities,wh,28.6,1,1,1,1,0,3,""
4732,discovered,"are empaths",psychic_abilities,yes_no,28.6,1,1,1,1,0,3,""
4733,discovered,"clairaudience meaning in english",psychic_abilities,meaning,28.6,1,1,1,1,0,3,""
4734,discovered,"how to prepare for a psychic reading",psychic_abilities,how,28.6,1,1,1,1,0,3,""
4735,discovered,"how to get a free medium reading",grief_afterlife,how,28.6,1,1,1,1,0,3,""
4736,discovered,"what is the tower card",tarot,wh,28.6,1,1,1,1,0,3,""
4737,discovered,"death tarot",tarot,noun,28.6,1,1,1,1,0,3,""
4738,discovered,"tarot card yes or no questions",tarot,noun,28.6,1,1,1,1,0,3,""
4739,discovered,"yes or no tarot spread",tarot,noun,28.6,1,1,1,1,0,3,""
4740,discovered,"tarot card",tarot,noun,28.6,1,1,1,1,0,3,""
4741,discovered,"how to read tarot cards to someone",tarot,how,28.6,1,1,1,1,0,3,""
4742,discovered,"cheapest tarot deck",tarot,noun,28.6,1,1,1,1,0,3,""
4743,discovered,"what is the ascendant",astrology,wh,28.6,1,1,1,1,0,3,""
4744,discovered,"what is the moon sign tomorrow",astrology,wh,28.6,1,1,1,1,0,3,""
4745,discovered,"what is my zodiac sign quiz buzzfeed",astrology,wh,28.6,1,1,1,1,0,3,""
4746,discovered,"what is the best zodiac",astrology,wh,28.6,1,1,1,1,0,3,""
4747,discovered,"what is the zodiac sign to january",astrology,wh,28.6,1,1,1,1,0,3,""
4748,discovered,"what do my big three",astrology,wh,28.6,1,1,1,1,0,3,""
4749,discovered,"what is my big three star",astrology,wh,28.6,1,1,1,1,0,3,""
4750,discovered,"what are the big three freedoms",astrology,wh,28.6,1,1,1,1,0,3,""
4751,discovered,"understanding my birth chart",astrology,noun,28.6,1,1,1,1,0,3,""
4752,discovered,"what is mercury retrograde relationships",astrology,wh,28.6,1,1,1,1,0,3,""
4753,discovered,"zodiac compatible to cancer",astrology,noun,28.6,1,1,1,1,0,3,""
4754,discovered,"how to tell what my north node",astrology,how,28.6,1,1,1,1,0,3,""
4755,discovered,"how to find out what my saturn return",astrology,how,28.6,1,1,1,1,0,3,""
4756,discovered,"how to calculate when my saturn return",astrology,how,28.6,1,1,1,1,0,3,""
4757,discovered,"what is a house stellium",astrology,wh,28.6,1,1,1,1,0,3,""
4758,discovered,"what constitutes a stellium",astrology,wh,28.6,1,1,1,1,0,3,""
4759,discovered,"is horoscope",astrology,yes_no,28.6,1,1,1,1,0,3,""
4760,discovered,"is astrology true to some extent",astrology,yes_no,28.6,1,1,1,1,0,3,""
4761,discovered,"what does retrograde mean in horoscopes",astrology,wh,28.6,1,1,1,1,0,3,""
4762,discovered,"am i a cusp",astrology,yes_no,28.6,1,1,1,1,0,3,""
4763,discovered,"how to find your dominant planet in astrology",astrology,how,28.6,1,1,1,1,0,3,""
4764,discovered,"what is my chiron sign cafe astrology",astrology,wh,28.6,1,1,1,1,0,3,""
4765,discovered,"how to find out where chiron is in your chart",astrology,how,28.6,1,1,1,1,0,3,""
4766,discovered,"what does 222 mean angel numbers biblical",angel_numbers,wh,28.6,1,1,1,1,0,3,""
4767,discovered,"what does it mean when you see 222 often",angel_numbers,wh,28.6,1,1,1,1,0,3,""
4768,discovered,"what does 333 mean if you keep seeing",angel_numbers,wh,28.6,1,1,1,1,0,3,""
4769,discovered,"what does 333 mean to christians",angel_numbers,wh,28.6,1,1,1,1,0,3,""
4770,discovered,"what do 333",angel_numbers,wh,28.6,1,1,1,1,0,3,""
4771,discovered,"what does 444 mean in angel meanings",angel_numbers,wh,28.6,1,1,1,1,0,3,""
4772,discovered,"what does mile 444",angel_numbers,wh,28.6,1,1,1,1,0,3,""
4773,discovered,"what does 444 mean to christians",angel_numbers,wh,28.6,1,1,1,1,0,3,""
4774,discovered,"what does the meaning 555",angel_numbers,wh,28.6,1,1,1,1,0,3,""
4775,discovered,"what is the sign of 555",angel_numbers,wh,28.6,1,1,1,1,0,3,""
4776,discovered,"what does 555 mean to god",angel_numbers,wh,28.6,1,1,1,1,0,3,""
4777,discovered,"what is 777",angel_numbers,wh,28.6,1,1,1,1,0,3,""
4778,discovered,"what does 777 mean when you keep seeing",angel_numbers,wh,28.6,1,1,1,1,0,3,""
4779,discovered,"what does 777 mean to aleister crowley",angel_numbers,wh,28.6,1,1,1,1,0,3,""
4780,discovered,"what does 888 mean to chinese",angel_numbers,wh,28.6,1,1,1,1,0,3,""
4781,discovered,"what does 999 mean to jesus",angel_numbers,wh,28.6,1,1,1,1,0,3,""
4782,discovered,"what does angel number 1212",angel_numbers,wh,28.6,1,1,1,1,0,3,""
4783,discovered,"what does it means when you see 1212",angel_numbers,wh,28.6,1,1,1,1,0,3,""
4784,discovered,"does 1010 have",angel_numbers,yes_no,28.6,1,1,1,1,0,3,""
4785,discovered,"what is the significance of seeing the number 1010",angel_numbers,wh,28.6,1,1,1,1,0,3,""
4786,discovered,"what is meant by angel number",angel_numbers,wh,28.6,1,1,1,1,0,3,""
4787,discovered,"how to find out what my life path number",angel_numbers,how,28.6,1,1,1,1,0,3,""
4788,discovered,"different ways to calculate life path number",angel_numbers,noun,28.6,1,1,1,1,0,3,""
4789,discovered,"why do i keep seeing 1111 on the clock biblical",angel_numbers,wh,28.6,1,1,1,1,0,3,""
4790,discovered,"why i keep on seeing 1111",angel_numbers,wh,28.6,1,1,1,1,0,3,""
4791,discovered,"what is the spiritual meaning of number 111",spiritual_awakening,wh,28.6,1,1,1,1,0,3,""
4792,discovered,"what is the angel number meaning of 555",angel_numbers,wh,28.6,1,1,1,1,0,3,""
4793,discovered,"what does it mean when you dream about cats spiritual",dreams,wh,28.6,1,1,1,1,0,3,""
4794,discovered,"why do i keep dreaming about dirty toilets",dreams,wh,28.6,1,1,1,1,0,3,""
4795,discovered,"what does it mean to dream about someone chasing you to kill you",dreams,wh,28.6,1,1,1,1,0,3,""
4796,discovered,"what does dream mean someone trying to kill you",dreams,wh,28.6,1,1,1,1,0,3,""
4797,discovered,"lucid dreaming reddit stories",dreams,noun,28.6,1,1,1,1,0,3,""
4798,discovered,"lucid dream",dreams,noun,28.6,1,1,1,1,0,3,""
4799,discovered,"how to attract water",love_relationships,how,28.6,1,1,1,1,0,3,""
4800,discovered,"how to attract money to your life",money_career,how,28.6,1,1,1,1,0,3,""
4801,discovered,"how to attract someone",love_relationships,how,28.6,1,1,1,1,0,3,""
4802,discovered,"does water manifestation work",manifestation,yes_no,28.6,1,1,1,1,0,3,""
4803,discovered,"369 manifestation method how to write",manifestation,noun,28.6,1,1,1,1,0,3,""
4804,discovered,"law of attraction ilia topuria",manifestation,noun,28.6,1,1,1,1,0,3,""
4805,discovered,"law of attraction freedom mastery planner",manifestation,noun,28.6,1,1,1,1,0,3,""
4806,discovered,"what is job shadowing",money_career,wh,28.6,1,1,1,1,0,3,""
4807,discovered,"how to manifest marriage with a specific person",manifestation,how,28.6,1,1,1,1,0,3,""
4808,discovered,"dark night of the soul got questions",spiritual_awakening,noun,28.6,1,1,1,1,0,3,""
4809,discovered,"mooncat dark night of the soul",spiritual_awakening,noun,28.6,1,1,1,1,0,3,""
4810,discovered,"is a kundalini awakening",chakras_energy,yes_no,28.6,1,1,1,1,0,3,""
4811,discovered,"how to have a kundalini awakening",chakras_energy,how,28.6,1,1,1,1,0,3,""
4812,discovered,"what is my spiritual gift quiz buzzfeed",psychic_abilities,wh,28.6,1,1,1,1,0,3,""
4813,discovered,"why do i keep seeing angel numbers while talking to someone",angel_numbers,wh,28.6,1,1,1,1,0,3,""
4814,discovered,"butterfly tattoo meaning on a woman spiritual",signs_synchronicity,meaning,28.6,1,1,1,1,0,3,""
4815,discovered,"does negative energy attract negative energy",protection_energy,yes_no,28.6,1,1,1,1,0,3,""
4816,discovered,"reddit i'm cursed",protection_energy,noun,28.6,1,1,1,1,0,3,""
4817,discovered,"what helps get rid of negative energy",protection_energy,wh,28.6,1,1,1,1,0,3,""
4818,discovered,"what crystal is good for test taking",crystals_rituals,wh,28.6,1,1,1,1,0,3,""
4819,discovered,"what does the new moon",crystals_rituals,wh,28.6,1,1,1,1,0,3,""
4820,discovered,"chakra healing stones",chakras_energy,noun,28.6,1,1,1,1,0,3,""
4821,discovered,"how long does chakra healing take",chakras_energy,how,28.6,1,1,1,1,0,3,""
4822,discovered,"what is reiki meaning in english",chakras_energy,wh,28.6,1,1,1,1,0,3,""
4823,discovered,"how do you explain reiki to someone",chakras_energy,how,28.6,1,1,1,1,0,3,""
4824,discovered,"energy healing techniques",chakras_energy,noun,28.6,1,1,1,1,0,3,""
4825,discovered,"how would you know if you had a past life",past_lives_karma,how,28.6,1,1,1,1,0,3,""
4826,discovered,"what is credit karma toll free number",past_lives_karma,wh,28.6,1,1,1,1,0,3,""
4827,discovered,"signs i had a past life",past_lives_karma,signs,28.6,1,1,1,1,0,3,""
4828,discovered,"how do psychic mediums work",psychic_abilities,how,28.6,1,1,1,1,0,3,""
4829,discovered,"how does medium work",grief_afterlife,how,28.6,1,1,1,1,0,3,""
4830,discovered,"are spirit mediums",grief_afterlife,yes_no,28.6,1,1,1,1,0,3,""
4831,discovered,"does everyone have a spirit guide",psychic_abilities,yes_no,28.6,1,1,1,1,0,3,""
4832,discovered,"when will i get job",money_career,wh,28.6,1,1,1,1,0,3,""
4833,discovered,"i will be rich",money_career,noun,28.6,1,1,1,1,0,3,""
4834,discovered,"should i quit my job quiz buzzfeed",money_career,yes_no,28.6,1,1,1,1,0,3,""
4835,discovered,"i quit my job how to say",money_career,noun,28.6,1,1,1,1,0,3,""
4836,discovered,"what is destiny",money_career,wh,28.6,1,1,1,1,0,3,""
4837,discovered,"who will daenerys marry",love_relationships,wh,28.6,1,1,1,1,0,3,""
4838,seed,"what does 2222 mean",angel_numbers,wh,28.5,4,1,0,0,0,0,"meaning"
4839,seed,"what does the hanged man mean",tarot,wh,28.5,4,1,0,0,0,0,"meaning|tarot|reader"
4840,discovered,"is my relationship healthy or toxic",love_relationships,yes_no,28.2,1,2,1,1,0,7,""
4841,discovered,"why can t he commit",love_relationships,wh,28.2,1,2,1,1,0,5,""
4842,discovered,"tarot yes or no answer",tarot,noun,28.2,1,2,1,1,0,6,""
4843,discovered,"what is my rising sign if im a scorpio",astrology,wh,28.2,1,2,1,1,0,7,""
4844,discovered,"what does 1111 mean in angel numbers in love",angel_numbers,wh,28.2,1,2,1,1,0,5,""
4845,discovered,"what is akashic records reading",psychic_abilities,wh,28.2,1,2,1,1,0,6,""
4846,discovered,"what is reiki and how does it work",chakras_energy,wh,28.2,1,2,1,1,0,5,""
4847,discovered,"does he love me or is he just comfortable",love_relationships,yes_no,28.2,1,2,1,1,0,6,""
4848,discovered,"does he love me quotes",love_relationships,yes_no,28.2,1,2,1,1,0,5,""
4849,discovered,"does he love me queen of pentacles",love_relationships,yes_no,28.2,1,2,1,1,0,8,""
4850,discovered,"do he still love",love_relationships,yes_no,28.2,1,2,1,1,0,6,""
4851,discovered,"does my crush like me back quiz for 11 year olds",love_relationships,yes_no,28.2,1,2,1,1,0,6,""
4852,discovered,"does my crush like me if he keeps looking at",love_relationships,yes_no,28.2,1,2,1,1,0,5,""
4853,discovered,"does my crush like me quiz wlw",love_relationships,yes_no,28.2,1,2,1,1,0,5,""
4854,discovered,"does my crush like me quiz uquiz",love_relationships,yes_no,28.2,1,2,1,1,0,7,""
4855,discovered,"does my crush like me quiz school",love_relationships,yes_no,28.2,1,2,1,1,0,8,""
4856,discovered,"does my crush like me quiz middle school",love_relationships,yes_no,28.2,1,2,1,1,0,9,""
4857,discovered,"will he come back after a situationship",love_relationships,yes_no,28.2,1,2,1,1,0,6,""
4858,discovered,"is he cheating im doing him worse",love_relationships,yes_no,28.2,1,2,1,1,0,9,""
4859,discovered,"is it cheating to flirt with someone else",love_relationships,yes_no,28.2,1,2,1,1,0,9,""
4860,discovered,"is it cheating if you re not official",love_relationships,yes_no,28.2,1,2,1,1,0,7,""
4861,discovered,"is it cheating if your on a break",love_relationships,yes_no,28.2,1,2,1,1,0,8,""
4862,discovered,"is it cheating questions to ask your girlfriend",love_relationships,yes_no,28.2,1,2,1,1,0,5,""
4863,discovered,"is it cheating to use chunkbase",love_relationships,yes_no,28.2,1,2,1,1,0,5,""
4864,discovered,"is it cheating to use chatgpt",love_relationships,yes_no,28.2,1,2,1,1,0,5,""
4865,discovered,"is it cheating to use grammarly",love_relationships,yes_no,28.2,1,2,1,1,0,6,""
4866,discovered,"is he the one quiz buzzfeed",love_relationships,yes_no,28.2,1,2,1,1,0,5,""
4867,discovered,"is he the one questions",love_relationships,yes_no,28.2,1,2,1,1,0,6,""
4868,discovered,"why is he acting distant suddenly",love_relationships,wh,28.2,1,2,1,1,0,7,""
4869,discovered,"should i believe psychic reading",psychic_abilities,yes_no,28.2,1,2,1,1,0,8,""
4870,discovered,"how to know if your psychic",psychic_abilities,how,28.2,1,2,1,1,0,5,""
4871,discovered,"here i am burning now psychic force",psychic_abilities,noun,28.2,1,2,1,1,0,7,""
4872,discovered,"i am not gay psychic meme",psychic_abilities,noun,28.2,1,2,1,1,0,5,""
4873,discovered,"am i medium or high contrast",grief_afterlife,yes_no,28.2,1,2,1,1,0,8,""
4874,discovered,"should i trust psychic readings",psychic_abilities,yes_no,28.2,1,2,1,1,0,5,""
4875,discovered,"am i an empath or avoidant",psychic_abilities,yes_no,28.2,1,2,1,1,0,5,""
4876,discovered,"how to get third eye open in geometry dash",psychic_abilities,how,28.2,1,2,1,1,0,5,""
4877,discovered,"how to open your third eye in 1 minute in hindi",psychic_abilities,how,28.2,1,2,1,1,0,6,""
4878,discovered,"how to open third eye in telugu",psychic_abilities,how,28.2,1,2,1,1,0,5,""
4879,discovered,"how to read tarot cards with playing cards",tarot,how,28.2,1,2,1,1,0,5,""
4880,discovered,"how to read tarot cards celtic cross",tarot,how,28.2,1,2,1,1,0,8,""
4881,discovered,"how to read tarot practical guide",tarot,how,28.2,1,2,1,1,0,5,""
4882,discovered,"what does the death card mean in astrology",tarot,wh,28.2,1,2,1,1,0,6,""
4883,discovered,"what does it mean when you pull the death card in tarot",tarot,wh,28.2,1,2,1,1,0,5,""
4884,discovered,"what does it mean if you pull the death card in tarot",tarot,wh,28.2,1,2,1,1,0,6,""
4885,discovered,"what does the death tarot card mean in relationships",tarot,wh,28.2,1,2,1,1,0,7,""
4886,discovered,"is online yes no tarot",tarot,yes_no,28.2,1,2,1,1,0,6,""
4887,discovered,"what is my rising sign if im a pisces",astrology,wh,28.2,1,2,1,1,0,6,""
4888,discovered,"what is your rising sign mean in astrology",astrology,wh,28.2,1,2,1,1,0,5,""
4889,discovered,"what is the worst rising sign to have",astrology,wh,28.2,1,2,1,1,0,5,""
4890,discovered,"how do i read my birth chart",astrology,how,28.2,1,2,1,1,0,5,""
4891,discovered,"what does mercury in retrograde mean for capricorn woman",astrology,wh,28.2,1,2,1,1,0,5,""
4892,discovered,"what does the current mercury retrograde mean for pisces",astrology,wh,28.2,1,2,1,1,0,5,""
4893,discovered,"what does it mean when mercury retrograde goes direct",astrology,wh,28.2,1,2,1,1,0,6,""
4894,discovered,"what does mercury in retrograde mean and how long does it last",astrology,wh,28.2,1,2,1,1,0,6,""
4895,discovered,"what does mercury retrograde mean in leo",astrology,wh,28.2,1,2,1,1,0,6,""
4896,discovered,"what is mercury retrograde mean in astrology",astrology,wh,28.2,1,2,1,1,0,7,""
4897,discovered,"what does mercury leaving retrograde",astrology,wh,28.2,1,2,1,1,0,5,""
4898,discovered,"what does mercury retrograde mean for scorpio",astrology,wh,28.2,1,2,1,1,0,6,""
4899,discovered,"zodiac compatibility test for couples",astrology,noun,28.2,1,2,1,1,0,7,""
4900,discovered,"what does 222 mean troy brewer",angel_numbers,wh,28.2,1,2,1,1,0,9,""
4901,discovered,"what does 222 mean for couples",angel_numbers,wh,28.2,1,2,1,1,0,7,""
4902,discovered,"what does 222 mean in spirituality",angel_numbers,wh,28.2,1,2,1,1,0,5,""
4903,discovered,"what does 222 mean in hebrew",angel_numbers,wh,28.2,1,2,1,1,0,8,""
4904,discovered,"what does 222 mean on your birthday",angel_numbers,wh,28.2,1,2,1,1,0,7,""
4905,discovered,"what does 222 mean when you're thinking of someone",angel_numbers,wh,28.2,1,2,1,1,0,7,""
4906,discovered,"what does 222 mean when your thinking about someone",angel_numbers,wh,28.2,1,2,1,1,0,5,""
4907,discovered,"angel numbers meaning of 777",angel_numbers,meaning,28.2,1,2,1,1,0,7,""
4908,discovered,"angel numbers meaning in time",angel_numbers,meaning,28.2,1,2,1,1,0,5,""
4909,discovered,"angel numbers meaning in the bible",angel_numbers,meaning,28.2,1,2,1,1,0,6,""
4910,discovered,"what is the meaning of life path number in hindi",angel_numbers,wh,28.2,1,2,1,1,0,5,""
4911,discovered,"what does it mean when you dream about your boyfriend cheating on you twice",dreams,wh,28.2,1,2,1,1,0,5,""
4912,discovered,"why do i keep dreaming about food spiritual",dreams,wh,28.2,1,2,1,1,0,5,""
4913,discovered,"why do i keep dreaming about going back to school",dreams,wh,28.2,1,2,1,1,0,5,""
4914,discovered,"why do i keep dreaming about someone i used to like",dreams,wh,28.2,1,2,1,1,0,6,""
4915,discovered,"why do i keep dreaming about snakes in my house",dreams,wh,28.2,1,2,1,1,0,8,""
4916,discovered,"why do i keep dreaming about where i used to live",dreams,wh,28.2,1,2,1,1,0,6,""
4917,discovered,"why do i keep dreaming about people trying to kill",dreams,wh,28.2,1,2,1,1,0,6,""
4918,discovered,"why do i keep dreaming about people close to me dying",dreams,wh,28.2,1,2,1,1,0,7,""
4919,discovered,"how to manifest rising",manifestation,how,28.2,1,2,1,1,0,5,""
4920,discovered,"how to manifest a text",manifestation,how,28.2,1,2,1,1,0,5,""
4921,discovered,"how to manifest money and love",manifestation,how,28.2,1,2,1,1,0,5,""
4922,discovered,"how to manifest money and job",manifestation,how,28.2,1,2,1,1,0,6,""
4923,discovered,"how to attract money from god verses",money_career,how,28.2,1,2,1,1,0,8,""
4924,discovered,"how to manifest money on paper",manifestation,how,28.2,1,2,1,1,0,5,""
4925,discovered,"how to manifest money with pyrite",manifestation,how,28.2,1,2,1,1,0,7,""
4926,discovered,"does manifestation work for marriage",manifestation,yes_no,28.2,1,2,1,1,0,7,""
4927,discovered,"is my manifestation working",manifestation,yes_no,28.2,1,2,1,1,0,5,""
4928,discovered,"does manifestation work for one sided love",manifestation,yes_no,28.2,1,2,1,1,0,8,""
4929,discovered,"is manifestation works or not",manifestation,yes_no,28.2,1,2,1,1,0,5,""
4930,discovered,"does manifesting sp work",manifestation,yes_no,28.2,1,2,1,1,0,7,""
4931,discovered,"what is shadow work and what does it do",manifestation,wh,28.2,1,2,1,1,0,6,""
4932,discovered,"what is shadow work and how is it done",manifestation,wh,28.2,1,2,1,1,0,9,""
4933,discovered,"what is shadow work eft tapping",manifestation,wh,28.2,1,2,1,1,0,5,""
4934,discovered,"what is shadow work for men",manifestation,wh,28.2,1,2,1,1,0,5,""
4935,discovered,"what is shadow work in hoodoo",manifestation,wh,28.2,1,2,1,1,0,5,""
4936,discovered,"what is shadow work mental health",manifestation,wh,28.2,1,2,1,1,0,5,""
4937,discovered,"shadow work in twin flame journey",twin_flame_soulmate,noun,28.2,1,2,1,1,0,6,""
4938,discovered,"what does it mean to have a spiritual awakening",spiritual_awakening,wh,28.2,1,2,1,1,0,5,""
4939,discovered,"what is my spirit animal by birthday may",spiritual_awakening,wh,28.2,1,2,1,1,0,5,""
4940,discovered,"what is my spirit animal native american zodiac",astrology,wh,28.2,1,2,1,1,0,5,""
4941,discovered,"what is my spirit animal quotev",spiritual_awakening,wh,28.2,1,2,1,1,0,7,""
4942,discovered,"how do you know your spirit animal",spiritual_awakening,how,28.2,1,2,1,1,0,6,""
4943,discovered,"what does it mean when you see a blue jay bird",signs_synchronicity,wh,28.2,1,2,1,1,0,8,""
4944,discovered,"how to remove negative energy from body using salt",protection_energy,how,28.2,1,2,1,1,0,7,""
4945,discovered,"how to remove negative energy from thrifted clothes",protection_energy,how,28.2,1,2,1,1,0,5,""
4946,discovered,"how to remove negative energy from office room",protection_energy,how,28.2,1,2,1,1,0,7,""
4947,discovered,"how to cleanse negative energy around you",protection_energy,how,28.2,1,2,1,1,0,5,""
4948,discovered,"am i cursed to be alone",protection_energy,yes_no,28.2,1,2,1,1,0,5,""
4949,discovered,"how to know if you are cursed",protection_energy,how,28.2,1,2,1,1,0,7,""
4950,discovered,"i am cursed meaning in english",protection_energy,meaning,28.2,1,2,1,1,0,6,""
4951,discovered,"i am cursed with but one eye",protection_energy,noun,28.2,1,2,1,1,0,8,""
4952,discovered,"i am cursed in japanese",protection_energy,noun,28.2,1,2,1,1,0,5,""
4953,discovered,"i am cursed meaning in malayalam",protection_energy,meaning,28.2,1,2,1,1,0,6,""
4954,discovered,"what cursed technique am i",protection_energy,wh,28.2,1,2,1,1,0,5,""
4955,discovered,"what is the evil eye actually called",protection_energy,wh,28.2,1,2,1,1,0,6,""
4956,discovered,"what is the evil eye backstory dandadan",protection_energy,wh,28.2,1,2,1,1,0,5,""
4957,discovered,"what is the evil eye hand emoji",protection_energy,wh,28.2,1,2,1,1,0,5,""
4958,discovered,"what is the evil eye in greek culture",protection_energy,wh,28.2,1,2,1,1,0,5,""
4959,discovered,"what is the evil eye in greek mythology",protection_energy,wh,28.2,1,2,1,1,0,7,""
4960,discovered,"what does the evil eye symbol",protection_energy,wh,28.2,1,2,1,1,0,5,""
4961,discovered,"what is crystal cove for in fisch",crystals_rituals,wh,28.2,1,2,1,1,0,5,""
4962,discovered,"full moon ritual to let go",crystals_rituals,noun,28.2,1,2,1,1,0,6,""
4963,discovered,"simple explanation of chakras",chakras_energy,noun,28.2,1,2,1,1,0,5,""
4964,discovered,"how to open all chakras in our body",chakras_energy,how,28.2,1,2,1,1,0,9,""
4965,discovered,"how to open heart chakra",chakras_energy,how,28.2,1,2,1,1,0,7,""
4966,discovered,"gathered. signs your dead loved one is near",grief_afterlife,signs,28.2,1,2,1,1,0,6,""
4967,discovered,"will i get job after mca",money_career,yes_no,28.2,1,2,1,1,0,5,""
4968,discovered,"will i get government job in future",money_career,yes_no,28.2,1,2,1,1,0,6,""
4969,discovered,"how to know when will i get the job",money_career,how,28.2,1,2,1,1,0,6,""
4970,discovered,"will i get new job this year",money_career,yes_no,28.2,1,2,1,1,0,5,""
4971,discovered,"will i get a new job soon",money_career,yes_no,28.2,1,2,1,1,0,7,""
4972,discovered,"will i get hired",money_career,yes_no,28.2,1,2,1,1,0,5,""
4973,discovered,"what is the career path to ceo",money_career,wh,28.2,1,2,1,1,0,7,""
4974,discovered,"what is the career path for a dental hygienist",money_career,wh,28.2,1,2,1,1,0,8,""
4975,discovered,"what is the career path for an electrician",money_career,wh,28.2,1,2,1,1,0,8,""
4976,discovered,"what is the career path for public health",money_career,wh,28.2,1,2,1,1,0,5,""
4977,discovered,"how to figure out your career path",money_career,how,28.2,1,2,1,1,0,5,""
4978,discovered,"what should my career path be",money_career,wh,28.2,1,2,1,1,0,6,""
4979,discovered,"what is the career path to chief of staff",money_career,wh,28.2,1,2,1,1,0,5,""
4980,discovered,"what does the future hold for gold prices",money_career,wh,28.2,1,2,1,1,0,5,""
4981,discovered,"does he really like me or am i just imagining",love_relationships,yes_no,28.2,1,2,1,1,0,6,""
4982,discovered,"what does constantly seeing repeating numbers",angel_numbers,wh,28.2,1,2,1,1,0,5,""
4983,discovered,"what does it mean when you keep seeing repeating numbers",angel_numbers,wh,28.2,1,2,1,1,0,6,""
4984,discovered,"what does seeing a butterfly symbolize",signs_synchronicity,wh,28.2,1,2,1,1,0,5,""
4985,seed,"why cant i stop thinking about him",unclassified,wh,27.6,0,1,1,0,1,0,""
4986,seed,"what does my moon sign mean",astrology,wh,27.6,0,1,1,0,1,0,""
4987,seed,"what does my rising sign mean",astrology,wh,27.6,0,1,1,0,1,0,""
4988,seed,"signs your loved one is still with you",grief_afterlife,signs,27.6,0,1,1,0,1,0,""
4989,seed,"what is it like in the afterlife",grief_afterlife,wh,27.6,0,1,1,0,1,0,""
4990,discovered,"will she come back if i give her space",love_relationships,yes_no,27.6,1,1,1,1,0,4,""
4991,discovered,"is he getting serious about",love_relationships,yes_no,27.6,1,1,1,1,0,4,""
4992,discovered,"is he thinking about me tarot",tarot,yes_no,27.6,1,1,1,1,0,4,""
4993,discovered,"why did he ghost me when things were going great",grief_afterlife,wh,27.6,1,1,1,1,0,4,""
4994,discovered,"signs he loves you without saying",love_relationships,signs,27.6,1,1,1,1,0,4,""
4995,discovered,"he wants a relationship with",love_relationships,noun,27.6,1,1,1,1,0,4,""
4996,discovered,"why are my exes coming back astrology",astrology,wh,27.6,1,1,1,1,0,4,""
4997,discovered,"does he think about me as much as i think about him",love_relationships,yes_no,27.6,1,1,1,1,0,4,""
4998,discovered,"am i an intuitive or sensor",psychic_abilities,yes_no,27.6,1,1,1,1,0,4,""
4999,discovered,"how to develop psychic abilities youtube",psychic_abilities,how,27.6,1,1,1,1,0,4,""
5000,discovered,"what is the psychic ability of smell",psychic_abilities,wh,27.6,1,1,1,1,0,4,""
5001,discovered,"how to trust your intuition again",psychic_abilities,how,27.6,1,1,1,1,0,4,""
5002,discovered,"what does clairaudience sound like",psychic_abilities,wh,27.6,1,1,1,1,0,4,""
5003,discovered,"how to do a tarot reading on yourself for the first time",tarot,how,27.6,1,1,1,1,0,4,""
5004,discovered,"what does the tower card mean in xmen 97",tarot,wh,27.6,1,1,1,1,0,4,""
5005,discovered,"what does the lovers card mean in reverse",tarot,wh,27.6,1,1,1,1,0,4,""
5006,discovered,"is tarot really scary",tarot,yes_no,27.6,1,1,1,1,0,4,""
5007,discovered,"can tarot readers predict the future",tarot,yes_no,27.6,1,1,1,1,0,4,""
5008,discovered,"how to cleanse tarot cards with incense",tarot,how,27.6,1,1,1,1,0,4,""
5009,discovered,"tarot yes or no ai",tarot,noun,27.6,1,1,1,1,0,4,""
5010,discovered,"what does the moon card mean in the tarot deck",tarot,wh,27.6,1,1,1,1,0,4,""
5011,discovered,"how to shuffle tarot cards for a reading",tarot,how,27.6,1,1,1,1,0,4,""
5012,discovered,"what are my birth tarot cards",tarot,wh,27.6,1,1,1,1,0,4,""
5013,discovered,"how to read playing cards as tarot for beginners",tarot,how,27.6,1,1,1,1,0,4,""
5014,discovered,"best tarot card deck for beginners",tarot,noun,27.6,1,1,1,1,0,4,""
5015,discovered,"what is my sun sign and rising",astrology,wh,27.6,1,1,1,1,0,4,""
5016,discovered,"what does my astrology chart",astrology,wh,27.6,1,1,1,1,0,4,""
5017,discovered,"what sign is compatible with libra men",astrology,wh,27.6,1,1,1,1,0,4,""
5018,discovered,"what is my venus sign if im a taurus",astrology,wh,27.6,1,1,1,1,0,4,""
5019,discovered,"when is my saturn return and what does",astrology,wh,27.6,1,1,1,1,0,4,""
5020,discovered,"what is my chiron in astrology",astrology,wh,27.6,1,1,1,1,0,4,""
5021,discovered,"what does 333 mean in numerology",angel_numbers,wh,27.6,1,1,1,1,0,4,""
5022,discovered,"what does 555 mean in love",angel_numbers,wh,27.6,1,1,1,1,0,4,""
5023,discovered,"what does 777 mean tattoo",angel_numbers,wh,27.6,1,1,1,1,0,4,""
5024,discovered,"what does 888 mean in manifestation",angel_numbers,wh,27.6,1,1,1,1,0,4,""
5025,discovered,"what does 999 mean in the bible",angel_numbers,wh,27.6,1,1,1,1,0,4,""
5026,discovered,"what does 1212 mean in love",angel_numbers,wh,27.6,1,1,1,1,0,4,""
5027,discovered,"what does 1010 mean in numerology",angel_numbers,wh,27.6,1,1,1,1,0,4,""
5028,discovered,"angel numbers meaning 333",angel_numbers,meaning,27.6,1,1,1,1,0,4,""
5029,discovered,"how to calculate life path number 33",angel_numbers,how,27.6,1,1,1,1,0,4,""
5030,discovered,"why do i keep seeing 1111 in love",angel_numbers,wh,27.6,1,1,1,1,0,4,""
5031,discovered,"what does 1234 mean in numerology",angel_numbers,wh,27.6,1,1,1,1,0,4,""
5032,discovered,"what is my angel number according to my birthday",angel_numbers,wh,27.6,1,1,1,1,0,4,""
5033,discovered,"what does it mean to dream about someone you like",dreams,wh,27.6,1,1,1,1,0,4,""
5034,discovered,"what do dreams mean in islam",dreams,wh,27.6,1,1,1,1,0,4,""
5035,discovered,"what do dreams mean biblically",dreams,wh,27.6,1,1,1,1,0,4,""
5036,discovered,"dream about drinking water",dreams,noun,27.6,1,1,1,1,0,4,""
5037,discovered,"dream about losing teeth meaning in islam",dreams,meaning,27.6,1,1,1,1,0,4,""
5038,discovered,"dream about being chased by police",dreams,noun,27.6,1,1,1,1,0,4,""
5039,discovered,"dream about black spiders",dreams,noun,27.6,1,1,1,1,0,4,""
5040,discovered,"dream about kids",dreams,noun,27.6,1,1,1,1,0,4,""
5041,discovered,"dream about killing",dreams,noun,27.6,1,1,1,1,0,4,""
5042,discovered,"what does it mean when you dream about someone dying who is still alive biblical",dreams,wh,27.6,1,1,1,1,0,4,""
5043,discovered,"lucid dreaming how to learn",dreams,noun,27.6,1,1,1,1,0,4,""
5044,discovered,"are dreams messages from the deep",dreams,yes_no,27.6,1,1,1,1,0,4,""
5045,discovered,"what does it mean when you dream about someone you like multiple times",dreams,wh,27.6,1,1,1,1,0,4,""
5046,discovered,"369 method for love",manifestation,noun,27.6,1,1,1,1,0,4,""
5047,discovered,"law of attraction how to practice",manifestation,noun,27.6,1,1,1,1,0,4,""
5048,discovered,"what is the law of assumption neville goddard",manifestation,wh,27.6,1,1,1,1,0,4,""
5049,discovered,"how long should manifestation take",manifestation,how,27.6,1,1,1,1,0,4,""
5050,discovered,"what is the 555 method for hard boiled eggs",angel_numbers,wh,27.6,1,1,1,1,0,4,""
5051,discovered,"how to manifest a specific person for marriage",manifestation,how,27.6,1,1,1,1,0,4,""
5052,discovered,"how to manifest a specific person into your life",manifestation,how,27.6,1,1,1,1,0,4,""
5053,discovered,"spiritual awakening symptoms body",spiritual_awakening,noun,27.6,1,1,1,1,0,4,""
5054,discovered,"how to become more spiritually awakened",spiritual_awakening,how,27.6,1,1,1,1,0,4,""
5055,discovered,"how to know your spirit guide",psychic_abilities,how,27.6,1,1,1,1,0,4,""
5056,discovered,"what is my spiritual gift christian",psychic_abilities,wh,27.6,1,1,1,1,0,4,""
5057,discovered,"what religion is the akashic records",psychic_abilities,wh,27.6,1,1,1,1,0,4,""
5058,discovered,"what are synchronicities in manifestation",manifestation,wh,27.6,1,1,1,1,0,4,""
5059,discovered,"why do i keep seeing repeating numbers everywhere",angel_numbers,wh,27.6,1,1,1,1,0,4,""
5060,discovered,"what does it mean when you see a feather in your house",signs_synchronicity,wh,27.6,1,1,1,1,0,4,""
5061,discovered,"butterfly meaning spiritual tattoo",signs_synchronicity,meaning,27.6,1,1,1,1,0,4,""
5062,discovered,"what does it mean when you see a cardinal after someone dies",signs_synchronicity,wh,27.6,1,1,1,1,0,4,""
5063,discovered,"hummingbird spiritual meaning native american",spiritual_awakening,meaning,27.6,1,1,1,1,0,4,""
5064,discovered,"what does it mean when you see a deer in your dream",dreams,wh,27.6,1,1,1,1,0,4,""
5065,discovered,"what does it mean when you see a deer in your yard",signs_synchronicity,wh,27.6,1,1,1,1,0,4,""
5066,discovered,"what does it mean when you see a hawk up close",signs_synchronicity,wh,27.6,1,1,1,1,0,4,""
5067,discovered,"how to protect yourself from negative energy hinduism",protection_energy,how,27.6,1,1,1,1,0,4,""
5068,discovered,"how to break a curse on your family",protection_energy,how,27.6,1,1,1,1,0,4,""
5069,discovered,"how to get rid of negative energy and bad luck",protection_energy,how,27.6,1,1,1,1,0,4,""
5070,discovered,"what is a hex wrench",protection_energy,wh,27.6,1,1,1,1,0,4,""
5071,discovered,"how to cleanse your aura spiritually",protection_energy,how,27.6,1,1,1,1,0,4,""
5072,discovered,"what is grounding and its purpose",protection_energy,wh,27.6,1,1,1,1,0,4,""
5073,discovered,"how to do a purification ritual",crystals_rituals,how,27.6,1,1,1,1,0,4,""
5074,discovered,"signs of negative energy around",protection_energy,signs,27.6,1,1,1,1,0,4,""
5075,discovered,"crystals for protection and healing",protection_energy,noun,27.6,1,1,1,1,0,4,""
5076,discovered,"crystals for love and marriage",crystals_rituals,noun,27.6,1,1,1,1,0,4,""
5077,discovered,"how to cleanse crystals with sage",protection_energy,how,27.6,1,1,1,1,0,4,""
5078,discovered,"what to do on a full moon day",crystals_rituals,wh,27.6,1,1,1,1,0,4,""
5079,discovered,"what to do on a full moon witch",crystals_rituals,wh,27.6,1,1,1,1,0,4,""
5080,discovered,"what does the full moon mean for libra",astrology,wh,27.6,1,1,1,1,0,4,""
5081,discovered,"moon phases meaning in life",crystals_rituals,meaning,27.6,1,1,1,1,0,4,""
5082,discovered,"how to use sage for medicinal purposes",money_career,how,27.6,1,1,1,1,0,4,""
5083,discovered,"what is a baneful protection spell",protection_energy,wh,27.6,1,1,1,1,0,4,""
5084,discovered,"how to make a spell jar for love",crystals_rituals,how,27.6,1,1,1,1,0,4,""
5085,discovered,"what to do on a new moon day",crystals_rituals,wh,27.6,1,1,1,1,0,4,""
5086,discovered,"how to use a pendulum crystal",crystals_rituals,how,27.6,1,1,1,1,0,4,""
5087,discovered,"crystals for anxiety and panic attacks",crystals_rituals,noun,27.6,1,1,1,1,0,4,""
5088,discovered,"how to charge crystals sims 4",crystals_rituals,how,27.6,1,1,1,1,0,4,""
5089,discovered,"how to balance chakras with pendulum",crystals_rituals,how,27.6,1,1,1,1,0,4,""
5090,discovered,"chakra balancing how",chakras_energy,noun,27.6,1,1,1,1,0,4,""
5091,discovered,"what is a blocked root chakra",chakras_energy,wh,27.6,1,1,1,1,0,4,""
5092,discovered,"what is reiki good",chakras_energy,wh,27.6,1,1,1,1,0,4,""
5093,discovered,"what is the third eye chakra color",psychic_abilities,wh,27.6,1,1,1,1,0,4,""
5094,discovered,"how do you know when your heart chakra is blocked",chakras_energy,how,27.6,1,1,1,1,0,4,""
5095,discovered,"what is energy healing work",chakras_energy,wh,27.6,1,1,1,1,0,4,""
5096,discovered,"past life regression hypnosis near",past_lives_karma,noun,27.6,1,1,1,1,0,4,""
5097,discovered,"what is karma in boruto",past_lives_karma,wh,27.6,1,1,1,1,0,4,""
5098,discovered,"how to clear karma in hinduism",past_lives_karma,how,27.6,1,1,1,1,0,4,""
5099,discovered,"what is a karmic relationship vs soulmate",twin_flame_soulmate,wh,27.6,1,1,1,1,0,4,""
5100,discovered,"what was i in my past life quiz buzzfeed",past_lives_karma,wh,27.6,1,1,1,1,0,4,""
5101,discovered,"what is karmic healing",past_lives_karma,wh,27.6,1,1,1,1,0,4,""
5102,discovered,"what is a soul contract between two people",past_lives_karma,wh,27.6,1,1,1,1,0,4,""
5103,discovered,"does psychic work on ghost pokemon",psychic_abilities,yes_no,27.6,1,1,1,1,0,4,""
5104,discovered,"are mediums really talking to the dead",grief_afterlife,yes_no,27.6,1,1,1,1,0,4,""
5105,discovered,"am i being haunted by a succubus",grief_afterlife,yes_no,27.6,1,1,1,1,0,4,""
5106,discovered,"what is a spirit guide animal",psychic_abilities,wh,27.6,1,1,1,1,0,4,""
5107,discovered,"what is my life purpose meme",money_career,wh,27.6,1,1,1,1,0,4,""
5108,discovered,"what is my career pathway",money_career,wh,27.6,1,1,1,1,0,4,""
5109,discovered,"how to attract money fast",money_career,how,27.6,1,1,1,1,0,4,""
5110,discovered,"will i be rich will i be pretty",money_career,yes_no,27.6,1,1,1,1,0,4,""
5111,discovered,"what is my destiny matrix number",money_career,wh,27.6,1,1,1,1,0,4,""
5112,discovered,"when will i get married astrology prediction",astrology,wh,27.6,1,1,1,1,0,4,""
5113,discovered,"what is the soul purpose of life",money_career,wh,27.6,1,1,1,1,0,4,""
5114,discovered,"how to discover my purpose in life",money_career,how,27.6,1,1,1,1,0,4,""
5115,discovered,"what does he love about",love_relationships,wh,27.6,1,1,1,1,0,4,""
5116,discovered,"what is he loves me by jill scott about",love_relationships,wh,27.6,1,1,1,1,0,4,""
5117,discovered,"does he does he love",love_relationships,yes_no,27.6,1,1,1,1,0,4,""
5118,discovered,"does he love me if he cheated",love_relationships,yes_no,27.6,1,1,1,1,0,4,""
5119,discovered,"he loves me not flower",love_relationships,noun,27.6,1,1,1,1,0,4,""
5120,discovered,"does he love me or is it lust",love_relationships,yes_no,27.6,1,1,1,1,0,4,""
5121,discovered,"do you still love me album ella mai",love_relationships,yes_no,27.6,1,1,1,1,0,4,""
5122,discovered,"do you still love me by ella mai",love_relationships,yes_no,27.6,1,1,1,1,0,4,""
5123,discovered,"do you still love me ella mai tour setlist",love_relationships,yes_no,27.6,1,1,1,1,0,4,""
5124,discovered,"do miss me jeans run small or big",love_relationships,yes_no,27.6,1,1,1,1,0,4,""
5125,discovered,"does he miss me queen of wands",love_relationships,yes_no,27.6,1,1,1,1,0,4,""
5126,discovered,"does my crush even like",love_relationships,yes_no,27.6,1,1,1,1,0,4,""
5127,discovered,"does my crush like me for guys",love_relationships,yes_no,27.6,1,1,1,1,0,4,""
5128,discovered,"does my crush like me tarot reading",tarot,yes_no,27.6,1,1,1,1,0,4,""
5129,discovered,"does my crush like me wlw",love_relationships,yes_no,27.6,1,1,1,1,0,4,""
5130,discovered,"does my crush like me back quiz for 14 year olds",love_relationships,yes_no,27.6,1,1,1,1,0,4,""
5131,discovered,"will he come back after ghosting",grief_afterlife,yes_no,27.6,1,1,1,1,0,4,""
5132,discovered,"hibiscus does it come back every year",love_relationships,noun,27.6,1,1,1,1,0,4,""
5133,discovered,"will he come back if i broke up with him",love_relationships,yes_no,27.6,1,1,1,1,0,4,""
5134,discovered,"is he cheating find out",love_relationships,yes_no,27.6,1,1,1,1,0,4,""
5135,discovered,"is it cheating to hold onto the treadmill",love_relationships,yes_no,27.6,1,1,1,1,0,4,""
5136,discovered,"is he cheating lookup",love_relationships,yes_no,27.6,1,1,1,1,0,4,""
5137,discovered,"he's probably cheating on",love_relationships,noun,27.6,1,1,1,1,0,4,""
5138,discovered,"found viagra is he cheating",love_relationships,noun,27.6,1,1,1,1,0,4,""
5139,discovered,"is it cheating yes or no questions",love_relationships,yes_no,27.6,1,1,1,1,0,4,""
5140,discovered,"why is he suddenly cold and distant",love_relationships,wh,27.6,1,1,1,1,0,4,""
5141,discovered,"why does he get distant sometimes",love_relationships,wh,27.6,1,1,1,1,0,4,""
5142,discovered,"is he distant or am i paranoid",love_relationships,yes_no,27.6,1,1,1,1,0,4,""
5143,discovered,"why is he so distant with",love_relationships,wh,27.6,1,1,1,1,0,4,""
5144,discovered,"i am english medium student",grief_afterlife,noun,27.6,1,1,1,1,0,4,""
5145,discovered,"do i have psychic gifts",psychic_abilities,yes_no,27.6,1,1,1,1,0,4,""
5146,discovered,"i am medium height and slim in spanish",grief_afterlife,noun,27.6,1,1,1,1,0,4,""
5147,discovered,"am i medium or large shirt",grief_afterlife,yes_no,27.6,1,1,1,1,0,4,""
5148,discovered,"am i small medium or large frame",grief_afterlife,yes_no,27.6,1,1,1,1,0,4,""
5149,discovered,"should i teach psychic to snorlax",psychic_abilities,yes_no,27.6,1,1,1,1,0,4,""
5150,discovered,"am i medium or wide foot",grief_afterlife,yes_no,27.6,1,1,1,1,0,4,""
5151,discovered,"i am an empath how do i protect myself",psychic_abilities,noun,27.6,1,1,1,1,0,4,""
5152,discovered,"am i an empath or covert narcissist",psychic_abilities,yes_no,27.6,1,1,1,1,0,4,""
5153,discovered,"how to open a third eye",psychic_abilities,how,27.6,1,1,1,1,0,4,""
5154,discovered,"how to open third eye christian",psychic_abilities,how,27.6,1,1,1,1,0,4,""
5155,discovered,"how long does it take to open third eye",psychic_abilities,how,27.6,1,1,1,1,0,4,""
5156,discovered,"how to get your third eye open",psychic_abilities,how,27.6,1,1,1,1,0,4,""
5157,discovered,"how to activate third eye with fingers",psychic_abilities,how,27.6,1,1,1,1,0,4,""
5158,discovered,"how to open your third eye in ghana",psychic_abilities,how,27.6,1,1,1,1,0,4,""
5159,discovered,"how to know third eye open",psychic_abilities,how,27.6,1,1,1,1,0,4,""
5160,discovered,"how to open your third eye music",psychic_abilities,how,27.6,1,1,1,1,0,4,""
5161,discovered,"how to activate third eye persona 5",psychic_abilities,how,27.6,1,1,1,1,0,4,""
5162,discovered,"how to really open third eye",psychic_abilities,how,27.6,1,1,1,1,0,4,""
5163,discovered,"how to use coconut to open third eye",psychic_abilities,how,27.6,1,1,1,1,0,4,""
5164,discovered,"how to open your third eye quickly",psychic_abilities,how,27.6,1,1,1,1,0,4,""
5165,discovered,"how to read tarot and oracle cards together",tarot,how,27.6,1,1,1,1,0,4,""
5166,discovered,"how to read tarot basic",tarot,how,27.6,1,1,1,1,0,4,""
5167,discovered,"how to read dnd tarot cards",tarot,how,27.6,1,1,1,1,0,4,""
5168,discovered,"how to read everyday tarot cards",tarot,how,27.6,1,1,1,1,0,4,""
5169,discovered,"how to read a horseshoe tarot spread",tarot,how,27.6,1,1,1,1,0,4,""
5170,discovered,"how to use tarot in balatro",tarot,how,27.6,1,1,1,1,0,4,""
5171,discovered,"how to use a tarot journal",tarot,how,27.6,1,1,1,1,0,4,""
5172,discovered,"how to use tarot ant killer",tarot,how,27.6,1,1,1,1,0,4,""
5173,discovered,"how to read labyrinth tarot cards",tarot,how,27.6,1,1,1,1,0,4,""
5174,discovered,"how to read own tarot cards",tarot,how,27.6,1,1,1,1,0,4,""
5175,discovered,"how to read tarot professionally",tarot,how,27.6,1,1,1,1,0,4,""
5176,discovered,"how to use rider tarot deck",tarot,how,27.6,1,1,1,1,0,4,""
5177,discovered,"how to read tarot spreads as a story",tarot,how,27.6,1,1,1,1,0,4,""
5178,discovered,"how to read the tarot cards",tarot,how,27.6,1,1,1,1,0,4,""
5179,discovered,"what to read for tarot cards understand",tarot,wh,27.6,1,1,1,1,0,4,""
5180,discovered,"how to tarot read yourself",tarot,how,27.6,1,1,1,1,0,4,""
5181,discovered,"how to read osho zen tarot cards",tarot,how,27.6,1,1,1,1,0,4,""
5182,discovered,"what does pulling the death tarot card",tarot,wh,27.6,1,1,1,1,0,4,""
5183,discovered,"is tarot reading even",tarot,yes_no,27.6,1,1,1,1,0,4,""
5184,discovered,"is chatgpt accurate for tarot reading",tarot,yes_no,27.6,1,1,1,1,0,4,""
5185,discovered,"is chat gpt tarot",tarot,yes_no,27.6,1,1,1,1,0,4,""
5186,discovered,"how accurate is tarot cards",tarot,how,27.6,1,1,1,1,0,4,""
5187,discovered,"tarot is it true",tarot,noun,27.6,1,1,1,1,0,4,""
5188,discovered,"is tarot more accurate or astrology",tarot,yes_no,27.6,1,1,1,1,0,4,""
5189,discovered,"is tarot 100 percent",tarot,yes_no,27.6,1,1,1,1,0,4,""
5190,discovered,"why is tarot so",tarot,wh,27.6,1,1,1,1,0,4,""
5191,discovered,"is the tarot",tarot,yes_no,27.6,1,1,1,1,0,4,""
5192,discovered,"most accurate tarot cards",tarot,noun,27.6,1,1,1,1,0,4,""
5193,discovered,"is chatgpt accurate with tarot readings",tarot,yes_no,27.6,1,1,1,1,0,4,""
5194,discovered,"what is my rising sign as a capricorn",astrology,wh,27.6,1,1,1,1,0,4,""
5195,discovered,"what is your rising sign dependent on",astrology,wh,27.6,1,1,1,1,0,4,""
5196,discovered,"what else is the rising sign called",astrology,wh,27.6,1,1,1,1,0,4,""
5197,discovered,"what is my rising sign for sagittarius",astrology,wh,27.6,1,1,1,1,0,4,""
5198,discovered,"what does my rising sign have to do with a good kiss",astrology,wh,27.6,1,1,1,1,0,4,""
5199,discovered,"what is my rising sign july 22",astrology,wh,27.6,1,1,1,1,0,4,""
5200,discovered,"what is the rising sign also known as",astrology,wh,27.6,1,1,1,1,0,4,""
5201,discovered,"what is the rising sign for leo",astrology,wh,27.6,1,1,1,1,0,4,""
5202,discovered,"what is my rising sign october 8",astrology,wh,27.6,1,1,1,1,0,4,""
5203,discovered,"what is the rising sign for pisces",astrology,wh,27.6,1,1,1,1,0,4,""
5204,discovered,"what does the rising sign represent",astrology,wh,27.6,1,1,1,1,0,4,""
5205,discovered,"what is my rising sign without time of birth",astrology,wh,27.6,1,1,1,1,0,4,""
5206,discovered,"what is your rising sign vs sun",astrology,wh,27.6,1,1,1,1,0,4,""
5207,discovered,"what is my moon and rising sign without birth time",astrology,wh,27.6,1,1,1,1,0,4,""
5208,discovered,"what is your rising sign if you are a virgo",astrology,wh,27.6,1,1,1,1,0,4,""
5209,discovered,"what is my ascendant zodiac",astrology,wh,27.6,1,1,1,1,0,4,""
5210,discovered,"how to read your child's birth chart",astrology,how,27.6,1,1,1,1,0,4,""
5211,discovered,"how to read my houses in birth chart",astrology,how,27.6,1,1,1,1,0,4,""
5212,discovered,"what does mercury retrograde mean for a gemini",astrology,wh,27.6,1,1,1,1,0,4,""
5213,discovered,"what does mercury being in retrograde mean spiritually",astrology,wh,27.6,1,1,1,1,0,4,""
5214,discovered,"what does being born during mercury retrograde",astrology,wh,27.6,1,1,1,1,0,4,""
5215,discovered,"what does mercury retrograde mean for exes",astrology,wh,27.6,1,1,1,1,0,4,""
5216,discovered,"what does mercury in retrograde mean for leo",astrology,wh,27.6,1,1,1,1,0,4,""
5217,discovered,"what does full moon mercury retrograde",astrology,wh,27.6,1,1,1,1,0,4,""
5218,discovered,"what does mercury coming out of retrograde",astrology,wh,27.6,1,1,1,1,0,4,""
5219,discovered,"what does mercury retrograde pre shadow",astrology,wh,27.6,1,1,1,1,0,4,""
5220,discovered,"what does mercury retrograde mean for romance",astrology,wh,27.6,1,1,1,1,0,4,""
5221,discovered,"what does mercury retrograde shadow",astrology,wh,27.6,1,1,1,1,0,4,""
5222,discovered,"what does mercury in retrograde mean this time",astrology,wh,27.6,1,1,1,1,0,4,""
5223,discovered,"what does mercury and venus retrograde",astrology,wh,27.6,1,1,1,1,0,4,""
5224,discovered,"what is mercury retrograde",astrology,wh,27.6,1,1,1,1,0,4,""
5225,discovered,"zodiac compatibility aries and cancer",astrology,noun,27.6,1,1,1,1,0,4,""
5226,discovered,"zodiac compatibility big 3",astrology,noun,27.6,1,1,1,1,0,4,""
5227,discovered,"zodiac compatibility date and time",astrology,noun,27.6,1,1,1,1,0,4,""
5228,discovered,"zodiac element compatibility chart",astrology,noun,27.6,1,1,1,1,0,4,""
5229,discovered,"zodiac compatibility final fantasy tactics",astrology,noun,27.6,1,1,1,1,0,4,""
5230,discovered,"zodiac compatibility gemini and cancer",astrology,noun,27.6,1,1,1,1,0,4,""
5231,discovered,"zodiac compatibility horse and rabbit",astrology,noun,27.6,1,1,1,1,0,4,""
5232,discovered,"astrology compatibility indian",astrology,noun,27.6,1,1,1,1,0,4,""
5233,discovered,"july zodiac compatibility",astrology,noun,27.6,1,1,1,1,0,4,""
5234,discovered,"zodiac compatibility list",astrology,noun,27.6,1,1,1,1,0,4,""
5235,discovered,"zodiac not compatibility",astrology,noun,27.6,1,1,1,1,0,4,""
5236,discovered,"zodiac compatibility of virgo",astrology,noun,27.6,1,1,1,1,0,4,""
5237,discovered,"zodiac compatibility pisces and cancer",astrology,noun,27.6,1,1,1,1,0,4,""
5238,discovered,"zodiac compatibility reading",astrology,noun,27.6,1,1,1,1,0,4,""
5239,discovered,"zodiac compatibility scorpio and gemini",astrology,noun,27.6,1,1,1,1,0,4,""
5240,discovered,"zodiac compatibility taurus and sagittarius",astrology,noun,27.6,1,1,1,1,0,4,""
5241,discovered,"zodiac compatibility virgo and gemini",astrology,noun,27.6,1,1,1,1,0,4,""
5242,discovered,"zodiac compatibility with sagittarius",astrology,noun,27.6,1,1,1,1,0,4,""
5243,discovered,"ox chinese zodiac compatibility years",astrology,noun,27.6,1,1,1,1,0,4,""
5244,discovered,"what does 1111 mean in binary",angel_numbers,wh,27.6,1,1,1,1,0,4,""
5245,discovered,"what does 11 11 mean for relationships",love_relationships,wh,27.6,1,1,1,1,0,4,""
5246,discovered,"what does 1111 mean in spirituality",angel_numbers,wh,27.6,1,1,1,1,0,4,""
5247,discovered,"what does 11 11 mean in love marathi",love_relationships,wh,27.6,1,1,1,1,0,4,""
5248,discovered,"what does 1111 mean in years",angel_numbers,wh,27.6,1,1,1,1,0,4,""
5249,discovered,"what does 222 mean again",angel_numbers,wh,27.6,1,1,1,1,0,4,""
5250,discovered,"what does 222 mean breakups angel number",angel_numbers,wh,27.6,1,1,1,1,0,4,""
5251,discovered,"what does 222 cholesterol",angel_numbers,wh,27.6,1,1,1,1,0,4,""
5252,discovered,"what does 222 mean in dentistry",angel_numbers,wh,27.6,1,1,1,1,0,4,""
5253,discovered,"what does seeing 222 everywhere",angel_numbers,wh,27.6,1,1,1,1,0,4,""
5254,discovered,"what does 222 mean for a tattoo",angel_numbers,wh,27.6,1,1,1,1,0,4,""
5255,discovered,"what does 222 mean in gematria",angel_numbers,wh,27.6,1,1,1,1,0,4,""
5256,discovered,"what does 222 mean in hebrew concordance",angel_numbers,wh,27.6,1,1,1,1,0,4,""
5257,discovered,"what does 222 mean love wise",angel_numbers,wh,27.6,1,1,1,1,0,4,""
5258,discovered,"what does mark ballas tattoo 222",angel_numbers,wh,27.6,1,1,1,1,0,4,""
5259,discovered,"what does 222 mean in police code",angel_numbers,wh,27.6,1,1,1,1,0,4,""
5260,discovered,"what does 222 mean relationship wise",angel_numbers,wh,27.6,1,1,1,1,0,4,""
5261,discovered,"what does 222 mean twin flame",twin_flame_soulmate,wh,27.6,1,1,1,1,0,4,""
5262,discovered,"what does 222 mean in the universe",angel_numbers,wh,27.6,1,1,1,1,0,4,""
5263,discovered,"what does 222 mean willow soul",angel_numbers,wh,27.6,1,1,1,1,0,4,""
5264,discovered,"angel numbers meaning clock",angel_numbers,meaning,27.6,1,1,1,1,0,4,""
5265,discovered,"angel numbers meaning for 1111",angel_numbers,meaning,27.6,1,1,1,1,0,4,""
5266,discovered,"guardian angel numbers",angel_numbers,noun,27.6,1,1,1,1,0,4,""
5267,discovered,"angel no 1212 meaning hindi",angel_numbers,meaning,27.6,1,1,1,1,0,4,""
5268,discovered,"444 angel numbers meaning love",angel_numbers,meaning,27.6,1,1,1,1,0,4,""
5269,discovered,"mirrored angel numbers",angel_numbers,noun,27.6,1,1,1,1,0,4,""
5270,discovered,"angel numbers meaning pinterest",angel_numbers,meaning,27.6,1,1,1,1,0,4,""
5271,discovered,"angel numbers meaning shifting",angel_numbers,meaning,27.6,1,1,1,1,0,4,""
5272,discovered,"angel numbers meaning twin flame",twin_flame_soulmate,meaning,27.6,1,1,1,1,0,4,""
5273,discovered,"angel numbers with their",angel_numbers,noun,27.6,1,1,1,1,0,4,""
5274,discovered,"do angel numbers mean you're on the right path",angel_numbers,yes_no,27.6,1,1,1,1,0,4,""
5275,discovered,"what life path numbers are karmic",angel_numbers,wh,27.6,1,1,1,1,0,4,""
5276,discovered,"what is the most evolved life path number",angel_numbers,wh,27.6,1,1,1,1,0,4,""
5277,discovered,"what is the life path number for 9",angel_numbers,wh,27.6,1,1,1,1,0,4,""
5278,discovered,"what is the worst life path number to have",angel_numbers,wh,27.6,1,1,1,1,0,4,""
5279,discovered,"what is the life path number of 4",angel_numbers,wh,27.6,1,1,1,1,0,4,""
5280,discovered,"what is the purpose of life path number 4",angel_numbers,wh,27.6,1,1,1,1,0,4,""
5281,discovered,"what is the rarest life path number",angel_numbers,wh,27.6,1,1,1,1,0,4,""
5282,discovered,"what is the life path number 5 spirituality",angel_numbers,wh,27.6,1,1,1,1,0,4,""
5283,discovered,"what is the most unique life path number",angel_numbers,wh,27.6,1,1,1,1,0,4,""
5284,discovered,"what is my number life path",angel_numbers,wh,27.6,1,1,1,1,0,4,""
5285,discovered,"what does it mean when you dream about a tornado",dreams,wh,27.6,1,1,1,1,0,4,""
5286,discovered,"what does it mean when you dream about babies",dreams,wh,27.6,1,1,1,1,0,4,""
5287,discovered,"what does it mean when you dream about cutting your hair",dreams,wh,27.6,1,1,1,1,0,4,""
5288,discovered,"what does it mean when you dream about drowning",dreams,wh,27.6,1,1,1,1,0,4,""
5289,discovered,"what does it mean when you dream about dead relatives",dreams,wh,27.6,1,1,1,1,0,4,""
5290,discovered,"what does it mean when you dream about eating glass",dreams,wh,27.6,1,1,1,1,0,4,""
5291,discovered,"what does it mean when you dream about flying",dreams,wh,27.6,1,1,1,1,0,4,""
5292,discovered,"what does it mean when you dream about giving birth",dreams,wh,27.6,1,1,1,1,0,4,""
5293,discovered,"what does it mean when you dream about having lice",dreams,wh,27.6,1,1,1,1,0,4,""
5294,discovered,"what does it mean when you dream about iguanas",dreams,wh,27.6,1,1,1,1,0,4,""
5295,discovered,"what does it mean when you dream about jumping off a cliff",dreams,wh,27.6,1,1,1,1,0,4,""
5296,discovered,"what does it mean when you dream about kissing someone you've never met",dreams,wh,27.6,1,1,1,1,0,4,""
5297,discovered,"what does it mean when you dream about lice",dreams,wh,27.6,1,1,1,1,0,4,""
5298,discovered,"what does it mean when you dream about maggots on your body",dreams,wh,27.6,1,1,1,1,0,4,""
5299,discovered,"what does it mean when you dream about nothing",dreams,wh,27.6,1,1,1,1,0,4,""
5300,discovered,"what does it mean when you dream about old boyfriends",dreams,wh,27.6,1,1,1,1,0,4,""
5301,discovered,"what does it mean when you dream about pulling your teeth out",dreams,wh,27.6,1,1,1,1,0,4,""
5302,discovered,"what does it mean when you dream about quitting a job",dreams,wh,27.6,1,1,1,1,0,4,""
5303,discovered,"what does it mean when you dream about rabbits",dreams,wh,27.6,1,1,1,1,0,4,""
5304,discovered,"what does it mean when you dream about the dead",dreams,wh,27.6,1,1,1,1,0,4,""
5305,discovered,"what does it mean when you dream about umbrellas",dreams,wh,27.6,1,1,1,1,0,4,""
5306,discovered,"what does it mean when you dream about violence",dreams,wh,27.6,1,1,1,1,0,4,""
5307,discovered,"what does it mean when you dream about work",dreams,wh,27.6,1,1,1,1,0,4,""
5308,discovered,"what does it mean when you dream about zebras",dreams,wh,27.6,1,1,1,1,0,4,""
5309,discovered,"why do i keep dreaming about a person",dreams,wh,27.6,1,1,1,1,0,4,""
5310,discovered,"why do i keep dreaming about cheating on my partner",dreams,wh,27.6,1,1,1,1,0,4,""
5311,discovered,"why do i keep dreaming about dead family members",dreams,wh,27.6,1,1,1,1,0,4,""
5312,discovered,"why do i keep dreaming about ex boyfriends",dreams,wh,27.6,1,1,1,1,0,4,""
5313,discovered,"why do i keep dreaming about floods",dreams,wh,27.6,1,1,1,1,0,4,""
5314,discovered,"why do i keep dreaming about ghosts",dreams,wh,27.6,1,1,1,1,0,4,""
5315,discovered,"why do i keep dreaming about killing snakes",dreams,wh,27.6,1,1,1,1,0,4,""
5316,discovered,"why do i keep dreaming about love",dreams,wh,27.6,1,1,1,1,0,4,""
5317,discovered,"why do i keep dreaming about needing the toilet",dreams,wh,27.6,1,1,1,1,0,4,""
5318,discovered,"why do i keep dreaming about other women",dreams,wh,27.6,1,1,1,1,0,4,""
5319,discovered,"why do i keep dreaming about poop",dreams,wh,27.6,1,1,1,1,0,4,""
5320,discovered,"why do i keep dreaming about running away from someone",dreams,wh,27.6,1,1,1,1,0,4,""
5321,discovered,"why do i keep dreaming about school",dreams,wh,27.6,1,1,1,1,0,4,""
5322,discovered,"why do i keep dreaming about the same person spiritual",dreams,wh,27.6,1,1,1,1,0,4,""
5323,discovered,"why do i keep dreaming about breaking up with my boyfriend",dreams,wh,27.6,1,1,1,1,0,4,""
5324,discovered,"why do i keep dreaming about vomiting",dreams,wh,27.6,1,1,1,1,0,4,""
5325,discovered,"why do i keep dreaming about winning money",dreams,wh,27.6,1,1,1,1,0,4,""
5326,discovered,"why do i keep dreaming about zombies spiritual",dreams,wh,27.6,1,1,1,1,0,4,""
5327,discovered,"dream of snake meaning attacking you",dreams,meaning,27.6,1,1,1,1,0,4,""
5328,discovered,"dream meaning snakes chasing you",dreams,meaning,27.6,1,1,1,1,0,4,""
5329,discovered,"what does it mean when you dream.about snakes",dreams,wh,27.6,1,1,1,1,0,4,""
5330,discovered,"dream meaning snake eating a cat",dreams,meaning,27.6,1,1,1,1,0,4,""
5331,discovered,"dream of snake meaning hinduism",dreams,meaning,27.6,1,1,1,1,0,4,""
5332,discovered,"dream meaning snakes in bed",dreams,meaning,27.6,1,1,1,1,0,4,""
5333,discovered,"dream of snakes mating",dreams,noun,27.6,1,1,1,1,0,4,""
5334,discovered,"dream of seeing snake means what",dreams,noun,27.6,1,1,1,1,0,4,""
5335,discovered,"how to manifest before sleep",manifestation,how,27.6,1,1,1,1,0,4,""
5336,discovered,"how to manifest crush",manifestation,how,27.6,1,1,1,1,0,4,""
5337,discovered,"how to manifest energy",manifestation,how,27.6,1,1,1,1,0,4,""
5338,discovered,"how to manifest for the lions gate portal",manifestation,how,27.6,1,1,1,1,0,4,""
5339,discovered,"how to manifest good weather",manifestation,how,27.6,1,1,1,1,0,4,""
5340,discovered,"how to manifest height",manifestation,how,27.6,1,1,1,1,0,4,""
5341,discovered,"how to manifest him to come back",manifestation,how,27.6,1,1,1,1,0,4,""
5342,discovered,"how to manifest in writing",manifestation,how,27.6,1,1,1,1,0,4,""
5343,discovered,"how to attract kookaburras",love_relationships,how,27.6,1,1,1,1,0,4,""
5344,discovered,"how to manifest luck",manifestation,how,27.6,1,1,1,1,0,4,""
5345,discovered,"how to manifest new friends",manifestation,how,27.6,1,1,1,1,0,4,""
5346,discovered,"how to manifest on lions gate portal",manifestation,how,27.6,1,1,1,1,0,4,""
5347,discovered,"how to manifest positive outcomes",manifestation,how,27.6,1,1,1,1,0,4,""
5348,discovered,"how to manifest quickly and easily",manifestation,how,27.6,1,1,1,1,0,4,""
5349,discovered,"how to manifest refraction",manifestation,how,27.6,1,1,1,1,0,4,""
5350,discovered,"how to manifest something to happen",manifestation,how,27.6,1,1,1,1,0,4,""
5351,discovered,"how to manifest things in your life",manifestation,how,27.6,1,1,1,1,0,4,""
5352,discovered,"how to manifest using pinterest",manifestation,how,27.6,1,1,1,1,0,4,""
5353,discovered,"how to manifest visa approval",manifestation,how,27.6,1,1,1,1,0,4,""
5354,discovered,"how to manifest with bay leaves",manifestation,how,27.6,1,1,1,1,0,4,""
5355,discovered,"how to find android manifest xml",manifestation,how,27.6,1,1,1,1,0,4,""
5356,discovered,"how to manifest your dream life",dreams,how,27.6,1,1,1,1,0,4,""
5357,discovered,"how to attract gen z girls",love_relationships,how,27.6,1,1,1,1,0,4,""
5358,discovered,"how to manifest money and success in career",manifestation,how,27.6,1,1,1,1,0,4,""
5359,discovered,"how to manifest money back",manifestation,how,27.6,1,1,1,1,0,4,""
5360,discovered,"how to manifest money with candle",manifestation,how,27.6,1,1,1,1,0,4,""
5361,discovered,"how to attract money daily",money_career,how,27.6,1,1,1,1,0,4,""
5362,discovered,"how to manifest extra money",manifestation,how,27.6,1,1,1,1,0,4,""
5363,discovered,"how to manifest money for the new year",manifestation,how,27.6,1,1,1,1,0,4,""
5364,discovered,"how to manifest money from god",manifestation,how,27.6,1,1,1,1,0,4,""
5365,discovered,"how to manifest money in hindi",manifestation,how,27.6,1,1,1,1,0,4,""
5366,discovered,"how to attract money joseph",money_career,how,27.6,1,1,1,1,0,4,""
5367,discovered,"how to attract money luck",money_career,how,27.6,1,1,1,1,0,4,""
5368,discovered,"how to attract money meditation",money_career,how,27.6,1,1,1,1,0,4,""
5369,discovered,"how to attract money numerology",angel_numbers,how,27.6,1,1,1,1,0,4,""
5370,discovered,"how to manifest money on new year's",manifestation,how,27.6,1,1,1,1,0,4,""
5371,discovered,"how to manifest wealth quickly",manifestation,how,27.6,1,1,1,1,0,4,""
5372,discovered,"how to manifest stuck money",manifestation,how,27.6,1,1,1,1,0,4,""
5373,discovered,"how to attract money tamil",money_career,how,27.6,1,1,1,1,0,4,""
5374,discovered,"how to manifest money using law of attraction",manifestation,how,27.6,1,1,1,1,0,4,""
5375,discovered,"does manifesting someone back work",manifestation,yes_no,27.6,1,1,1,1,0,4,""
5376,discovered,"did manifest destiny work",manifestation,yes_no,27.6,1,1,1,1,0,4,""
5377,discovered,"does manifesting a guy work",manifestation,yes_no,27.6,1,1,1,1,0,4,""
5378,discovered,"does manifestation work in love",manifestation,yes_no,27.6,1,1,1,1,0,4,""
5379,discovered,"manifestation didn't work",manifestation,noun,27.6,1,1,1,1,0,4,""
5380,discovered,"can manifestation work overnight",manifestation,yes_no,27.6,1,1,1,1,0,4,""
5381,discovered,"does manifestation songs work",manifestation,yes_no,27.6,1,1,1,1,0,4,""
5382,discovered,"does.manifesting things work",manifestation,yes_no,27.6,1,1,1,1,0,4,""
5383,discovered,"does vision board manifestation work",manifestation,yes_no,27.6,1,1,1,1,0,4,""
5384,discovered,"does residual manifest work with blast mine",manifestation,yes_no,27.6,1,1,1,1,0,4,""
5385,discovered,"does manifesting work for you",manifestation,yes_no,27.6,1,1,1,1,0,4,""
5386,discovered,"what is shadow work called",manifestation,wh,27.6,1,1,1,1,0,4,""
5387,discovered,"what is shadow work experience",manifestation,wh,27.6,1,1,1,1,0,4,""
5388,discovered,"what is shadow work for mental health",manifestation,wh,27.6,1,1,1,1,0,4,""
5389,discovered,"is shadow work good for bpd",manifestation,yes_no,27.6,1,1,1,1,0,4,""
5390,discovered,"what is shadow work in astrology",manifestation,wh,27.6,1,1,1,1,0,4,""
5391,discovered,"what is shadow work method",manifestation,wh,27.6,1,1,1,1,0,4,""
5392,discovered,"what is shadow work plan",manifestation,wh,27.6,1,1,1,1,0,4,""
5393,discovered,"what is queer shadow work",manifestation,wh,27.6,1,1,1,1,0,4,""
5394,discovered,"what is shadow work in relationships",manifestation,wh,27.6,1,1,1,1,0,4,""
5395,discovered,"shadow work according to carl jung",manifestation,noun,27.6,1,1,1,1,0,4,""
5396,discovered,"does shadow work work",manifestation,yes_no,27.6,1,1,1,1,0,4,""
5397,discovered,"what is shadow work in wedding",manifestation,wh,27.6,1,1,1,1,0,4,""
5398,discovered,"what is your shadow work",manifestation,wh,27.6,1,1,1,1,0,4,""
5399,discovered,"positive signs of spiritual awakening",spiritual_awakening,signs,27.6,1,1,1,1,0,4,""
5400,discovered,"signs of a second spiritual awakening",spiritual_awakening,signs,27.6,1,1,1,1,0,4,""
5401,discovered,"what are the signs of spiritual awakening",spiritual_awakening,wh,27.6,1,1,1,1,0,4,""
5402,discovered,"what is meant by a spiritual awakening",spiritual_awakening,wh,27.6,1,1,1,1,0,4,""
5403,discovered,"what does a spiritual awakening consist",spiritual_awakening,wh,27.6,1,1,1,1,0,4,""
5404,discovered,"what happens when spiritual awakening ends",spiritual_awakening,wh,27.6,1,1,1,1,0,4,""
5405,discovered,"is a spiritual awakening good",spiritual_awakening,yes_no,27.6,1,1,1,1,0,4,""
5406,discovered,"what is kundalini awakening in hindi",chakras_energy,wh,27.6,1,1,1,1,0,4,""
5407,discovered,"what is kundalini awakening meditation",chakras_energy,wh,27.6,1,1,1,1,0,4,""
5408,discovered,"what is the opposite of a spiritual awakening",spiritual_awakening,wh,27.6,1,1,1,1,0,4,""
5409,discovered,"what is kundalini awakening plan",chakras_energy,wh,27.6,1,1,1,1,0,4,""
5410,discovered,"is a spiritual awakening",spiritual_awakening,yes_no,27.6,1,1,1,1,0,4,""
5411,discovered,"is a spiritual awakening a good thing",spiritual_awakening,yes_no,27.6,1,1,1,1,0,4,""
5412,discovered,"what is my spirit animal aquarius",astrology,wh,27.6,1,1,1,1,0,4,""
5413,discovered,"what is my spirit animal cat",spiritual_awakening,wh,27.6,1,1,1,1,0,4,""
5414,discovered,"what is my spirit animal dragon",spiritual_awakening,wh,27.6,1,1,1,1,0,4,""
5415,discovered,"what is my spirit animal for may",spiritual_awakening,wh,27.6,1,1,1,1,0,4,""
5416,discovered,"what is the spirit animal for gemini woman",astrology,wh,27.6,1,1,1,1,0,4,""
5417,discovered,"what is my spirit animal horse",spiritual_awakening,wh,27.6,1,1,1,1,0,4,""
5418,discovered,"what is my spirit animal if i was born in july",spiritual_awakening,wh,27.6,1,1,1,1,0,4,""
5419,discovered,"what is my spirit animal june 22",spiritual_awakening,wh,27.6,1,1,1,1,0,4,""
5420,discovered,"what is my spirit animal by birthday libra",astrology,wh,27.6,1,1,1,1,0,4,""
5421,discovered,"what is my spirit animal most",spiritual_awakening,wh,27.6,1,1,1,1,0,4,""
5422,discovered,"what is the spirit animal of libra",astrology,wh,27.6,1,1,1,1,0,4,""
5423,discovered,"what is my spirit animal september 13",spiritual_awakening,wh,27.6,1,1,1,1,0,4,""
5424,discovered,"what is the spirit animal for taurus",astrology,wh,27.6,1,1,1,1,0,4,""
5425,discovered,"what is the spiritual animal for virgo",astrology,wh,27.6,1,1,1,1,0,4,""
5426,discovered,"what is your spirit animal if you were born in july",spiritual_awakening,wh,27.6,1,1,1,1,0,4,""
5427,discovered,"how to find out who your spirit guides are",psychic_abilities,how,27.6,1,1,1,1,0,4,""
5428,discovered,"find your spirit guide meditation",psychic_abilities,noun,27.6,1,1,1,1,0,4,""
5429,discovered,"how to find your native spirit animal",spiritual_awakening,how,27.6,1,1,1,1,0,4,""
5430,discovered,"how to find out what your spirit guide animal",psychic_abilities,how,27.6,1,1,1,1,0,4,""
5431,discovered,"what does it mean when you see a black butterfly",signs_synchronicity,wh,27.6,1,1,1,1,0,4,""
5432,discovered,"what does it mean when you see a fox spiritually",signs_synchronicity,wh,27.6,1,1,1,1,0,4,""
5433,discovered,"what does it mean when you see a hummingbird at your window",signs_synchronicity,wh,27.6,1,1,1,1,0,4,""
5434,discovered,"what does it mean when you see a jinn in your dream in islam",dreams,wh,27.6,1,1,1,1,0,4,""
5435,discovered,"what does it mean when you see a kitten in your dream",dreams,wh,27.6,1,1,1,1,0,4,""
5436,discovered,"what does it mean when you see a male and female cardinal together",signs_synchronicity,wh,27.6,1,1,1,1,0,4,""
5437,discovered,"what does it mean when you see a orange and black butterfly",signs_synchronicity,wh,27.6,1,1,1,1,0,4,""
5438,discovered,"what does it mean when you see a vulture in your dream",dreams,wh,27.6,1,1,1,1,0,4,""
5439,discovered,"what does it mean when you see zombies in your dreams",dreams,wh,27.6,1,1,1,1,0,4,""
5440,discovered,"why do i keep seeing angel numbers every hour",angel_numbers,wh,27.6,1,1,1,1,0,4,""
5441,discovered,"why do i keep seeing my ex in my dreams",dreams,wh,27.6,1,1,1,1,0,4,""
5442,discovered,"how to remove negative energy from child",protection_energy,how,27.6,1,1,1,1,0,4,""
5443,discovered,"how to cleanse bad energy with an egg",protection_energy,how,27.6,1,1,1,1,0,4,""
5444,discovered,"how to get rid negative energy",protection_energy,how,27.6,1,1,1,1,0,4,""
5445,discovered,"how to clear negative energy from home",protection_energy,how,27.6,1,1,1,1,0,4,""
5446,discovered,"how to remove negative energy from home kannada",protection_energy,how,27.6,1,1,1,1,0,4,""
5447,discovered,"how to remove negative energy from land",protection_energy,how,27.6,1,1,1,1,0,4,""
5448,discovered,"how to cleanse negative energy from my body",protection_energy,how,27.6,1,1,1,1,0,4,""
5449,discovered,"how to cleanse negative energy from others",protection_energy,how,27.6,1,1,1,1,0,4,""
5450,discovered,"how to remove negative energy from us",protection_energy,how,27.6,1,1,1,1,0,4,""
5451,discovered,"am i being cursed",protection_energy,yes_no,27.6,1,1,1,1,0,4,""
5452,discovered,"why am i cursed with depression",protection_energy,wh,27.6,1,1,1,1,0,4,""
5453,discovered,"should i do cursed ending silksong",protection_energy,yes_no,27.6,1,1,1,1,0,4,""
5454,discovered,"did i get cursed",protection_energy,yes_no,27.6,1,1,1,1,0,4,""
5455,discovered,"kratos i am cursed",protection_energy,noun,27.6,1,1,1,1,0,4,""
5456,discovered,"i am a cursed person",protection_energy,noun,27.6,1,1,1,1,0,4,""
5457,discovered,"i am ready cursed",protection_energy,noun,27.6,1,1,1,1,0,4,""
5458,discovered,"am i cursed to be alone forever",protection_energy,yes_no,27.6,1,1,1,1,0,4,""
5459,discovered,"am i cursed with love",protection_energy,yes_no,27.6,1,1,1,1,0,4,""
5460,discovered,"what is the evil eye and where does it come from",protection_energy,wh,27.6,1,1,1,1,0,4,""
5461,discovered,"what is the evil eye bead",protection_energy,wh,27.6,1,1,1,1,0,4,""
5462,discovered,"what is the evil eye called in greek",protection_energy,wh,27.6,1,1,1,1,0,4,""
5463,discovered,"what is the evil eye dua",protection_energy,wh,27.6,1,1,1,1,0,4,""
5464,discovered,"what is the evil eye in egypt",protection_energy,wh,27.6,1,1,1,1,0,4,""
5465,discovered,"what is the evil eye gesture",protection_energy,wh,27.6,1,1,1,1,0,4,""
5466,discovered,"what is the purpose of evil eye jewelry",protection_energy,wh,27.6,1,1,1,1,0,4,""
5467,discovered,"what is the meaning of evil eye keychain",protection_energy,wh,27.6,1,1,1,1,0,4,""
5468,discovered,"what is the evil eye mean in the bible",protection_energy,wh,27.6,1,1,1,1,0,4,""
5469,discovered,"what is the evil eye name",protection_energy,wh,27.6,1,1,1,1,0,4,""
5470,discovered,"what is the evil eye protection symbol",protection_energy,wh,27.6,1,1,1,1,0,4,""
5471,discovered,"what is the evil eye superstition",protection_energy,wh,27.6,1,1,1,1,0,4,""
5472,discovered,"the evil eye vs okarun",protection_energy,noun,27.6,1,1,1,1,0,4,""
5473,discovered,"what does the evil eye with hand",protection_energy,wh,27.6,1,1,1,1,0,4,""
5474,discovered,"the evil eye york",protection_energy,noun,27.6,1,1,1,1,0,4,""
5475,discovered,"what crystal is for aries",astrology,wh,27.6,1,1,1,1,0,4,""
5476,discovered,"what crystal is for creativity",crystals_rituals,wh,27.6,1,1,1,1,0,4,""
5477,discovered,"what is crystal deodorant",crystals_rituals,wh,27.6,1,1,1,1,0,4,""
5478,discovered,"what crystal is expensive",crystals_rituals,wh,27.6,1,1,1,1,0,4,""
5479,discovered,"what crystal is for financial abundance",crystals_rituals,wh,27.6,1,1,1,1,0,4,""
5480,discovered,"what crystal is for grounding",protection_energy,wh,27.6,1,1,1,1,0,4,""
5481,discovered,"what crystal is for healing and strength",crystals_rituals,wh,27.6,1,1,1,1,0,4,""
5482,discovered,"what crystal is for joy",crystals_rituals,wh,27.6,1,1,1,1,0,4,""
5483,discovered,"what is crystal key for in sailor piece",crystals_rituals,wh,27.6,1,1,1,1,0,4,""
5484,discovered,"what crystal is for money and wealth",crystals_rituals,wh,27.6,1,1,1,1,0,4,""
5485,discovered,"what is crystal gel for nails",crystals_rituals,wh,27.6,1,1,1,1,0,4,""
5486,discovered,"what crystal is onyx",crystals_rituals,wh,27.6,1,1,1,1,0,4,""
5487,discovered,"what crystal is for protection and safety",protection_energy,wh,27.6,1,1,1,1,0,4,""
5488,discovered,"what is crystal reports",crystals_rituals,wh,27.6,1,1,1,1,0,4,""
5489,discovered,"what crystal is for september",crystals_rituals,wh,27.6,1,1,1,1,0,4,""
5490,discovered,"what crystal is for the month of august",crystals_rituals,wh,27.6,1,1,1,1,0,4,""
5491,discovered,"what crystal is white",crystals_rituals,wh,27.6,1,1,1,1,0,4,""
5492,discovered,"what crystal is pale yellow",crystals_rituals,wh,27.6,1,1,1,1,0,4,""
5493,discovered,"what is crystal zircon",crystals_rituals,wh,27.6,1,1,1,1,0,4,""
5494,discovered,"full moon ritual bay leaf",crystals_rituals,noun,27.6,1,1,1,1,0,4,""
5495,discovered,"full moon ritual cat meme",crystals_rituals,noun,27.6,1,1,1,1,0,4,""
5496,discovered,"new moon ritual december",crystals_rituals,noun,27.6,1,1,1,1,0,4,""
5497,discovered,"full moon energy ritual",crystals_rituals,noun,27.6,1,1,1,1,0,4,""
5498,discovered,"full moon ritual for blue moon",crystals_rituals,noun,27.6,1,1,1,1,0,4,""
5499,discovered,"full moon group ritual",crystals_rituals,noun,27.6,1,1,1,1,0,4,""
5500,discovered,"full moon ritual hindu",crystals_rituals,noun,27.6,1,1,1,1,0,4,""
5501,discovered,"full moon ritual incense",crystals_rituals,noun,27.6,1,1,1,1,0,4,""
5502,discovered,"full moon ritual libra",astrology,noun,27.6,1,1,1,1,0,4,""
5503,discovered,"full moon ritual may",crystals_rituals,noun,27.6,1,1,1,1,0,4,""
5504,discovered,"full moon ritual november 5",crystals_rituals,noun,27.6,1,1,1,1,0,4,""
5505,discovered,"full moon ritual prompts",crystals_rituals,noun,27.6,1,1,1,1,0,4,""
5506,discovered,"full moon reset ritual",crystals_rituals,noun,27.6,1,1,1,1,0,4,""
5507,discovered,"viking full moon ritual",crystals_rituals,noun,27.6,1,1,1,1,0,4,""
5508,discovered,"full moon ritual with cinnamon",crystals_rituals,noun,27.6,1,1,1,1,0,4,""
5509,discovered,"yemaya full moon ritual",crystals_rituals,noun,27.6,1,1,1,1,0,4,""
5510,discovered,"what are chakras and meridians",chakras_energy,wh,27.6,1,1,1,1,0,4,""
5511,discovered,"what are chakra blockages",chakras_energy,wh,27.6,1,1,1,1,0,4,""
5512,discovered,"what are the chakra colors in order",chakras_energy,wh,27.6,1,1,1,1,0,4,""
5513,discovered,"what chakra does sasuke have",chakras_energy,wh,27.6,1,1,1,1,0,4,""
5514,discovered,"what are the chakra elements in naruto",chakras_energy,wh,27.6,1,1,1,1,0,4,""
5515,discovered,"what are hand chakras",chakras_energy,wh,27.6,1,1,1,1,0,4,""
5516,discovered,"what are chakras in naruto",chakras_energy,wh,27.6,1,1,1,1,0,4,""
5517,discovered,"what chakra liver",chakras_energy,wh,27.6,1,1,1,1,0,4,""
5518,discovered,"what are minato's chakra nature",chakras_energy,wh,27.6,1,1,1,1,0,4,""
5519,discovered,"what are naruto's chakra releases",chakras_energy,wh,27.6,1,1,1,1,0,4,""
5520,discovered,"what are 6 chakras of body",chakras_energy,wh,27.6,1,1,1,1,0,4,""
5521,discovered,"what chakra purple",chakras_energy,wh,27.6,1,1,1,1,0,4,""
5522,discovered,"what are chakra reserves",chakras_energy,wh,27.6,1,1,1,1,0,4,""
5523,discovered,"what are chakra wand used",chakras_energy,wh,27.6,1,1,1,1,0,4,""
5524,discovered,"what are chakras in your body",chakras_energy,wh,27.6,1,1,1,1,0,4,""
5525,discovered,"how to unblock anahata chakra",chakras_energy,how,27.6,1,1,1,1,0,4,""
5526,discovered,"how to open chakras by yourself",chakras_energy,how,27.6,1,1,1,1,0,4,""
5527,discovered,"how to open crown chakra",chakras_energy,how,27.6,1,1,1,1,0,4,""
5528,discovered,"how to unlock chakra energy",chakras_energy,how,27.6,1,1,1,1,0,4,""
5529,discovered,"how to unlock fire chakra",chakras_energy,how,27.6,1,1,1,1,0,4,""
5530,discovered,"how to unblock hip chakra",chakras_energy,how,27.6,1,1,1,1,0,4,""
5531,discovered,"how to open chakras meditation",chakras_energy,how,27.6,1,1,1,1,0,4,""
5532,discovered,"how to open navel chakra",chakras_energy,how,27.6,1,1,1,1,0,4,""
5533,discovered,"how to unblock your own chakras",chakras_energy,how,27.6,1,1,1,1,0,4,""
5534,discovered,"how to open chakra points",chakras_energy,how,27.6,1,1,1,1,0,4,""
5535,discovered,"how to unblock red chakra",chakras_energy,how,27.6,1,1,1,1,0,4,""
5536,discovered,"how to unblock stomach chakra",chakras_energy,how,27.6,1,1,1,1,0,4,""
5537,discovered,"how to unblock third chakra",chakras_energy,how,27.6,1,1,1,1,0,4,""
5538,discovered,"how to know about your past life from indian astrology",astrology,how,27.6,1,1,1,1,0,4,""
5539,discovered,"how to know who i was in my past life",past_lives_karma,how,27.6,1,1,1,1,0,4,""
5540,discovered,"does a medium talk to the dead",grief_afterlife,yes_no,27.6,1,1,1,1,0,4,""
5541,discovered,"do psychics talk to dead people",psychic_abilities,yes_no,27.6,1,1,1,1,0,4,""
5542,discovered,"do mediums really talk to the dead",grief_afterlife,yes_no,27.6,1,1,1,1,0,4,""
5543,discovered,"signs a deceased loved one is watching over you",grief_afterlife,signs,27.6,1,1,1,1,0,4,""
5544,discovered,"how do i get job easily",money_career,how,27.6,1,1,1,1,0,4,""
5545,discovered,"how do i get the job",money_career,how,27.6,1,1,1,1,0,4,""
5546,discovered,"will i get new job",money_career,yes_no,27.6,1,1,1,1,0,4,""
5547,discovered,"she will find the job question tag",money_career,noun,27.6,1,1,1,1,0,4,""
5548,discovered,"what is the purpose driven life book about",money_career,wh,27.6,1,1,1,1,0,4,""
5549,discovered,"what is the life purpose of a mosquito",money_career,wh,27.6,1,1,1,1,0,4,""
5550,discovered,"what is the career path for cyber security analyst",money_career,wh,27.6,1,1,1,1,0,4,""
5551,discovered,"what is the career path for data entry",money_career,wh,27.6,1,1,1,1,0,4,""
5552,discovered,"what is the career path for executive assistant",money_career,wh,27.6,1,1,1,1,0,4,""
5553,discovered,"what is the career path for an administrative assistant",money_career,wh,27.6,1,1,1,1,0,4,""
5554,discovered,"what is the career path for a game designer",money_career,wh,27.6,1,1,1,1,0,4,""
5555,discovered,"what is the career path for hvac",money_career,wh,27.6,1,1,1,1,0,4,""
5556,discovered,"what is the career path in marketing",money_career,wh,27.6,1,1,1,1,0,4,""
5557,discovered,"career path how to choose a career",money_career,noun,27.6,1,1,1,1,0,4,""
5558,discovered,"what is the nc career pathway lattice for early childhood professionals",money_career,wh,27.6,1,1,1,1,0,4,""
5559,discovered,"what is the career path for nursing",money_career,wh,27.6,1,1,1,1,0,4,""
5560,discovered,"what is the career path of a project manager",money_career,wh,27.6,1,1,1,1,0,4,""
5561,discovered,"what is the career path for pharmacist",money_career,wh,27.6,1,1,1,1,0,4,""
5562,discovered,"what is the career path for qa engineer",money_career,wh,27.6,1,1,1,1,0,4,""
5563,discovered,"my career path will likely be a neat straight line",money_career,noun,27.6,1,1,1,1,0,4,""
5564,discovered,"what does the future hold for the chicago bulls young core",money_career,wh,27.6,1,1,1,1,0,4,""
5565,discovered,"what does the future hold for clinical microbiology",money_career,wh,27.6,1,1,1,1,0,4,""
5566,discovered,"what does the future hold for england",money_career,wh,27.6,1,1,1,1,0,4,""
5567,discovered,"what does the future hold for gaza",money_career,wh,27.6,1,1,1,1,0,4,""
5568,discovered,"what the future holds in store",money_career,wh,27.6,1,1,1,1,0,4,""
5569,discovered,"what does my future hold for me astrology",astrology,wh,27.6,1,1,1,1,0,4,""
5570,discovered,"what does the future hold for nicaragua",money_career,wh,27.6,1,1,1,1,0,4,""
5571,discovered,"what will the future hold for online services",money_career,wh,27.6,1,1,1,1,0,4,""
5572,discovered,"what does the future hold for south africa",money_career,wh,27.6,1,1,1,1,0,4,""
5573,discovered,"what the future holds you",money_career,wh,27.6,1,1,1,1,0,4,""
5574,discovered,"does he like me subtle",love_relationships,yes_no,27.6,1,1,1,1,0,4,""
5575,discovered,"does she love me quiz lesbian",love_relationships,yes_no,27.6,1,1,1,1,0,4,""
5576,discovered,"does she really love",love_relationships,yes_no,27.6,1,1,1,1,0,4,""
5577,discovered,"she loves me free sheet music",love_relationships,noun,27.6,1,1,1,1,0,4,""
5578,discovered,"does he like me quiz without talking",love_relationships,yes_no,27.6,1,1,1,1,0,4,""
5579,discovered,"will she miss",love_relationships,yes_no,27.6,1,1,1,1,0,4,""
5580,discovered,"does he not like",love_relationships,yes_no,27.6,1,1,1,1,0,4,""
5581,discovered,"signs he will come back after a breakup",love_relationships,signs,27.6,1,1,1,1,0,4,""
5582,discovered,"will he come back meaning in malayalam",love_relationships,yes_no,27.6,1,1,1,1,0,4,""
5583,discovered,"signs she will come back after breaking up",love_relationships,signs,27.6,1,1,1,1,0,4,""
5584,discovered,"it is cheating",love_relationships,noun,27.6,1,1,1,1,0,4,""
5585,discovered,"signs he is cheating in a long distance relationship",love_relationships,signs,27.6,1,1,1,1,0,4,""
5586,discovered,"signs she is cheating in a long distance relationship",love_relationships,signs,27.6,1,1,1,1,0,4,""
5587,discovered,"signs he is the one to marry",love_relationships,signs,27.6,1,1,1,1,0,4,""
5588,discovered,"why did you ghost me meaning in nepali",grief_afterlife,wh,27.6,1,1,1,1,0,4,""
5589,discovered,"should we break up",love_relationships,yes_no,27.6,1,1,1,1,0,4,""
5590,discovered,"should i break up questions",love_relationships,yes_no,27.6,1,1,1,1,0,4,""
5591,discovered,"signs i should break up with her",love_relationships,signs,27.6,1,1,1,1,0,4,""
5592,discovered,"should i break up with",love_relationships,yes_no,27.6,1,1,1,1,0,4,""
5593,discovered,"will my ex come back quiz no email",love_relationships,yes_no,27.6,1,1,1,1,0,4,""
5594,discovered,"do dumpers come back",love_relationships,yes_no,27.6,1,1,1,1,0,4,""
5595,discovered,"twin flame karmic or soulmate",twin_flame_soulmate,noun,27.6,1,1,1,1,0,4,""
5596,discovered,"when will i meet my soulmate quiz astrology",twin_flame_soulmate,wh,27.6,1,1,1,1,0,4,""
5597,discovered,"i am in love meaning tamil",love_relationships,meaning,27.6,1,1,1,1,0,4,""
5598,discovered,"am i in love quiz with my best friend",love_relationships,yes_no,27.6,1,1,1,1,0,4,""
5599,discovered,"signs i am in love with her",love_relationships,signs,27.6,1,1,1,1,0,4,""
5600,discovered,"i am in love set",love_relationships,noun,27.6,1,1,1,1,0,4,""
5601,discovered,"what is a psychic empath",psychic_abilities,wh,27.6,1,1,1,1,0,4,""
5602,discovered,"i have an intuition",psychic_abilities,noun,27.6,1,1,1,1,0,4,""
5603,discovered,"signs you have a psychic connection with someone",psychic_abilities,signs,27.6,1,1,1,1,0,4,""
5604,discovered,"how to meditate to open third eye",psychic_abilities,how,27.6,1,1,1,1,0,4,""
5605,discovered,"is there a test for empaths",psychic_abilities,yes_no,27.6,1,1,1,1,0,4,""
5606,discovered,"how to develop your intuition",psychic_abilities,how,27.6,1,1,1,1,0,4,""
5607,discovered,"trust your intuition meaning in malayalam",psychic_abilities,meaning,27.6,1,1,1,1,0,4,""
5608,discovered,"how to trust your own intuition",psychic_abilities,how,27.6,1,1,1,1,0,4,""
5609,discovered,"difference between clairsentient and empath",psychic_abilities,noun,27.6,1,1,1,1,0,4,""
5610,discovered,"how to learn to read tarot",tarot,how,27.6,1,1,1,1,0,4,""
5611,discovered,"strength tarot",tarot,noun,27.6,1,1,1,1,0,4,""
5612,discovered,"tarot reading yes or no questions",tarot,noun,27.6,1,1,1,1,0,4,""
5613,discovered,"yes or no questions tarot",tarot,noun,27.6,1,1,1,1,0,4,""
5614,discovered,"yes or no tarot how to do",tarot,noun,27.6,1,1,1,1,0,4,""
5615,discovered,"love tarot",tarot,noun,27.6,1,1,1,1,0,4,""
5616,discovered,"does he love me tarot free oracle",tarot,yes_no,27.6,1,1,1,1,0,4,""
5617,discovered,"what is the most accurate tarot deck",tarot,wh,27.6,1,1,1,1,0,4,""
5618,discovered,"what is the moon sign today astrology",astrology,wh,27.6,1,1,1,1,0,4,""
5619,discovered,"what is my astrological",astrology,wh,27.6,1,1,1,1,0,4,""
5620,discovered,"is your sun sign your rising",astrology,yes_no,27.6,1,1,1,1,0,4,""
5621,discovered,"what is the zodiac sign to december",astrology,wh,27.6,1,1,1,1,0,4,""
5622,discovered,"what does guess my big three",astrology,wh,27.6,1,1,1,1,0,4,""
5623,discovered,"how do i get my birth chart",astrology,how,27.6,1,1,1,1,0,4,""
5624,discovered,"what does it mean when we are in mercury retrograde",astrology,wh,27.6,1,1,1,1,0,4,""
5625,discovered,"how to explain mercury retrograde",astrology,how,27.6,1,1,1,1,0,4,""
5626,discovered,"fft zodiac compatibility",astrology,noun,27.6,1,1,1,1,0,4,""
5627,discovered,"zodiac compatible to libra",astrology,noun,27.6,1,1,1,1,0,4,""
5628,discovered,"how to know what house my north node",astrology,how,27.6,1,1,1,1,0,4,""
5629,discovered,"how do i know when my saturn return",astrology,how,27.6,1,1,1,1,0,4,""
5630,discovered,"what day is my saturn return",astrology,wh,27.6,1,1,1,1,0,4,""
5631,discovered,"how to know when my saturn return is coming",astrology,how,27.6,1,1,1,1,0,4,""
5632,discovered,"what does it mean if you have a stellium",astrology,wh,27.6,1,1,1,1,0,4,""
5633,discovered,"is astrology true according to hinduism",astrology,yes_no,27.6,1,1,1,1,0,4,""
5634,discovered,"what is my dominant planet in astrology",astrology,wh,27.6,1,1,1,1,0,4,""
5635,discovered,"how to find chiron house in your chart",astrology,how,27.6,1,1,1,1,0,4,""
5636,discovered,"is 1111",angel_numbers,yes_no,27.6,1,1,1,1,0,4,""
5637,discovered,"what does.seeing 333",angel_numbers,wh,27.6,1,1,1,1,0,4,""
5638,discovered,"what does 333 mean to me right",angel_numbers,wh,27.6,1,1,1,1,0,4,""
5639,discovered,"what is the 333 angel number",angel_numbers,wh,27.6,1,1,1,1,0,4,""
5640,discovered,"what is 444",angel_numbers,wh,27.6,1,1,1,1,0,4,""
5641,discovered,"what does loop 444",angel_numbers,wh,27.6,1,1,1,1,0,4,""
5642,discovered,"what do the 555",angel_numbers,wh,27.6,1,1,1,1,0,4,""
5643,discovered,"what does 555 mean to the angels",angel_numbers,wh,27.6,1,1,1,1,0,4,""
5644,discovered,"what does 444 and 888 mean together",angel_numbers,wh,27.6,1,1,1,1,0,4,""
5645,discovered,"what does 999 mean to juice",angel_numbers,wh,27.6,1,1,1,1,0,4,""
5646,discovered,"what is the angel number meaning of 1111",angel_numbers,wh,27.6,1,1,1,1,0,4,""
5647,discovered,"what is my angel number quiz zodiac",angel_numbers,wh,27.6,1,1,1,1,0,4,""
5648,discovered,"what does it mean when you dream about a snake biblical",dreams,wh,27.6,1,1,1,1,0,4,""
5649,discovered,"what does it mean when you dream about having holes in your body",dreams,wh,27.6,1,1,1,1,0,4,""
5650,discovered,"what does it mean to dream about someone you don t talk to anymore",dreams,wh,27.6,1,1,1,1,0,4,""
5651,discovered,"what do tornado dreams",dreams,wh,27.6,1,1,1,1,0,4,""
5652,discovered,"lucid dreaming reddit experiences",dreams,noun,27.6,1,1,1,1,0,4,""
5653,discovered,"lucid dreams bot",dreams,noun,27.6,1,1,1,1,0,4,""
5654,discovered,"how to manifest a sign from the universe",manifestation,how,27.6,1,1,1,1,0,4,""
5655,discovered,"how to attract money to home",money_career,how,27.6,1,1,1,1,0,4,""
5656,discovered,"369 manifestation method how to do",manifestation,noun,27.6,1,1,1,1,0,4,""
5657,discovered,"law of attraction signs love is coming marriage",manifestation,signs,27.6,1,1,1,1,0,4,""
5658,discovered,"scripting manifestation specific person",manifestation,noun,27.6,1,1,1,1,0,4,""
5659,discovered,"how to manifest a text from a specific person",manifestation,how,27.6,1,1,1,1,0,4,""
5660,discovered,"how to become spiritually rich",money_career,how,27.6,1,1,1,1,0,4,""
5661,discovered,"is kundalini awakening good",chakras_energy,yes_no,27.6,1,1,1,1,0,4,""
5662,discovered,"why do i keep seeing different angel numbers",angel_numbers,wh,27.6,1,1,1,1,0,4,""
5663,discovered,"black butterfly meaning in the house spiritual",signs_synchronicity,meaning,27.6,1,1,1,1,0,4,""
5664,discovered,"what is sard hex",protection_energy,wh,27.6,1,1,1,1,0,4,""
5665,discovered,"what is a hex adapter",protection_energy,wh,27.6,1,1,1,1,0,4,""
5666,discovered,"signs of negative energy in house",protection_energy,signs,27.6,1,1,1,1,0,4,""
5667,discovered,"what is crystalline",crystals_rituals,wh,27.6,1,1,1,1,0,4,""
5668,discovered,"what does a full moon mean for zodiac",astrology,wh,27.6,1,1,1,1,0,4,""
5669,discovered,"how to use sage to clear negative energy",protection_energy,how,27.6,1,1,1,1,0,4,""
5670,discovered,"what is reiki spiritual",chakras_energy,wh,27.6,1,1,1,1,0,4,""
5671,discovered,"what is chase freedom credit karma",past_lives_karma,wh,27.6,1,1,1,1,0,4,""
5672,discovered,"can you fix a karmic relationship",twin_flame_soulmate,yes_no,27.6,1,1,1,1,0,4,""
5673,discovered,"twin flame vs karmic vs soulmate",twin_flame_soulmate,noun,27.6,1,1,1,1,0,4,""
5674,discovered,"past life expectancy",past_lives_karma,noun,27.6,1,1,1,1,0,4,""
5675,discovered,"are psychic readings",psychic_abilities,yes_no,27.6,1,1,1,1,0,4,""
5676,discovered,"i will teach you to be rich free read",money_career,noun,27.6,1,1,1,1,0,4,""
5677,discovered,"who do i quit my job",money_career,wh,27.6,1,1,1,1,0,4,""
5678,discovered,"how to find your purpose according to the bible",money_career,how,27.6,1,1,1,1,0,4,""
5679,discovered,"when will i get married quiz astrology",astrology,wh,27.6,1,1,1,1,0,4,""
5680,discovered,"when will i get married free astrology prediction",astrology,wh,27.6,1,1,1,1,0,4,""
5681,discovered,"who will harry marry",love_relationships,wh,27.6,1,1,1,1,0,4,""
5682,discovered,"how can you tell if your relationship is ending",love_relationships,how,27.6,1,1,1,1,0,4,""
5683,discovered,"how to find your own purpose in life",money_career,how,27.6,1,1,1,1,0,4,""
5684,seed,"what does 711 mean",unclassified,wh,26.6,0,1,1,0,1,1,""
5685,seed,"how to smudge your house",protection_energy,how,26.6,0,1,1,0,1,1,""
5686,discovered,"does she love me back",love_relationships,yes_no,26.6,1,1,1,1,0,6,""
5687,discovered,"does she love me or is she using",love_relationships,yes_no,26.6,1,1,1,1,0,6,""
5688,discovered,"does she love me positively absolutely",love_relationships,yes_no,26.6,1,1,1,1,0,5,""
5689,discovered,"will she come back after no contact",love_relationships,yes_no,26.6,1,1,1,1,0,7,""
5690,discovered,"will she come back after blocking",love_relationships,yes_no,26.6,1,1,1,1,0,8,""
5691,discovered,"will she come back when she's ready for a relationship",love_relationships,yes_no,26.6,1,1,1,1,0,9,""
5692,discovered,"is she cheating man i don't know",love_relationships,yes_no,26.6,1,1,1,1,0,7,""
5693,discovered,"is he serious about marrying",love_relationships,yes_no,26.6,1,1,1,1,0,5,""
5694,discovered,"is he serious meme",love_relationships,yes_no,26.6,1,1,1,1,0,6,""
5695,discovered,"is he serious meme thor",love_relationships,yes_no,26.6,1,1,1,1,0,7,""
5696,discovered,"is he serious",love_relationships,yes_no,26.6,1,1,1,1,0,8,""
5697,discovered,"is he serious meme image",love_relationships,yes_no,26.6,1,1,1,1,0,9,""
5698,discovered,"is he thinking about me tarot spread",tarot,yes_no,26.6,1,1,1,1,0,5,""
5699,discovered,"is he thinking about me as much as i think about him",love_relationships,yes_no,26.6,1,1,1,1,0,7,""
5700,discovered,"why did he ghost me after a great date",grief_afterlife,wh,26.6,1,1,1,1,0,6,""
5701,discovered,"why did he ghost me but not unfollow",grief_afterlife,wh,26.6,1,1,1,1,0,7,""
5702,discovered,"why did he ghost me but watches my stories",grief_afterlife,wh,26.6,1,1,1,1,0,9,""
5703,discovered,"should i text him after no contact",love_relationships,yes_no,26.6,1,1,1,1,0,8,""
5704,discovered,"should i break up with my boyfriend flowchart",love_relationships,yes_no,26.6,1,1,1,1,0,5,""
5705,discovered,"should i break up with my partner",love_relationships,yes_no,26.6,1,1,1,1,0,7,""
5706,discovered,"is my relationship toxic survey",love_relationships,yes_no,26.6,1,1,1,1,0,6,""
5707,discovered,"why do i keep thinking about him cheating",love_relationships,wh,26.6,1,1,1,1,0,6,""
5708,discovered,"why do i keep thinking about him after a breakup",love_relationships,wh,26.6,1,1,1,1,0,7,""
5709,discovered,"why won t he commit after 2 years",love_relationships,wh,26.6,1,1,1,1,0,7,""
5710,discovered,"will i ever find love again after a breakup",love_relationships,yes_no,26.6,1,1,1,1,0,6,""
5711,discovered,"signs he loves you but is hiding",love_relationships,signs,26.6,1,1,1,1,0,5,""
5712,discovered,"signs he loves you deeply",love_relationships,signs,26.6,1,1,1,1,0,6,""
5713,discovered,"signs he loves you secretly",love_relationships,signs,26.6,1,1,1,1,0,8,""
5714,discovered,"signs he loves you but not ready to commit",love_relationships,signs,26.6,1,1,1,1,0,9,""
5715,discovered,"how to know if he still loves you after a fight",love_relationships,how,26.6,1,1,1,1,0,9,""
5716,discovered,"does god want a relationship with",love_relationships,yes_no,26.6,1,1,1,1,0,5,""
5717,discovered,"does jesus want a relationship with",love_relationships,yes_no,26.6,1,1,1,1,0,6,""
5718,discovered,"do you want a relationship with",love_relationships,yes_no,26.6,1,1,1,1,0,7,""
5719,discovered,"signs he wants a relationship with",love_relationships,signs,26.6,1,1,1,1,0,8,""
5720,discovered,"do you want a relationship with me in spanish",love_relationships,yes_no,26.6,1,1,1,1,0,9,""
5721,discovered,"twin flame vs soulmate which is better",twin_flame_soulmate,noun,26.6,1,1,1,1,0,5,""
5722,discovered,"twin flame vs soulmate vs karmic partner",twin_flame_soulmate,noun,26.6,1,1,1,1,0,6,""
5723,discovered,"twin flame vs soulmate astrology",twin_flame_soulmate,noun,26.6,1,1,1,1,0,7,""
5724,discovered,"twin flame vs soulmate vs divine counterpart",twin_flame_soulmate,noun,26.6,1,1,1,1,0,8,""
5725,discovered,"when will i meet my soulmate tarot spread",twin_flame_soulmate,wh,26.6,1,1,1,1,0,8,""
5726,discovered,"when will i meet my soulmate destiny matrix",twin_flame_soulmate,wh,26.6,1,1,1,1,0,9,""
5727,discovered,"am i in love with my crush",love_relationships,yes_no,26.6,1,1,1,1,0,8,""
5728,discovered,"is he my twin flame or soulmate",twin_flame_soulmate,yes_no,26.6,1,1,1,1,0,5,""
5729,discovered,"does he regret leaving",love_relationships,yes_no,26.6,1,1,1,1,0,5,""
5730,discovered,"will he regret losing me dailymotion",love_relationships,yes_no,26.6,1,1,1,1,0,7,""
5731,discovered,"will he regret losing me after breakup",love_relationships,yes_no,26.6,1,1,1,1,0,9,""
5732,discovered,"he was dating someone else when we met",love_relationships,noun,26.6,1,1,1,1,0,7,""
5733,discovered,"is she seeing someone else after breakup",love_relationships,yes_no,26.6,1,1,1,1,0,9,""
5734,discovered,"does he think about me when he's with his wife",love_relationships,yes_no,26.6,1,1,1,1,0,5,""
5735,discovered,"does he think about me after ghosting",grief_afterlife,yes_no,26.6,1,1,1,1,0,7,""
5736,discovered,"does he think about me during no contact",love_relationships,yes_no,26.6,1,1,1,1,0,8,""
5737,discovered,"i think i am clairvoyant",psychic_abilities,noun,26.6,1,1,1,1,0,9,""
5738,discovered,"am i an intuitive eater",psychic_abilities,yes_no,26.6,1,1,1,1,0,5,""
5739,discovered,"am i intuitive or observant",psychic_abilities,yes_no,26.6,1,1,1,1,0,8,""
5740,discovered,"am i intuitive or sensing",psychic_abilities,yes_no,26.6,1,1,1,1,0,9,""
5741,discovered,"how to know if you are psychic or not",psychic_abilities,how,26.6,1,1,1,1,0,5,""
5742,discovered,"signs you are under psychic attack",psychic_abilities,signs,26.6,1,1,1,1,0,7,""
5743,discovered,"signs you are a psychic empath",psychic_abilities,signs,26.6,1,1,1,1,0,8,""
5744,discovered,"signs you are psychic medium",psychic_abilities,signs,26.6,1,1,1,1,0,9,""
5745,discovered,"how to develop psychic abilities wikihow",psychic_abilities,how,26.6,1,1,1,1,0,5,""
5746,discovered,"how to increase psychic abilities",psychic_abilities,how,26.6,1,1,1,1,0,9,""
5747,discovered,"how to know if your an empath",psychic_abilities,how,26.6,1,1,1,1,0,5,""
5748,discovered,"how to know if you're an empathetic person",psychic_abilities,how,26.6,1,1,1,1,0,6,""
5749,discovered,"how to know if i'm empathetic",psychic_abilities,how,26.6,1,1,1,1,0,7,""
5750,discovered,"how to know if your child is an empath",psychic_abilities,how,26.6,1,1,1,1,0,8,""
5751,discovered,"what is your psychic ability",psychic_abilities,wh,26.6,1,1,1,1,0,6,""
5752,discovered,"what is the psychic ability to control lightning called",psychic_abilities,wh,26.6,1,1,1,1,0,7,""
5753,discovered,"how to improve intuition",psychic_abilities,how,26.6,1,1,1,1,0,5,""
5754,discovered,"how to increase intuition power",psychic_abilities,how,26.6,1,1,1,1,0,6,""
5755,discovered,"how to develop intuition power",psychic_abilities,how,26.6,1,1,1,1,0,8,""
5756,discovered,"how to increase intuition power in hindi",psychic_abilities,how,26.6,1,1,1,1,0,9,""
5757,discovered,"how to trust your intuition in relationships",psychic_abilities,how,26.6,1,1,1,1,0,5,""
5758,discovered,"how to trust your intuition book",psychic_abilities,how,26.6,1,1,1,1,0,6,""
5759,discovered,"how to follow your intuition book",psychic_abilities,how,26.6,1,1,1,1,0,8,""
5760,discovered,"what does clairsentience feel like",psychic_abilities,wh,26.6,1,1,1,1,0,5,""
5761,discovered,"clairvoyance meaning",psychic_abilities,meaning,26.6,1,1,1,1,0,7,""
5762,discovered,"what is clairvoyance power",psychic_abilities,wh,26.6,1,1,1,1,0,8,""
5763,discovered,"what is clairvoyance superpower",psychic_abilities,wh,26.6,1,1,1,1,0,9,""
5764,discovered,"what does clairaudience",psychic_abilities,wh,26.6,1,1,1,1,0,5,""
5765,discovered,"what does.clairaudience mean.spiritually",psychic_abilities,wh,26.6,1,1,1,1,0,6,""
5766,discovered,"what is clairaudient abilities",psychic_abilities,wh,26.6,1,1,1,1,0,8,""
5767,discovered,"what chakra is clairaudience",psychic_abilities,wh,26.6,1,1,1,1,0,9,""
5768,discovered,"how to do a tarot reading on yourself",tarot,how,26.6,1,1,1,1,0,5,""
5769,discovered,"how to do a tarot reading on yourself for beginners",tarot,how,26.6,1,1,1,1,0,6,""
5770,discovered,"how to do a tarot reading on someone",tarot,how,26.6,1,1,1,1,0,6,""
5771,discovered,"how to do a tarot reading celtic cross",tarot,how,26.6,1,1,1,1,0,8,""
5772,discovered,"how to do a tarot reading for love",tarot,how,26.6,1,1,1,1,0,8,""
5773,discovered,"what does the tower card mean in tarot phasmophobia",tarot,wh,26.6,1,1,1,1,0,5,""
5774,discovered,"what does the tower card mean in phasmophobia",tarot,wh,26.6,1,1,1,1,0,6,""
5775,discovered,"what does the tower card mean in love",tarot,wh,26.6,1,1,1,1,0,7,""
5776,discovered,"what does the tower card mean in blair",tarot,wh,26.6,1,1,1,1,0,8,""
5777,discovered,"what does the tower card mean in reverse",tarot,wh,26.6,1,1,1,1,0,9,""
5778,discovered,"what does the lovers card mean in love",tarot,wh,26.6,1,1,1,1,0,5,""
5779,discovered,"what does the lovers card mean in career",tarot,wh,26.6,1,1,1,1,0,6,""
5780,discovered,"what does the lovers card mean in a reading",tarot,wh,26.6,1,1,1,1,0,7,""
5781,discovered,"what does the lovers card mean in a relationship",tarot,wh,26.6,1,1,1,1,0,8,""
5782,discovered,"what does the lovers card mean in astrology",tarot,wh,26.6,1,1,1,1,0,9,""
5783,discovered,"is tarot true",tarot,yes_no,26.6,1,1,1,1,0,5,""
5784,discovered,"is tarot really demonic",tarot,yes_no,26.6,1,1,1,1,0,5,""
5785,discovered,"is tarot really evil",tarot,yes_no,26.6,1,1,1,1,0,6,""
5786,discovered,"is tarot really a sin",tarot,yes_no,26.6,1,1,1,1,0,9,""
5787,discovered,"can tarot predict future events",tarot,yes_no,26.6,1,1,1,1,0,6,""
5788,discovered,"how to cleanse tarot cards with sage",tarot,how,26.6,1,1,1,1,0,5,""
5789,discovered,"how to cleanse tarot cards with salt",tarot,how,26.6,1,1,1,1,0,6,""
5790,discovered,"how to cleanse tarot cards before use",tarot,how,26.6,1,1,1,1,0,8,""
5791,discovered,"how to cleanse tarot cards in moonlight",tarot,how,26.6,1,1,1,1,0,9,""
5792,discovered,"tarot yes or no list",tarot,noun,26.6,1,1,1,1,0,6,""
5793,discovered,"tarot yes or no reading",tarot,noun,26.6,1,1,1,1,0,7,""
5794,discovered,"tarot yes or no wheel",tarot,noun,26.6,1,1,1,1,0,9,""
5795,discovered,"does he love me tarot yes or no by date of birth",tarot,yes_no,26.6,1,1,1,1,0,7,""
5796,discovered,"does he love me tarot reading",tarot,yes_no,26.6,1,1,1,1,0,9,""
5797,discovered,"what does the moon card mean in relationships",tarot,wh,26.6,1,1,1,1,0,5,""
5798,discovered,"what does the moon card mean in love",tarot,wh,26.6,1,1,1,1,0,6,""
5799,discovered,"what does the moon card mean in phasmophobia",tarot,wh,26.6,1,1,1,1,0,7,""
5800,discovered,"what does the moon card mean in reverse",tarot,wh,26.6,1,1,1,1,0,8,""
5801,discovered,"what does the moon card mean upside down",tarot,wh,26.6,1,1,1,1,0,9,""
5802,discovered,"how to shuffle tarot cards for jumpers",tarot,how,26.6,1,1,1,1,0,5,""
5803,discovered,"how to shuffle tarot cards without damaging them",tarot,how,26.6,1,1,1,1,0,6,""
5804,discovered,"how to shuffle tarot cards without bending them",tarot,how,26.6,1,1,1,1,0,8,""
5805,discovered,"how to shuffle tarot cards reversed",tarot,how,26.6,1,1,1,1,0,9,""
5806,discovered,"what is my birth date tarot card",tarot,wh,26.6,1,1,1,1,0,5,""
5807,discovered,"what do your birth tarot cards",tarot,wh,26.6,1,1,1,1,0,6,""
5808,discovered,"my tarot birth card jojo",tarot,noun,26.6,1,1,1,1,0,7,""
5809,discovered,"my tarot birth card combo",tarot,noun,26.6,1,1,1,1,0,8,""
5810,discovered,"learn how to read tarot cards for beginners",tarot,noun,26.6,1,1,1,1,0,5,""
5811,discovered,"best tarot card books for beginners",tarot,noun,26.6,1,1,1,1,0,5,""
5812,discovered,"best tarot card set for beginners",tarot,noun,26.6,1,1,1,1,0,6,""
5813,discovered,"best tarot card spreads for beginners",tarot,noun,26.6,1,1,1,1,0,7,""
5814,discovered,"how to choose a tarot deck for beginners",tarot,how,26.6,1,1,1,1,0,9,""
5815,discovered,"what does the star card mean in barbie uno",tarot,wh,26.6,1,1,1,1,0,5,""
5816,discovered,"what does the star card mean in phase 10",tarot,wh,26.6,1,1,1,1,0,6,""
5817,discovered,"what does the star card mean in the tarot deck",tarot,wh,26.6,1,1,1,1,0,7,""
5818,discovered,"what is my moon sign and sun",astrology,wh,26.6,1,1,1,1,0,6,""
5819,discovered,"what is my moon sign as a cancer",astrology,wh,26.6,1,1,1,1,0,7,""
5820,discovered,"what is my moon sign as a sagittarius",astrology,wh,26.6,1,1,1,1,0,9,""
5821,discovered,"what is my sun sign and moon sign and rising",astrology,wh,26.6,1,1,1,1,0,5,""
5822,discovered,"what is my sun sign pisces",astrology,wh,26.6,1,1,1,1,0,7,""
5823,discovered,"what is my sun sign and saturn",astrology,wh,26.6,1,1,1,1,0,8,""
5824,discovered,"what is my sun sign according to indian astrology",astrology,wh,26.6,1,1,1,1,0,9,""
5825,discovered,"what is the big three in astrology",astrology,wh,26.6,1,1,1,1,0,7,""
5826,discovered,"what is the big three in car audio",astrology,wh,26.6,1,1,1,1,0,8,""
5827,discovered,"how to read my natal chart",astrology,how,26.6,1,1,1,1,0,7,""
5828,discovered,"what does my natal chart",astrology,wh,26.6,1,1,1,1,0,5,""
5829,discovered,"what does the birth chart",astrology,wh,26.6,1,1,1,1,0,6,""
5830,discovered,"what is my birth chart",astrology,wh,26.6,1,1,1,1,0,7,""
5831,discovered,"what does your astrology chart",astrology,wh,26.6,1,1,1,1,0,9,""
5832,discovered,"mercury retrograde meaning for virgo",astrology,meaning,26.6,1,1,1,1,0,5,""
5833,discovered,"mercury retrograde meaning relationships",astrology,meaning,26.6,1,1,1,1,0,6,""
5834,discovered,"mercury retrograde meaning for gemini",astrology,meaning,26.6,1,1,1,1,0,7,""
5835,discovered,"mercury retrograde meaning sza",astrology,meaning,26.6,1,1,1,1,0,8,""
5836,discovered,"mercury retrograde meaning for cancer",astrology,meaning,26.6,1,1,1,1,0,9,""
5837,discovered,"what sign is compatible with cancer men",astrology,wh,26.6,1,1,1,1,0,5,""
5838,discovered,"what sign is compatible with gemini men",astrology,wh,26.6,1,1,1,1,0,6,""
5839,discovered,"what sign is compatible with taurus men",astrology,wh,26.6,1,1,1,1,0,7,""
5840,discovered,"what sign is compatible with leo men",astrology,wh,26.6,1,1,1,1,0,8,""
5841,discovered,"what is my venus sign if im a leo",astrology,wh,26.6,1,1,1,1,0,5,""
5842,discovered,"what is my venus sign if im a cancer",astrology,wh,26.6,1,1,1,1,0,6,""
5843,discovered,"what is my venus sign if im a virgo",astrology,wh,26.6,1,1,1,1,0,7,""
5844,discovered,"what is my venus sign if im an aries",astrology,wh,26.6,1,1,1,1,0,8,""
5845,discovered,"what is my venus sign if i am a capricorn",astrology,wh,26.6,1,1,1,1,0,9,""
5846,discovered,"what is my north node and midheaven",astrology,wh,26.6,1,1,1,1,0,5,""
5847,discovered,"what is my north node and house",astrology,wh,26.6,1,1,1,1,0,6,""
5848,discovered,"what is my north node placement",astrology,wh,26.6,1,1,1,1,0,7,""
5849,discovered,"what is my saturn return house",astrology,wh,26.6,1,1,1,1,0,6,""
5850,discovered,"what is my saturn return year",astrology,wh,26.6,1,1,1,1,0,8,""
5851,discovered,"what is your saturn return",astrology,wh,26.6,1,1,1,1,0,9,""
5852,discovered,"when is my saturn return ending",astrology,wh,26.6,1,1,1,1,0,5,""
5853,discovered,"when is my saturn return year",astrology,wh,26.6,1,1,1,1,0,6,""
5854,discovered,"when is my saturn return cafe astrology",astrology,wh,26.6,1,1,1,1,0,7,""
5855,discovered,"when is my saturn return date",astrology,wh,26.6,1,1,1,1,0,8,""
5856,discovered,"when is my saturn return taurus",astrology,wh,26.6,1,1,1,1,0,9,""
5857,discovered,"what is a stellium in capricorn",astrology,wh,26.6,1,1,1,1,0,5,""
5858,discovered,"what is a stellium in the 12th house",astrology,wh,26.6,1,1,1,1,0,6,""
5859,discovered,"what is a stellium in your chart",astrology,wh,26.6,1,1,1,1,0,7,""
5860,discovered,"what is a stellium in vedic astrology",astrology,wh,26.6,1,1,1,1,0,8,""
5861,discovered,"is astrology real in islam",astrology,yes_no,26.6,1,1,1,1,0,5,""
5862,discovered,"is astrology real at all",astrology,yes_no,26.6,1,1,1,1,0,6,""
5863,discovered,"is astrology real in hinduism",astrology,yes_no,26.6,1,1,1,1,0,7,""
5864,discovered,"is astrology really true",astrology,yes_no,26.6,1,1,1,1,0,9,""
5865,discovered,"what does retrograde mean for aquarius",astrology,wh,26.6,1,1,1,1,0,5,""
5866,discovered,"what does retrograde mean in ksp",astrology,wh,26.6,1,1,1,1,0,6,""
5867,discovered,"what does retrograde mean for capricorn",astrology,wh,26.6,1,1,1,1,0,7,""
5868,discovered,"what does retrograde mean in urology",astrology,wh,26.6,1,1,1,1,0,8,""
5869,discovered,"what does retrograde mean for gemini",astrology,wh,26.6,1,1,1,1,0,9,""
5870,discovered,"what makes a cusp",astrology,wh,26.6,1,1,1,1,0,5,""
5871,discovered,"what cusp signs are compatible",astrology,wh,26.6,1,1,1,1,0,8,""
5872,discovered,"what is considered a cusp zodiac",astrology,wh,26.6,1,1,1,1,0,9,""
5873,discovered,"what is my chiron house",astrology,wh,26.6,1,1,1,1,0,6,""
5874,discovered,"what is my chiron degree",astrology,wh,26.6,1,1,1,1,0,7,""
5875,discovered,"what is my chiron wound",astrology,wh,26.6,1,1,1,1,0,9,""
5876,discovered,"what does 222 mean in the spiritual world",angel_numbers,wh,26.6,1,1,1,1,0,8,""
5877,discovered,"what does 333 mean in relationships",angel_numbers,wh,26.6,1,1,1,1,0,5,""
5878,discovered,"what does 333 mean in text",angel_numbers,wh,26.6,1,1,1,1,0,6,""
5879,discovered,"what does 333 mean tattoo",angel_numbers,wh,26.6,1,1,1,1,0,7,""
5880,discovered,"what does 333 mean spiritually in the bible",angel_numbers,wh,26.6,1,1,1,1,0,8,""
5881,discovered,"what does 444 mean as a tattoo",angel_numbers,wh,26.6,1,1,1,1,0,5,""
5882,discovered,"what does 444 mean in islam",angel_numbers,wh,26.6,1,1,1,1,0,6,""
5883,discovered,"what does 444 mean in a relationship",angel_numbers,wh,26.6,1,1,1,1,0,7,""
5884,discovered,"what does 444 mean in numerology",angel_numbers,wh,26.6,1,1,1,1,0,8,""
5885,discovered,"what does 444 mean slang",angel_numbers,wh,26.6,1,1,1,1,0,9,""
5886,discovered,"what does 555 mean in numerology",angel_numbers,wh,26.6,1,1,1,1,0,5,""
5887,discovered,"what does 555 mean in thailand",angel_numbers,wh,26.6,1,1,1,1,0,6,""
5888,discovered,"what does 555 mean in thai",angel_numbers,wh,26.6,1,1,1,1,0,7,""
5889,discovered,"what does 555 mean in relationships",angel_numbers,wh,26.6,1,1,1,1,0,8,""
5890,discovered,"what does 555 mean in the spiritual world",angel_numbers,wh,26.6,1,1,1,1,0,9,""
5891,discovered,"what does 777 mean in love",angel_numbers,wh,26.6,1,1,1,1,0,5,""
5892,discovered,"what does 777 mean in numerology",angel_numbers,wh,26.6,1,1,1,1,0,6,""
5893,discovered,"what does 777 mean in relationships",angel_numbers,wh,26.6,1,1,1,1,0,7,""
5894,discovered,"what does 777 mean in gambling",angel_numbers,wh,26.6,1,1,1,1,0,8,""
5895,discovered,"what does 777 mean in islam",angel_numbers,wh,26.6,1,1,1,1,0,9,""
5896,discovered,"what does 888 mean in love",angel_numbers,wh,26.6,1,1,1,1,0,5,""
5897,discovered,"what does 888 mean in numerology",angel_numbers,wh,26.6,1,1,1,1,0,6,""
5898,discovered,"what does 888 mean on carbon monoxide detector",angel_numbers,wh,26.6,1,1,1,1,0,7,""
5899,discovered,"what does 888 mean in islam",angel_numbers,wh,26.6,1,1,1,1,0,8,""
5900,discovered,"what does 888 mean in chinese",angel_numbers,wh,26.6,1,1,1,1,0,9,""
5901,discovered,"what does 999 mean on jewelry",angel_numbers,wh,26.6,1,1,1,1,0,5,""
5902,discovered,"what does 999 mean tattoo",angel_numbers,wh,26.6,1,1,1,1,0,6,""
5903,discovered,"what does 999 mean in love",angel_numbers,wh,26.6,1,1,1,1,0,7,""
5904,discovered,"what does 999 mean in numerology",angel_numbers,wh,26.6,1,1,1,1,0,8,""
5905,discovered,"what does 999 mean in police code",angel_numbers,wh,26.6,1,1,1,1,0,9,""
5906,discovered,"what does 1212 mean in numerology",angel_numbers,wh,26.6,1,1,1,1,0,5,""
5907,discovered,"what does 1212 mean slang",angel_numbers,wh,26.6,1,1,1,1,0,6,""
5908,discovered,"what does 1212 mean texting",angel_numbers,wh,26.6,1,1,1,1,0,7,""
5909,discovered,"what does 1212 mean for twin flames",twin_flame_soulmate,wh,26.6,1,1,1,1,0,8,""
5910,discovered,"what does 1212 mean in strong's concordance",angel_numbers,wh,26.6,1,1,1,1,0,9,""
5911,discovered,"what does 1010 mean in love",angel_numbers,wh,26.6,1,1,1,1,0,5,""
5912,discovered,"what does 1010 mean in police code",angel_numbers,wh,26.6,1,1,1,1,0,6,""
5913,discovered,"what does 1010 mean in binary",angel_numbers,wh,26.6,1,1,1,1,0,7,""
5914,discovered,"what does 1010 mean spiritually in love",angel_numbers,wh,26.6,1,1,1,1,0,8,""
5915,discovered,"what does 1010 mean twin flame",twin_flame_soulmate,wh,26.6,1,1,1,1,0,9,""
5916,discovered,"angel numbers meaning 222",angel_numbers,meaning,26.6,1,1,1,1,0,5,""
5917,discovered,"angel numbers meaning 555",angel_numbers,meaning,26.6,1,1,1,1,0,6,""
5918,discovered,"angel numbers meanings 111",angel_numbers,noun,26.6,1,1,1,1,0,7,""
5919,discovered,"angel numbers meanings 666",angel_numbers,noun,26.6,1,1,1,1,0,8,""
5920,discovered,"angel numbers meaning 1010",angel_numbers,meaning,26.6,1,1,1,1,0,9,""
5921,discovered,"what is my life path number 11",angel_numbers,wh,26.6,1,1,1,1,0,5,""
5922,discovered,"what is my life path number 5",angel_numbers,wh,26.6,1,1,1,1,0,6,""
5923,discovered,"what is my life path number 2",angel_numbers,wh,26.6,1,1,1,1,0,9,""
5924,discovered,"how to calculate life path number 11",angel_numbers,how,26.6,1,1,1,1,0,5,""
5925,discovered,"how to calculate life path number by date of birth",angel_numbers,how,26.6,1,1,1,1,0,7,""
5926,discovered,"how to calculate life path number and destiny number",angel_numbers,how,26.6,1,1,1,1,0,8,""
5927,discovered,"how to calculate life path number 4",angel_numbers,how,26.6,1,1,1,1,0,9,""
5928,discovered,"why do i keep seeing 1111 or 111",angel_numbers,wh,26.6,1,1,1,1,0,5,""
5929,discovered,"why do i keep seeing 1111 and 444",angel_numbers,wh,26.6,1,1,1,1,0,6,""
5930,discovered,"why do i keep seeing 1111 everywhere",angel_numbers,wh,26.6,1,1,1,1,0,7,""
5931,discovered,"why do i keep seeing 1111 spiritual",angel_numbers,wh,26.6,1,1,1,1,0,8,""
5932,discovered,"why do i keep seeing 1111 everyday",angel_numbers,wh,26.6,1,1,1,1,0,9,""
5933,discovered,"what does 1234 mean on marketplace",angel_numbers,wh,26.6,1,1,1,1,0,5,""
5934,discovered,"what does 1234 mean in love",angel_numbers,wh,26.6,1,1,1,1,0,6,""
5935,discovered,"what does 1234 mean in strong's concordance",angel_numbers,wh,26.6,1,1,1,1,0,7,""
5936,discovered,"what does 1234 mean on facebook marketplace",angel_numbers,wh,26.6,1,1,1,1,0,8,""
5937,discovered,"what does 1234 mean on a clock",angel_numbers,wh,26.6,1,1,1,1,0,9,""
5938,discovered,"what is my angel number by date of birth",angel_numbers,wh,26.6,1,1,1,1,0,5,""
5939,discovered,"what is my angel number by name",angel_numbers,wh,26.6,1,1,1,1,0,6,""
5940,discovered,"what is my angel number calculator name",angel_numbers,wh,26.6,1,1,1,1,0,7,""
5941,discovered,"what is my angel number right",angel_numbers,wh,26.6,1,1,1,1,0,8,""
5942,discovered,"what is my angel number birthday",angel_numbers,wh,26.6,1,1,1,1,0,9,""
5943,discovered,"what does it mean to dream about your ex wife",dreams,wh,26.6,1,1,1,1,0,5,""
5944,discovered,"what does it mean to dream about your ex getting married",dreams,wh,26.6,1,1,1,1,0,6,""
5945,discovered,"what does it mean to dream about your ex partner",dreams,wh,26.6,1,1,1,1,0,7,""
5946,discovered,"what does it mean to dream about your ex dying",dreams,wh,26.6,1,1,1,1,0,5,""
5947,discovered,"what does it mean to dream about someone breaking into your house",dreams,wh,26.6,1,1,1,1,0,6,""
5948,discovered,"what does it mean to dream about someone you don't talk to anymore",dreams,wh,26.6,1,1,1,1,0,5,""
5949,discovered,"what do dreams mean about teeth falling out",dreams,wh,26.6,1,1,1,1,0,6,""
5950,discovered,"what do dreams mean when you are being chased",dreams,wh,26.6,1,1,1,1,0,7,""
5951,discovered,"what do dreams mean when someone dies",dreams,wh,26.6,1,1,1,1,0,8,""
5952,discovered,"what do dreams mean when you dream about someone dead",dreams,wh,26.6,1,1,1,1,0,9,""
5953,discovered,"dream about clear water",dreams,noun,26.6,1,1,1,1,0,5,""
5954,discovered,"dream about water biblical",dreams,noun,26.6,1,1,1,1,0,6,""
5955,discovered,"dream about flowing water",dreams,noun,26.6,1,1,1,1,0,7,""
5956,discovered,"dream about water snake",dreams,noun,26.6,1,1,1,1,0,9,""
5957,discovered,"dream about losing tooth",dreams,noun,26.6,1,1,1,1,0,5,""
5958,discovered,"dream about falling teeth spiritual",dreams,noun,26.6,1,1,1,1,0,6,""
5959,discovered,"dream about falling out teeth",dreams,noun,26.6,1,1,1,1,0,7,""
5960,discovered,"dream about falling teeth biblical",dreams,noun,26.6,1,1,1,1,0,8,""
5961,discovered,"dream about being chased by zombies",dreams,noun,26.6,1,1,1,1,0,5,""
5962,discovered,"dream about being chased by snake",dreams,noun,26.6,1,1,1,1,0,6,""
5963,discovered,"dream about being chased by lions",dreams,noun,26.6,1,1,1,1,0,7,""
5964,discovered,"dream about being chased by dogs",dreams,noun,26.6,1,1,1,1,0,8,""
5965,discovered,"dream about being chased by a bear",dreams,noun,26.6,1,1,1,1,0,9,""
5966,discovered,"dream about killing spiders",dreams,noun,26.6,1,1,1,1,0,5,""
5967,discovered,"dream about big spiders",dreams,noun,26.6,1,1,1,1,0,6,""
5968,discovered,"dream about spiders everywhere",dreams,noun,26.6,1,1,1,1,0,7,""
5969,discovered,"bad dream about spiders",dreams,noun,26.6,1,1,1,1,0,8,""
5970,discovered,"dream about giant spiders",dreams,noun,26.6,1,1,1,1,0,9,""
5971,discovered,"dream about child",dreams,noun,26.6,1,1,1,1,0,5,""
5972,discovered,"dream about dead babies",dreams,noun,26.6,1,1,1,1,0,6,""
5973,discovered,"dream about twin babies",dreams,noun,26.6,1,1,1,1,0,7,""
5974,discovered,"dream about baby boy",dreams,noun,26.6,1,1,1,1,0,8,""
5975,discovered,"dream about baby girl",dreams,noun,26.6,1,1,1,1,0,9,""
5976,discovered,"dream about my death",dreams,noun,26.6,1,1,1,1,0,5,""
5977,discovered,"dream about mother's death",dreams,noun,26.6,1,1,1,1,0,7,""
5978,discovered,"what does it mean when you dream about someone dying who is still alive hindu",dreams,wh,26.6,1,1,1,1,0,5,""
5979,discovered,"what does it mean when you dream about someone dying who is already dead",dreams,wh,26.6,1,1,1,1,0,6,""
5980,discovered,"what does it mean when you dream about someone dying in a car crash",dreams,wh,26.6,1,1,1,1,0,7,""
5981,discovered,"what does it mean when you dream about someone dying again",dreams,wh,26.6,1,1,1,1,0,8,""
5982,discovered,"lucid dreaming how to induce",dreams,noun,26.6,1,1,1,1,0,6,""
5983,discovered,"lucid dreaming how to achieve",dreams,noun,26.6,1,1,1,1,0,7,""
5984,discovered,"lucid dreaming how to book",dreams,noun,26.6,1,1,1,1,0,8,""
5985,discovered,"lucid dreaming how to practice",dreams,noun,26.6,1,1,1,1,0,9,""
5986,discovered,"dreams are messages from the deep dune",dreams,noun,26.6,1,1,1,1,0,6,""
5987,discovered,"dreams are messages from the deep in sardaukar",dreams,noun,26.6,1,1,1,1,0,7,""
5988,discovered,"are dreams wishes",dreams,yes_no,26.6,1,1,1,1,0,8,""
5989,discovered,"are dreams subliminal messages",dreams,yes_no,26.6,1,1,1,1,0,9,""
5990,discovered,"recurring dreams meaning in islam",dreams,meaning,26.6,1,1,1,1,0,5,""
5991,discovered,"recurring dreams meaning being chased",dreams,meaning,26.6,1,1,1,1,0,7,""
5992,discovered,"what does it mean when you dream about someone you liked in the past",dreams,wh,26.6,1,1,1,1,0,5,""
5993,discovered,"what does it mean when you dream about someone you like repeatedly",dreams,wh,26.6,1,1,1,1,0,6,""
5994,discovered,"what does it mean when you dream about someone you like dying",dreams,wh,26.6,1,1,1,1,0,7,""
5995,discovered,"what does it mean when you dream about someone you like but they don t like you",dreams,wh,26.6,1,1,1,1,0,8,""
5996,discovered,"what does it mean when you dream.about someone you like a lot",dreams,wh,26.6,1,1,1,1,0,9,""
5997,discovered,"how to manifest someone into your life",manifestation,how,26.6,1,1,1,1,0,5,""
5998,discovered,"how to manifest someone coming back to you",manifestation,how,26.6,1,1,1,1,0,7,""
5999,discovered,"does manifestation works in real life",manifestation,yes_no,26.6,1,1,1,1,0,9,""
6000,discovered,"369 method for money",manifestation,noun,26.6,1,1,1,1,0,6,""
6001,discovered,"369 method book",manifestation,noun,26.6,1,1,1,1,0,7,""
6002,discovered,"369 method tesla",manifestation,noun,26.6,1,1,1,1,0,8,""
6003,discovered,"law of attraction how to work",manifestation,noun,26.6,1,1,1,1,0,5,""
6004,discovered,"law of attraction how to attract love",manifestation,noun,26.6,1,1,1,1,0,6,""
6005,discovered,"law of attraction how to attract money",manifestation,noun,26.6,1,1,1,1,0,7,""
6006,discovered,"what is the law of assumption in simple terms",manifestation,wh,26.6,1,1,1,1,0,5,""
6007,discovered,"what is the universal law of assumption",manifestation,wh,26.6,1,1,1,1,0,6,""
6008,discovered,"what is law of assumption shifting",manifestation,wh,26.6,1,1,1,1,0,7,""
6009,discovered,"what is law of assumption in hindi",manifestation,wh,26.6,1,1,1,1,0,8,""
6010,discovered,"scripting manifestation template",manifestation,noun,26.6,1,1,1,1,0,8,""
6011,discovered,"scripting manifestation examples money",manifestation,noun,26.6,1,1,1,1,0,9,""
6012,discovered,"manifestation signs willenhall",manifestation,signs,26.6,1,1,1,1,0,5,""
6013,discovered,"manifestation signs and symptoms of abortion",manifestation,signs,26.6,1,1,1,1,0,6,""
6014,discovered,"how long does water manifestation take",manifestation,how,26.6,1,1,1,1,0,7,""
6015,discovered,"how long does manifestation usually take",manifestation,how,26.6,1,1,1,1,0,9,""
6016,discovered,"why did my manifestation not work",manifestation,wh,26.6,1,1,1,1,0,5,""
6017,discovered,"why do my manifestation not work",manifestation,wh,26.6,1,1,1,1,0,6,""
6018,discovered,"why do i feel like my manifestation is not working",manifestation,wh,26.6,1,1,1,1,0,8,""
6019,discovered,"how to do shadow work with tarot",manifestation,how,26.6,1,1,1,1,0,5,""
6020,discovered,"how to do shadow work witchcraft",manifestation,how,26.6,1,1,1,1,0,7,""
6021,discovered,"how to do shadow work with hecate",manifestation,how,26.6,1,1,1,1,0,8,""
6022,discovered,"how to do shadow work in therapy",manifestation,how,26.6,1,1,1,1,0,9,""
6023,discovered,"how to raise your vibration spiritually",manifestation,how,26.6,1,1,1,1,0,5,""
6024,discovered,"how to raise your vibration quickly",manifestation,how,26.6,1,1,1,1,0,6,""
6025,discovered,"how to raise your vibrational energy",manifestation,how,26.6,1,1,1,1,0,7,""
6026,discovered,"how to raise your vibration when you feel low",manifestation,how,26.6,1,1,1,1,0,8,""
6027,discovered,"what is the 555 method postpartum",angel_numbers,wh,26.6,1,1,1,1,0,5,""
6028,discovered,"what is the 555 method smoking",angel_numbers,wh,26.6,1,1,1,1,0,6,""
6029,discovered,"what is the 555 method for cooking eggs",angel_numbers,wh,26.6,1,1,1,1,0,7,""
6030,discovered,"what is the 555 method for instant pot eggs",angel_numbers,wh,26.6,1,1,1,1,0,8,""
6031,discovered,"what is the 555 method for anxiety",angel_numbers,wh,26.6,1,1,1,1,0,9,""
6032,discovered,"how to manifest a specific person who doesn't know you",manifestation,how,26.6,1,1,1,1,0,6,""
6033,discovered,"how to manifest a specific person in 3 days",manifestation,how,26.6,1,1,1,1,0,5,""
6034,discovered,"dark night of the soul st john of the cross",spiritual_awakening,noun,26.6,1,1,1,1,0,6,""
6035,discovered,"dark night of the soul carl jung",spiritual_awakening,noun,26.6,1,1,1,1,0,7,""
6036,discovered,"spiritual awakening symptoms in hindi",spiritual_awakening,noun,26.6,1,1,1,1,0,5,""
6037,discovered,"spiritual awakening symptoms headaches",spiritual_awakening,noun,26.6,1,1,1,1,0,6,""
6038,discovered,"spiritual awakening symptoms anxiety",spiritual_awakening,noun,26.6,1,1,1,1,0,7,""
6039,discovered,"spiritual awakening symptoms christianity",spiritual_awakening,noun,26.6,1,1,1,1,0,8,""
6040,discovered,"spiritual awakening symptoms eyes",spiritual_awakening,noun,26.6,1,1,1,1,0,9,""
6041,discovered,"how to find a spirit guide",psychic_abilities,how,26.6,1,1,1,1,0,6,""
6042,discovered,"how to identify your spirit guide",psychic_abilities,how,26.6,1,1,1,1,0,7,""
6043,discovered,"how to discover your spirit guides",psychic_abilities,how,26.6,1,1,1,1,0,9,""
6044,discovered,"symptoms of kundalini awakening",chakras_energy,noun,26.6,1,1,1,1,0,7,""
6045,discovered,"what is my spiritual gifts",psychic_abilities,wh,26.6,1,1,1,1,0,5,""
6046,discovered,"what frequency is the akashic records",psychic_abilities,wh,26.6,1,1,1,1,0,5,""
6047,discovered,"what is akashic records in hindi",psychic_abilities,wh,26.6,1,1,1,1,0,7,""
6048,discovered,"what are the angel zodiac",astrology,wh,26.6,1,1,1,1,0,6,""
6049,discovered,"why do i keep seeing 555",angel_numbers,wh,26.6,1,1,1,1,0,9,""
6050,discovered,"what are synchronicities trying to tell",signs_synchronicity,wh,26.6,1,1,1,1,0,6,""
6051,discovered,"sign and synchronicities",signs_synchronicity,signs,26.6,1,1,1,1,0,7,""
6052,discovered,"what are synchronicities in numbers",signs_synchronicity,wh,26.6,1,1,1,1,0,8,""
6053,discovered,"what are synchronicities in life",signs_synchronicity,wh,26.6,1,1,1,1,0,9,""
6054,discovered,"why do i keep seeing repeating numbers in time",angel_numbers,wh,26.6,1,1,1,1,0,5,""
6055,discovered,"why do i keep seeing repeating numbers when i look at the time",angel_numbers,wh,26.6,1,1,1,1,0,6,""
6056,discovered,"why do i keep seeing repeating numbers biblical",angel_numbers,wh,26.6,1,1,1,1,0,7,""
6057,discovered,"why do i keep seeing repeating numbers all the time",angel_numbers,wh,26.6,1,1,1,1,0,8,""
6058,discovered,"what does it mean when you see a feather falling",signs_synchronicity,wh,26.6,1,1,1,1,0,5,""
6059,discovered,"what does it mean when you see a feather in your yard",signs_synchronicity,wh,26.6,1,1,1,1,0,6,""
6060,discovered,"what does it mean when you see a feather after someone dies",signs_synchronicity,wh,26.6,1,1,1,1,0,7,""
6061,discovered,"what does it mean when you see a feather floating in the air",signs_synchronicity,wh,26.6,1,1,1,1,0,8,""
6062,discovered,"what does it mean when you see a feather spiritual",signs_synchronicity,wh,26.6,1,1,1,1,0,9,""
6063,discovered,"butterfly spiritual meaning colors",spiritual_awakening,meaning,26.6,1,1,1,1,0,5,""
6064,discovered,"butterfly spiritual meaning death",spiritual_awakening,meaning,26.6,1,1,1,1,0,6,""
6065,discovered,"butterfly spiritual meaning love twin flame",twin_flame_soulmate,meaning,26.6,1,1,1,1,0,7,""
6066,discovered,"butterfly spiritual meaning twin flame",twin_flame_soulmate,meaning,26.6,1,1,1,1,0,9,""
6067,discovered,"what does it mean when you see a cardinal outside your window",signs_synchronicity,wh,26.6,1,1,1,1,0,5,""
6068,discovered,"what does it mean when you see a cardinal in your backyard",signs_synchronicity,wh,26.6,1,1,1,1,0,6,""
6069,discovered,"what does it mean when you see a cardinal everyday",signs_synchronicity,wh,26.6,1,1,1,1,0,7,""
6070,discovered,"what does it mean when you see a cardinal all the time",signs_synchronicity,wh,26.6,1,1,1,1,0,8,""
6071,discovered,"what does it mean when you see a cardinal bird in your yard",signs_synchronicity,wh,26.6,1,1,1,1,0,9,""
6072,discovered,"hummingbird spiritual meaning mexico",spiritual_awakening,meaning,26.6,1,1,1,1,0,5,""
6073,discovered,"hummingbird spiritual meaning christianity",spiritual_awakening,meaning,26.6,1,1,1,1,0,6,""
6074,discovered,"hummingbird spiritual meaning in the house",spiritual_awakening,meaning,26.6,1,1,1,1,0,8,""
6075,discovered,"hummingbird spiritual meaning in dreams",dreams,meaning,26.6,1,1,1,1,0,9,""
6076,discovered,"what does it mean when you see a deer in your backyard",signs_synchronicity,wh,26.6,1,1,1,1,0,5,""
6077,discovered,"what does it mean when you see a deer in the morning",signs_synchronicity,wh,26.6,1,1,1,1,0,7,""
6078,discovered,"what does it mean when you see a deer at a cemetery",signs_synchronicity,wh,26.6,1,1,1,1,0,8,""
6079,discovered,"what does it mean when you see a deer with antlers",signs_synchronicity,wh,26.6,1,1,1,1,0,9,""
6080,discovered,"what does it mean when you see a hawk flying",signs_synchronicity,wh,26.6,1,1,1,1,0,5,""
6081,discovered,"what does it mean when you see a hawk with a snake",signs_synchronicity,wh,26.6,1,1,1,1,0,6,""
6082,discovered,"what does it mean when you see a hawk everyday",signs_synchronicity,wh,26.6,1,1,1,1,0,7,""
6083,discovered,"what does it mean when you see a hawk carrying a snake",signs_synchronicity,wh,26.6,1,1,1,1,0,8,""
6084,discovered,"what does it mean when you see a hawk all the time",signs_synchronicity,wh,26.6,1,1,1,1,0,9,""
6085,discovered,"how to protect yourself from negative energy in islam",protection_energy,how,26.6,1,1,1,1,0,5,""
6086,discovered,"how to protect yourself from negative energy witchcraft",protection_energy,how,26.6,1,1,1,1,0,6,""
6087,discovered,"how to protect yourself from negative energy as an empath",psychic_abilities,how,26.6,1,1,1,1,0,7,""
6088,discovered,"how to protect yourself from negative energy and evil eyes",protection_energy,how,26.6,1,1,1,1,0,8,""
6089,discovered,"how to break a curse on yourself",protection_energy,how,26.6,1,1,1,1,0,5,""
6090,discovered,"how to break a curse on someone",protection_energy,how,26.6,1,1,1,1,0,7,""
6091,discovered,"how to break a curse in the bible",protection_energy,how,26.6,1,1,1,1,0,8,""
6092,discovered,"how to break a curse fantasy",protection_energy,how,26.6,1,1,1,1,0,9,""
6093,discovered,"how to get rid of negative energy in your body",protection_energy,how,26.6,1,1,1,1,0,5,""
6094,discovered,"how to get rid of negative energy from home",protection_energy,how,26.6,1,1,1,1,0,6,""
6095,discovered,"how to get rid of negative energy around you",protection_energy,how,26.6,1,1,1,1,0,7,""
6096,discovered,"how to get rid of negative energy from others",protection_energy,how,26.6,1,1,1,1,0,8,""
6097,discovered,"how to get rid of negative energy spell",protection_energy,how,26.6,1,1,1,1,0,9,""
6098,discovered,"what is a hex code for color",protection_energy,wh,26.6,1,1,1,1,0,7,""
6099,discovered,"how to cleanse your aura from negative energy",protection_energy,how,26.6,1,1,1,1,0,5,""
6100,discovered,"how to cleanse your aura with sage",protection_energy,how,26.6,1,1,1,1,0,6,""
6101,discovered,"how to cleanse your aura and attract good energies",protection_energy,how,26.6,1,1,1,1,0,7,""
6102,discovered,"how to cleanse your aura with selenite",protection_energy,how,26.6,1,1,1,1,0,8,""
6103,discovered,"how to cleanse your aura and energy",protection_energy,how,26.6,1,1,1,1,0,9,""
6104,discovered,"signs of bad energy in your home",protection_energy,signs,26.6,1,1,1,1,0,5,""
6105,discovered,"signs of negative energy in room",protection_energy,signs,26.6,1,1,1,1,0,7,""
6106,discovered,"13 signs of negative energy in a house",protection_energy,signs,26.6,1,1,1,1,0,8,""
6107,discovered,"what is grounding and why is it important",protection_energy,wh,26.6,1,1,1,1,0,5,""
6108,discovered,"how to do a cleansing bath ritual",protection_energy,how,26.6,1,1,1,1,0,5,""
6109,discovered,"how to do a egg cleanse ritual",protection_energy,how,26.6,1,1,1,1,0,6,""
6110,discovered,"how to do purification ritual ghost of tsushima",grief_afterlife,how,26.6,1,1,1,1,0,7,""
6111,discovered,"how to get cleansing ritual azure blue eso",protection_energy,how,26.6,1,1,1,1,0,8,""
6112,discovered,"how to do sacred sakura cleansing ritual",protection_energy,how,26.6,1,1,1,1,0,9,""
6113,discovered,"signs of negative energy in your home",protection_energy,signs,26.6,1,1,1,1,0,5,""
6114,discovered,"signs of negative energy in your house",protection_energy,signs,26.6,1,1,1,1,0,6,""
6115,discovered,"signs of negative energy in your body",protection_energy,signs,26.6,1,1,1,1,0,7,""
6116,discovered,"what to do when you feel negative energy around you",protection_energy,wh,26.6,1,1,1,1,0,8,""
6117,discovered,"symptoms of negative energy at home",protection_energy,noun,26.6,1,1,1,1,0,9,""
6118,discovered,"crystals for protection and safety",protection_energy,noun,26.6,1,1,1,1,0,5,""
6119,discovered,"crystals for protection while traveling",protection_energy,noun,26.6,1,1,1,1,0,6,""
6120,discovered,"crystals for protection from spirits",protection_energy,noun,26.6,1,1,1,1,0,7,""
6121,discovered,"crystals for protection spell",protection_energy,noun,26.6,1,1,1,1,0,8,""
6122,discovered,"crystals for protection while driving",protection_energy,noun,26.6,1,1,1,1,0,9,""
6123,discovered,"crystals for love and healing",crystals_rituals,noun,26.6,1,1,1,1,0,5,""
6124,discovered,"crystals for love and passion",crystals_rituals,noun,26.6,1,1,1,1,0,6,""
6125,discovered,"crystals for love and peace",crystals_rituals,noun,26.6,1,1,1,1,0,7,""
6126,discovered,"crystals for love and happiness",crystals_rituals,noun,26.6,1,1,1,1,0,8,""
6127,discovered,"crystals for love and connection",crystals_rituals,noun,26.6,1,1,1,1,0,9,""
6128,discovered,"how to cleanse crystals with incense",protection_energy,how,26.6,1,1,1,1,0,5,""
6129,discovered,"how to cleanse crystals in moonlight",protection_energy,how,26.6,1,1,1,1,0,6,""
6130,discovered,"how to cleanse crystals with water",protection_energy,how,26.6,1,1,1,1,0,7,""
6131,discovered,"how to cleanse crystals with moon water",protection_energy,how,26.6,1,1,1,1,0,8,""
6132,discovered,"how to cleanse crystals of negative energy",protection_energy,how,26.6,1,1,1,1,0,9,""
6133,discovered,"full moon rituals for witches",crystals_rituals,noun,26.6,1,1,1,1,0,5,""
6134,discovered,"full moon rituals for may",crystals_rituals,noun,26.6,1,1,1,1,0,6,""
6135,discovered,"full moon rituals near",crystals_rituals,noun,26.6,1,1,1,1,0,8,""
6136,discovered,"what to do on a full moon blue moon",crystals_rituals,wh,26.6,1,1,1,1,0,5,""
6137,discovered,"what to do on a full moon night",crystals_rituals,wh,26.6,1,1,1,1,0,5,""
6138,discovered,"new moon ritual august",crystals_rituals,noun,26.6,1,1,1,1,0,5,""
6139,discovered,"new moon rituals for beginners",crystals_rituals,noun,26.6,1,1,1,1,0,6,""
6140,discovered,"new moon rituals and spells",crystals_rituals,noun,26.6,1,1,1,1,0,7,""
6141,discovered,"new moon rituals june",crystals_rituals,noun,26.6,1,1,1,1,0,8,""
6142,discovered,"what does the full moon mean for capricorn",astrology,wh,26.6,1,1,1,1,0,5,""
6143,discovered,"what does the full moon mean in the bible",crystals_rituals,wh,26.6,1,1,1,1,0,6,""
6144,discovered,"what does the full moon mean for sagittarius",astrology,wh,26.6,1,1,1,1,0,8,""
6145,discovered,"what does the full moon mean for aries",astrology,wh,26.6,1,1,1,1,0,9,""
6146,discovered,"moon phases meaning tattoo",crystals_rituals,meaning,26.6,1,1,1,1,0,5,""
6147,discovered,"how to use sage to cleanse a house",protection_energy,how,26.6,1,1,1,1,0,7,""
6148,discovered,"how to use sage smudge sticks",protection_energy,how,26.6,1,1,1,1,0,9,""
6149,discovered,"how to do candle love spell",crystals_rituals,how,26.6,1,1,1,1,0,6,""
6150,discovered,"how to make spell candle",crystals_rituals,how,26.6,1,1,1,1,0,7,""
6151,discovered,"how do candle spells work",crystals_rituals,how,26.6,1,1,1,1,0,8,""
6152,discovered,"what is a good protection spell",protection_energy,wh,26.6,1,1,1,1,0,5,""
6153,discovered,"what is a simple protection spell",protection_energy,wh,26.6,1,1,1,1,0,6,""
6154,discovered,"what is a basic protection spell",protection_energy,wh,26.6,1,1,1,1,0,7,""
6155,discovered,"what is a protection charm",protection_energy,wh,26.6,1,1,1,1,0,8,""
6156,discovered,"what does a protection spell do",protection_energy,wh,26.6,1,1,1,1,0,9,""
6157,discovered,"how to make a spell jar necklace",crystals_rituals,how,26.6,1,1,1,1,0,5,""
6158,discovered,"how to do a spell jar",crystals_rituals,how,26.6,1,1,1,1,0,7,""
6159,discovered,"how to cast a spell jar",crystals_rituals,how,26.6,1,1,1,1,0,9,""
6160,discovered,"what to do on a new moon with crystals",crystals_rituals,wh,26.6,1,1,1,1,0,5,""
6161,discovered,"what to do on a new moon ritual",crystals_rituals,wh,26.6,1,1,1,1,0,6,""
6162,discovered,"how to use a pendulum for healing",crystals_rituals,how,26.6,1,1,1,1,0,5,""
6163,discovered,"how to use a pendulum to talk to spirits",crystals_rituals,how,26.6,1,1,1,1,0,7,""
6164,discovered,"how to use a pendulum for answers",crystals_rituals,how,26.6,1,1,1,1,0,8,""
6165,discovered,"how to use a pendulum squat",crystals_rituals,how,26.6,1,1,1,1,0,9,""
6166,discovered,"crystals for anxiety relief",crystals_rituals,noun,26.6,1,1,1,1,0,5,""
6167,discovered,"crystals for anxiety and sleep",crystals_rituals,noun,26.6,1,1,1,1,0,6,""
6168,discovered,"crystals for anxiety and protection",protection_energy,noun,26.6,1,1,1,1,0,7,""
6169,discovered,"crystals for anxiety and panic attacks bracelet",crystals_rituals,noun,26.6,1,1,1,1,0,8,""
6170,discovered,"how to charge crystals with intentions",crystals_rituals,how,26.6,1,1,1,1,0,5,""
6171,discovered,"how to charge crystals with water",crystals_rituals,how,26.6,1,1,1,1,0,8,""
6172,discovered,"how to balance chakras with crystals",crystals_rituals,how,26.6,1,1,1,1,0,5,""
6173,discovered,"how to balance chakras in our body",chakras_energy,how,26.6,1,1,1,1,0,6,""
6174,discovered,"how to balance chakras with meditation",chakras_energy,how,26.6,1,1,1,1,0,7,""
6175,discovered,"how to balance chakras naturally",chakras_energy,how,26.6,1,1,1,1,0,9,""
6176,discovered,"what is a blocked sacral chakra",chakras_energy,wh,26.6,1,1,1,1,0,5,""
6177,discovered,"what does a blocked chakra feel like",chakras_energy,wh,26.6,1,1,1,1,0,6,""
6178,discovered,"what causes a blocked chakra",chakras_energy,wh,26.6,1,1,1,1,0,7,""
6179,discovered,"what does a blocked chakra look like",chakras_energy,wh,26.6,1,1,1,1,0,8,""
6180,discovered,"what blocked chakra causes weight gain",chakras_energy,wh,26.6,1,1,1,1,0,9,""
6181,discovered,"what is reiki master",chakras_energy,wh,26.6,1,1,1,1,0,6,""
6182,discovered,"what is reiki energy",chakras_energy,wh,26.6,1,1,1,1,0,7,""
6183,discovered,"what is reiki energy healing",chakras_energy,wh,26.6,1,1,1,1,0,8,""
6184,discovered,"what is reiki yoga",chakras_energy,wh,26.6,1,1,1,1,0,9,""
6185,discovered,"what is the third eye chakra frequency",psychic_abilities,wh,26.6,1,1,1,1,0,5,""
6186,discovered,"what is the third eye chakra blocked by",psychic_abilities,wh,26.6,1,1,1,1,0,6,""
6187,discovered,"what is the third eye chakra symbol",psychic_abilities,wh,26.6,1,1,1,1,0,7,""
6188,discovered,"what is the third eye chakra element",psychic_abilities,wh,26.6,1,1,1,1,0,8,""
6189,discovered,"what is the third eye chakra crystal",psychic_abilities,wh,26.6,1,1,1,1,0,9,""
6190,discovered,"what does it feel like when your heart chakra is blocked",chakras_energy,wh,26.6,1,1,1,1,0,5,""
6191,discovered,"what happens if your heart chakra is blocked",chakras_energy,wh,26.6,1,1,1,1,0,6,""
6192,discovered,"what to do if your heart chakra is blocked",chakras_energy,wh,26.6,1,1,1,1,0,7,""
6193,discovered,"what is energy healing massage",chakras_energy,wh,26.6,1,1,1,1,0,5,""
6194,discovered,"what is energy healing reiki",chakras_energy,wh,26.6,1,1,1,1,0,6,""
6195,discovered,"what is energy healing session",chakras_energy,wh,26.6,1,1,1,1,0,7,""
6196,discovered,"what is energy healing modalities",chakras_energy,wh,26.6,1,1,1,1,0,8,""
6197,discovered,"what is energy healing practice",chakras_energy,wh,26.6,1,1,1,1,0,9,""
6198,discovered,"how to know my past life name",past_lives_karma,how,26.6,1,1,1,1,0,9,""
6199,discovered,"past life regression nyc",past_lives_karma,noun,26.6,1,1,1,1,0,6,""
6200,discovered,"past life regression books",past_lives_karma,noun,26.6,1,1,1,1,0,8,""
6201,discovered,"past life regression hypnotherapy",past_lives_karma,noun,26.6,1,1,1,1,0,9,""
6202,discovered,"what is karma farming",past_lives_karma,wh,26.6,1,1,1,1,0,5,""
6203,discovered,"what is karma police by radiohead about",past_lives_karma,wh,26.6,1,1,1,1,0,6,""
6204,discovered,"what is karma in bitlife",past_lives_karma,wh,26.6,1,1,1,1,0,7,""
6205,discovered,"what is karma in hinduism",past_lives_karma,wh,26.6,1,1,1,1,0,8,""
6206,discovered,"what is karma yoga",past_lives_karma,wh,26.6,1,1,1,1,0,9,""
6207,discovered,"how to clear karmic debt",past_lives_karma,how,26.6,1,1,1,1,0,5,""
6208,discovered,"how to delete karmayogi account",past_lives_karma,how,26.6,1,1,1,1,0,7,""
6209,discovered,"how to cleanse karma",protection_energy,how,26.6,1,1,1,1,0,9,""
6210,discovered,"what is a karmic relationship in vedic astrology",twin_flame_soulmate,wh,26.6,1,1,1,1,0,6,""
6211,discovered,"what is a karmic relationship bond",twin_flame_soulmate,wh,26.6,1,1,1,1,0,7,""
6212,discovered,"what is a karmic cycle relationship",past_lives_karma,wh,26.6,1,1,1,1,0,8,""
6213,discovered,"what is a karmic soulmate relationship",twin_flame_soulmate,wh,26.6,1,1,1,1,0,9,""
6214,discovered,"karmic vs twin flame connection",twin_flame_soulmate,noun,26.6,1,1,1,1,0,7,""
6215,discovered,"karmic and twin flame difference",twin_flame_soulmate,noun,26.6,1,1,1,1,0,9,""
6216,discovered,"do we have past life",past_lives_karma,yes_no,26.6,1,1,1,1,0,5,""
6217,discovered,"do we have a past life connection",past_lives_karma,yes_no,26.6,1,1,1,1,0,9,""
6218,discovered,"past life symbols",past_lives_karma,noun,26.6,1,1,1,1,0,6,""
6219,discovered,"past life symptoms",past_lives_karma,noun,26.6,1,1,1,1,0,7,""
6220,discovered,"past life soulmate",twin_flame_soulmate,noun,26.6,1,1,1,1,0,9,""
6221,discovered,"what was my past life like",past_lives_karma,wh,26.6,1,1,1,1,0,5,""
6222,discovered,"what am i in my past life",past_lives_karma,wh,26.6,1,1,1,1,0,6,""
6223,discovered,"what was i in my past life quiz by date of birth",past_lives_karma,wh,26.6,1,1,1,1,0,7,""
6224,discovered,"what is a soul contract in spirituality",past_lives_karma,wh,26.6,1,1,1,1,0,5,""
6225,discovered,"what is a soul contract in a relationship",past_lives_karma,wh,26.6,1,1,1,1,0,6,""
6226,discovered,"what is a soul contract in the bible",past_lives_karma,wh,26.6,1,1,1,1,0,7,""
6227,discovered,"what is a soul contract in cuphead",past_lives_karma,wh,26.6,1,1,1,1,0,8,""
6228,discovered,"what is a soul contract in tarot",tarot,wh,26.6,1,1,1,1,0,9,""
6229,discovered,"do psychics talk to the dead",psychic_abilities,yes_no,26.6,1,1,1,1,0,7,""
6230,discovered,"how to contact a loved one who has passed away",grief_afterlife,how,26.6,1,1,1,1,0,6,""
6231,discovered,"does psychic work on dark",psychic_abilities,yes_no,26.6,1,1,1,1,0,5,""
6232,discovered,"does psychic work on ghost",psychic_abilities,yes_no,26.6,1,1,1,1,0,6,""
6233,discovered,"does psychic work against ghost",psychic_abilities,yes_no,26.6,1,1,1,1,0,7,""
6234,discovered,"does psychic work against dark",psychic_abilities,yes_no,26.6,1,1,1,1,0,8,""
6235,discovered,"does psychic work on dark pokemon",psychic_abilities,yes_no,26.6,1,1,1,1,0,9,""
6236,discovered,"are mediums real in islam",grief_afterlife,yes_no,26.6,1,1,1,1,0,5,""
6237,discovered,"are mediums real or not",grief_afterlife,yes_no,26.6,1,1,1,1,0,6,""
6238,discovered,"are mediums real people",grief_afterlife,yes_no,26.6,1,1,1,1,0,7,""
6239,discovered,"are psychic real or fake",psychic_abilities,yes_no,26.6,1,1,1,1,0,9,""
6240,discovered,"what happens after you die do you go to heaven",grief_afterlife,wh,26.6,1,1,1,1,0,7,""
6241,discovered,"am i being haunted in my dreams",dreams,yes_no,26.6,1,1,1,1,0,5,""
6242,discovered,"i am being haunted dead or alive",grief_afterlife,noun,26.6,1,1,1,1,0,7,""
6243,discovered,"why am i being haunted by my past",grief_afterlife,wh,26.6,1,1,1,1,0,9,""
6244,discovered,"what is a spirit guide in wednesday",psychic_abilities,wh,26.6,1,1,1,1,0,5,""
6245,discovered,"what is a spirit guide in meditation",psychic_abilities,wh,26.6,1,1,1,1,0,6,""
6246,discovered,"what is a spirit guide in spanish",psychic_abilities,wh,26.6,1,1,1,1,0,7,""
6247,discovered,"what is a dragon spirit guide",psychic_abilities,wh,26.6,1,1,1,1,0,9,""
6248,discovered,"is nursing the right job",money_career,yes_no,26.6,1,1,1,1,0,5,""
6249,discovered,"this job is suitable",money_career,noun,26.6,1,1,1,1,0,6,""
6250,discovered,"this job is perfect",money_career,noun,26.6,1,1,1,1,0,7,""
6251,discovered,"is this job a good fit",money_career,yes_no,26.6,1,1,1,1,0,8,""
6252,discovered,"is having a job good for mental health",money_career,yes_no,26.6,1,1,1,1,0,9,""
6253,discovered,"what is my life's purpose quotes",money_career,wh,26.6,1,1,1,1,0,5,""
6254,discovered,"what is a life purpose",money_career,wh,26.6,1,1,1,1,0,7,""
6255,discovered,"how to attract money fast at home",money_career,how,26.6,1,1,1,1,0,5,""
6256,discovered,"how to attract money fast with bay leaf",money_career,how,26.6,1,1,1,1,0,6,""
6257,discovered,"how to attract money fast with water",money_career,how,26.6,1,1,1,1,0,7,""
6258,discovered,"how to attract money faster",money_career,how,26.6,1,1,1,1,0,8,""
6259,discovered,"will i be rich soon",money_career,yes_no,26.6,1,1,1,1,0,9,""
6260,discovered,"should i quit my job if it makes me depressed",money_career,yes_no,26.6,1,1,1,1,0,5,""
6261,discovered,"should i quit my job without another lined up",money_career,yes_no,26.6,1,1,1,1,0,7,""
6262,discovered,"should i quit my job and start a business",money_career,yes_no,26.6,1,1,1,1,0,8,""
6263,discovered,"will i be successful in trading",money_career,yes_no,26.6,1,1,1,1,0,5,""
6264,discovered,"will i be successful one day",money_career,yes_no,26.6,1,1,1,1,0,6,""
6265,discovered,"i will be successful quotes",money_career,noun,26.6,1,1,1,1,0,8,""
6266,discovered,"i will be successful wallpaper",money_career,noun,26.6,1,1,1,1,0,9,""
6267,discovered,"how to find my purpose again",money_career,how,26.6,1,1,1,1,0,6,""
6268,discovered,"how to find my purpose in life as a christian",money_career,how,26.6,1,1,1,1,0,8,""
6269,discovered,"am i on the right path tarot",tarot,yes_no,26.6,1,1,1,1,0,5,""
6270,discovered,"am i on the right path tarot reading",tarot,yes_no,26.6,1,1,1,1,0,8,""
6271,discovered,"what is my destiny card",money_career,wh,26.6,1,1,1,1,0,5,""
6272,discovered,"what is my destiny matrix arcana",money_career,wh,26.6,1,1,1,1,0,6,""
6273,discovered,"what is my destiny in life",money_career,wh,26.6,1,1,1,1,0,7,""
6274,discovered,"what is my destiny number in numerology",angel_numbers,wh,26.6,1,1,1,1,0,8,""
6275,discovered,"when will i get married astrology by date of birth",astrology,wh,26.6,1,1,1,1,0,8,""
6276,discovered,"who will i marry astrology",astrology,wh,26.6,1,1,1,1,0,5,""
6277,discovered,"who will i marry first letter",love_relationships,wh,26.6,1,1,1,1,0,8,""
6278,discovered,"will my relationship last long distance",love_relationships,yes_no,26.6,1,1,1,1,0,6,""
6279,discovered,"will my relationship last through college",love_relationships,yes_no,26.6,1,1,1,1,0,8,""
6280,discovered,"what is a soul purpose",money_career,wh,26.6,1,1,1,1,0,5,""
6281,discovered,"what is your soul purpose",money_career,wh,26.6,1,1,1,1,0,6,""
6282,discovered,"what is your soul purpose in this army",money_career,wh,26.6,1,1,1,1,0,7,""
6283,discovered,"what is my sole purpose",money_career,wh,26.6,1,1,1,1,0,8,""
6284,discovered,"what is the soul purpose of life path 11",angel_numbers,wh,26.6,1,1,1,1,0,9,""
6285,discovered,"does he like me as a friend or more than that",love_relationships,yes_no,26.6,1,1,1,1,0,5,""
6286,discovered,"what is she loves me about",love_relationships,wh,26.6,1,1,1,1,0,9,""
6287,discovered,"do love me baby",love_relationships,yes_no,26.6,1,1,1,1,0,7,""
6288,discovered,"he loves me by",love_relationships,noun,26.6,1,1,1,1,0,8,""
6289,discovered,"does he love me if he calls me everyday",love_relationships,yes_no,26.6,1,1,1,1,0,5,""
6290,discovered,"does he love me i",love_relationships,yes_no,26.6,1,1,1,1,1,6,""
6291,discovered,"he loves me i know",love_relationships,noun,26.6,1,1,1,1,0,9,""
6292,discovered,"he loves me lyzel in e flat jill scott",love_relationships,noun,26.6,1,1,1,1,0,5,""
6293,discovered,"he loves me much",love_relationships,noun,26.6,1,1,1,1,0,5,""
6294,discovered,"what is she loves me not by papa roach about",love_relationships,wh,26.6,1,1,1,1,0,5,""
6295,discovered,"does he love me or lust",love_relationships,yes_no,26.6,1,1,1,1,0,5,""
6296,discovered,"does he love me or hate",love_relationships,yes_no,26.6,1,1,1,1,0,6,""
6297,discovered,"does he love me or am i just convenient",love_relationships,yes_no,26.6,1,1,1,1,0,8,""
6298,discovered,"is he love me or not",love_relationships,yes_no,26.6,1,1,1,1,0,5,""
6299,discovered,"he loves me right finally novel",love_relationships,noun,26.6,1,1,1,1,0,7,""
6300,discovered,"he loves me still",love_relationships,noun,26.6,1,1,1,1,0,7,""
6301,discovered,"does he like me or what",love_relationships,yes_no,26.6,1,1,1,1,0,9,""
6302,discovered,"do you still love me as much",love_relationships,yes_no,26.6,1,1,1,1,0,5,""
6303,discovered,"he still loves me the fighting temptations",love_relationships,noun,26.6,1,1,1,1,0,6,""
6304,discovered,"do you still love me by",love_relationships,yes_no,26.6,1,1,1,1,0,5,""
6305,discovered,"do you still love me ella mai songs",love_relationships,yes_no,26.6,1,1,1,1,0,5,""
6306,discovered,"do you still love me i am dying to know",love_relationships,yes_no,26.6,1,1,1,1,0,5,""
6307,discovered,"do you still love me in swahili",love_relationships,yes_no,26.6,1,1,1,1,0,6,""
6308,discovered,"do you still love me in bengali",love_relationships,yes_no,26.6,1,1,1,1,0,8,""
6309,discovered,"do you still love me in tamil",love_relationships,yes_no,26.6,1,1,1,1,0,9,""
6310,discovered,"does he miss me ace of pentacles",love_relationships,yes_no,26.6,1,1,1,1,0,5,""
6311,discovered,"does he miss me ace of wands",love_relationships,yes_no,26.6,1,1,1,1,0,6,""
6312,discovered,"does he miss me ace of cups",love_relationships,yes_no,26.6,1,1,1,1,0,7,""
6313,discovered,"does he miss me if he watches my stories",love_relationships,yes_no,26.6,1,1,1,1,0,5,""
6314,discovered,"he doesnt miss me in italian",love_relationships,noun,26.6,1,1,1,1,0,7,""
6315,discovered,"does he miss me if i miss him",love_relationships,yes_no,26.6,1,1,1,1,0,8,""
6316,discovered,"do miss me jeans run true to size",love_relationships,yes_no,26.6,1,1,1,1,0,5,""
6317,discovered,"do miss me jeans stretch",love_relationships,yes_no,26.6,1,1,1,1,0,6,""
6318,discovered,"do miss me jeans run big",love_relationships,yes_no,26.6,1,1,1,1,0,7,""
6319,discovered,"do miss me jeans have stretch",love_relationships,yes_no,26.6,1,1,1,1,0,8,""
6320,discovered,"do miss me jeans shrink in the wash",love_relationships,yes_no,26.6,1,1,1,1,0,9,""
6321,discovered,"does he miss me queen of swords",love_relationships,yes_no,26.6,1,1,1,1,0,5,""
6322,discovered,"he will miss me quotes",love_relationships,noun,26.6,1,1,1,1,0,8,""
6323,discovered,"she will miss me quotes",love_relationships,noun,26.6,1,1,1,1,0,9,""
6324,discovered,"does my crush like me back quiz middle school",love_relationships,yes_no,26.6,1,1,1,1,0,7,""
6325,discovered,"does my crush like me buzzfeed",love_relationships,yes_no,26.6,1,1,1,1,0,9,""
6326,discovered,"does my crush like me even though he has a girlfriend",love_relationships,yes_no,26.6,1,1,1,1,0,5,""
6327,discovered,"will my crush ever like",love_relationships,yes_no,26.6,1,1,1,1,0,6,""
6328,discovered,"why does my crush likes to see me eating",love_relationships,wh,26.6,1,1,1,1,0,9,""
6329,discovered,"does my crush like me quiz for kids",love_relationships,yes_no,26.6,1,1,1,1,0,7,""
6330,discovered,"does my crush like me quiz for teens",love_relationships,yes_no,26.6,1,1,1,1,0,9,""
6331,discovered,"does my crush like me quiz gay",love_relationships,yes_no,26.6,1,1,1,1,0,5,""
6332,discovered,"does my crush like me middle school guys",love_relationships,yes_no,26.6,1,1,1,1,0,7,""
6333,discovered,"does my crush like me back for girls",love_relationships,yes_no,26.6,1,1,1,1,0,8,""
6334,discovered,"how can my crush like me back",love_relationships,how,26.6,1,1,1,1,0,7,""
6335,discovered,"does my shy crush like",love_relationships,yes_no,26.6,1,1,1,1,0,7,""
6336,discovered,"does my crush loves",love_relationships,yes_no,26.6,1,1,1,1,0,5,""
6337,discovered,"why does my crush look like",love_relationships,wh,26.6,1,1,1,1,0,6,""
6338,discovered,"does my crush not like me anymore",love_relationships,yes_no,26.6,1,1,1,1,0,7,""
6339,discovered,"does my crush like me back quiz for 12 year olds",love_relationships,yes_no,26.6,1,1,1,1,0,9,""
6340,discovered,"does my crush like me back school",love_relationships,yes_no,26.6,1,1,1,1,0,6,""
6341,discovered,"does my crush like me quiz high school",love_relationships,yes_no,26.6,1,1,1,1,0,7,""
6342,discovered,"does my crush still like",love_relationships,yes_no,26.6,1,1,1,1,0,9,""
6343,discovered,"does my crush like me without talking",love_relationships,yes_no,26.6,1,1,1,1,0,5,""
6344,discovered,"does my crush like me back wlw",love_relationships,yes_no,26.6,1,1,1,1,0,6,""
6345,discovered,"why does my crush like",love_relationships,wh,26.6,1,1,1,1,0,8,""
6346,discovered,"does my work crush like me back",love_relationships,yes_no,26.6,1,1,1,1,0,9,""
6347,discovered,"does my crush like me back quiz for 13 year olds",love_relationships,yes_no,26.6,1,1,1,1,0,5,""
6348,discovered,"does my crush like me back quiz for 15 year olds",love_relationships,yes_no,26.6,1,1,1,1,0,6,""
6349,discovered,"does my crush like me back quiz for 9 year olds",love_relationships,yes_no,26.6,1,1,1,1,0,7,""
6350,discovered,"will he come back after breaking up with",love_relationships,yes_no,26.6,1,1,1,1,0,5,""
6351,discovered,"will he come back after blocking",love_relationships,yes_no,26.6,1,1,1,1,0,7,""
6352,discovered,"will he come back after mercury retrograde",astrology,yes_no,26.6,1,1,1,1,0,8,""
6353,discovered,"campanula does it come back every year",love_relationships,noun,26.6,1,1,1,1,0,5,""
6354,discovered,"rosemary does it come back every year",love_relationships,noun,26.6,1,1,1,1,0,6,""
6355,discovered,"does perennial come back every year",love_relationships,yes_no,26.6,1,1,1,1,0,7,""
6356,discovered,"lantana does it come back every year",love_relationships,noun,26.6,1,1,1,1,0,8,""
6357,discovered,"citronella does it come back every year",love_relationships,noun,26.6,1,1,1,1,0,9,""
6358,discovered,"will he come back if i stop chasing him",love_relationships,yes_no,26.6,1,1,1,1,0,5,""
6359,discovered,"does quentin come back in season 5",love_relationships,yes_no,26.6,1,1,1,1,0,5,""
6360,discovered,"is it cheating before marriage",love_relationships,yes_no,26.6,1,1,1,1,0,5,""
6361,discovered,"is it cheating before exclusive",love_relationships,yes_no,26.6,1,1,1,1,0,6,""
6362,discovered,"is he cheating i'm breaking dishes",love_relationships,yes_no,26.6,1,1,1,1,0,7,""
6363,discovered,"is it bad cheating",love_relationships,yes_no,26.6,1,1,1,1,0,9,""
6364,discovered,"is it considered cheating questions",love_relationships,yes_no,26.6,1,1,1,1,0,5,""
6365,discovered,"is it considered cheating",love_relationships,yes_no,26.6,1,1,1,1,0,6,""
6366,discovered,"is it considered cheating if you are separated",love_relationships,yes_no,26.6,1,1,1,1,0,7,""
6367,discovered,"is it considered cheating if you re not official",love_relationships,yes_no,26.6,1,1,1,1,0,8,""
6368,discovered,"is it considered cheating if your in the talking stage",love_relationships,yes_no,26.6,1,1,1,1,0,9,""
6369,discovered,"is he cheating or depressed",love_relationships,yes_no,26.6,1,1,1,1,0,8,""
6370,discovered,"is it emotional cheating or friendship",love_relationships,yes_no,26.6,1,1,1,1,0,6,""
6371,discovered,"is it emotional cheating if its one sided",love_relationships,yes_no,26.6,1,1,1,1,0,8,""
6372,discovered,"is it cheating for a girl to kiss another girl",love_relationships,yes_no,26.6,1,1,1,1,0,5,""
6373,discovered,"is it cheating for your girlfriend to.kiss another girl",love_relationships,yes_no,26.6,1,1,1,1,0,6,""
6374,discovered,"is it flirting cheating",love_relationships,yes_no,26.6,1,1,1,1,0,7,""
6375,discovered,"is it cheating game questions",love_relationships,yes_no,26.6,1,1,1,1,0,6,""
6376,discovered,"is it cheating gif",love_relationships,yes_no,26.6,1,1,1,1,0,7,""
6377,discovered,"he is cheating gif",love_relationships,noun,26.6,1,1,1,1,0,9,""
6378,discovered,"is it cheating to have a crush on someone else",love_relationships,yes_no,26.6,1,1,1,1,0,5,""
6379,discovered,"is it cheating to have feelings for someone else",love_relationships,yes_no,26.6,1,1,1,1,0,6,""
6380,discovered,"is it cheating to have ai proofread",love_relationships,yes_no,26.6,1,1,1,1,0,7,""
6381,discovered,"he's cheating on his wife with",love_relationships,noun,26.6,1,1,1,1,0,8,""
6382,discovered,"is it cheating if questions",love_relationships,yes_no,26.6,1,1,1,1,0,5,""
6383,discovered,"is it cheating if you are separated",love_relationships,yes_no,26.6,1,1,1,1,0,9,""
6384,discovered,"is it cheating to kiss someone else",love_relationships,yes_no,26.6,1,1,1,1,0,5,""
6385,discovered,"is it cheating to kiss your friends",love_relationships,yes_no,26.6,1,1,1,1,0,7,""
6386,discovered,"is it cheating to kiss another girl",love_relationships,yes_no,26.6,1,1,1,1,0,8,""
6387,discovered,"is it cheating to kiss someone on the cheek",love_relationships,yes_no,26.6,1,1,1,1,0,9,""
6388,discovered,"is it cheating list",love_relationships,yes_no,26.6,1,1,1,1,0,6,""
6389,discovered,"is it cheating looking at other girls",love_relationships,yes_no,26.6,1,1,1,1,0,7,""
6390,discovered,"is it cheating liking",love_relationships,yes_no,26.6,1,1,1,1,0,8,""
6391,discovered,"is he cheating may i don t know",love_relationships,yes_no,26.6,1,1,1,1,0,8,""
6392,discovered,"he's cheating on me meme",love_relationships,noun,26.6,1,1,1,1,0,7,""
6393,discovered,"is he cheating on me meme",love_relationships,yes_no,26.6,1,1,1,1,0,6,""
6394,discovered,"is he cheating or am i paranoid",love_relationships,yes_no,26.6,1,1,1,1,0,8,""
6395,discovered,"is he cheating or am i overthinking",love_relationships,yes_no,26.6,1,1,1,1,0,9,""
6396,discovered,"how is she cheating persona 5",love_relationships,how,26.6,1,1,1,1,0,5,""
6397,discovered,"is it cheating to play minecraft on peaceful",love_relationships,yes_no,26.6,1,1,1,1,0,6,""
6398,discovered,"is it cheating to pause strava",love_relationships,yes_no,26.6,1,1,1,1,0,8,""
6399,discovered,"is it cheating to play dating sims",love_relationships,yes_no,26.6,1,1,1,1,0,9,""
6400,discovered,"is it cheating questions list for couples",love_relationships,yes_no,26.6,1,1,1,1,0,6,""
6401,discovered,"is it cheating questions to ask a girl",love_relationships,yes_no,26.6,1,1,1,1,0,7,""
6402,discovered,"is it cheating questions funny",love_relationships,yes_no,26.6,1,1,1,1,0,8,""
6403,discovered,"is it cheating questions for couples",love_relationships,yes_no,26.6,1,1,1,1,0,9,""
6404,discovered,"is it cheating relationship questions",love_relationships,yes_no,26.6,1,1,1,1,0,5,""
6405,discovered,"is he really cheating",love_relationships,yes_no,26.6,1,1,1,1,0,6,""
6406,discovered,"will he regret cheating on",love_relationships,yes_no,26.6,1,1,1,1,0,7,""
6407,discovered,"does he regret cheating on",love_relationships,yes_no,26.6,1,1,1,1,0,8,""
6408,discovered,"is it really cheating if you're not married",love_relationships,yes_no,26.6,1,1,1,1,0,9,""
6409,discovered,"is he cheating site",love_relationships,yes_no,26.6,1,1,1,1,0,5,""
6410,discovered,"is it cheating scenarios",love_relationships,yes_no,26.6,1,1,1,1,0,7,""
6411,discovered,"is it cheating to add yeast to sourdough",love_relationships,yes_no,26.6,1,1,1,1,0,5,""
6412,discovered,"is it cheating to use a dictionary in wordle",love_relationships,yes_no,26.6,1,1,1,1,0,7,""
6413,discovered,"is it cheating to use ai to help write a book",love_relationships,yes_no,26.6,1,1,1,1,0,8,""
6414,discovered,"is it cheating to use auto candidate mode in sudoku",love_relationships,yes_no,26.6,1,1,1,1,0,9,""
6415,discovered,"is virtual cheating still cheating",love_relationships,yes_no,26.6,1,1,1,1,0,5,""
6416,discovered,"are cheaters likely to cheat again",love_relationships,yes_no,26.6,1,1,1,1,0,7,""
6417,discovered,"she is cheating you",love_relationships,noun,26.6,1,1,1,1,0,6,""
6418,discovered,"is it cheating if you re just talking to someone",love_relationships,yes_no,26.6,1,1,1,1,0,7,""
6419,discovered,"what is she's the one by robbie williams about",love_relationships,wh,26.6,1,1,1,1,0,6,""
6420,discovered,"he is the one that gives power to make wealth",money_career,noun,26.6,1,1,1,1,0,6,""
6421,discovered,"is she the one that got away",love_relationships,yes_no,26.6,1,1,1,1,0,7,""
6422,discovered,"does he know one direction",love_relationships,yes_no,26.6,1,1,1,1,0,9,""
6423,discovered,"is it one sided",love_relationships,yes_no,26.6,1,1,1,1,0,9,""
6424,discovered,"is he one of us",love_relationships,yes_no,26.6,1,1,1,1,0,6,""
6425,discovered,"is he one of us meme",love_relationships,yes_no,26.6,1,1,1,1,0,7,""
6426,discovered,"is the one voice children's choir mormon",family_children,yes_no,26.6,1,1,1,1,0,6,""
6427,discovered,"why is he the first one to view my stories",love_relationships,wh,26.6,1,1,1,1,0,8,""
6428,discovered,"why is she the one you call your mama about",love_relationships,wh,26.6,1,1,1,1,0,5,""
6429,discovered,"why is she the one you re taking home",love_relationships,wh,26.6,1,1,1,1,0,7,""
6430,discovered,"why is he acting distant",love_relationships,wh,26.6,1,1,1,1,0,6,""
6431,discovered,"why is he suddenly being distant",love_relationships,wh,26.6,1,1,1,1,0,6,""
6432,discovered,"why did he become distant all of a sudden",love_relationships,wh,26.6,1,1,1,1,0,7,""
6433,discovered,"why has he been distant lately",love_relationships,wh,26.6,1,1,1,1,0,8,""
6434,discovered,"why did he become distant",love_relationships,wh,26.6,1,1,1,1,0,9,""
6435,discovered,"why did he go distant",love_relationships,wh,26.6,1,1,1,1,0,5,""
6436,discovered,"why does he get distant when we get close",love_relationships,wh,26.6,1,1,1,1,0,6,""
6437,discovered,"why is he getting more distant",love_relationships,wh,26.6,1,1,1,1,0,7,""
6438,discovered,"is he distant or am i clingy",love_relationships,yes_no,26.6,1,1,1,1,0,5,""
6439,discovered,"why is he acting so distant",love_relationships,wh,26.6,1,1,1,1,0,8,""
6440,discovered,"why he seems distant",love_relationships,wh,26.6,1,1,1,1,0,9,""
6441,discovered,"i am a psychic meme",psychic_abilities,noun,26.6,1,1,1,1,0,7,""
6442,discovered,"i have psychic abilities",psychic_abilities,noun,26.6,1,1,1,1,0,9,""
6443,discovered,"could i be psychic",psychic_abilities,yes_no,26.6,1,1,1,1,0,5,""
6444,discovered,"i am medium build",grief_afterlife,noun,26.6,1,1,1,1,0,6,""
6445,discovered,"i am medium bartholomew bear",grief_afterlife,noun,26.6,1,1,1,1,0,7,""
6446,discovered,"i am medium bashful pecan bunny",grief_afterlife,noun,26.6,1,1,1,1,0,9,""
6447,discovered,"why am i vulnerable to psychic damage bg3",psychic_abilities,wh,26.6,1,1,1,1,0,5,""
6448,discovered,"i am english medium",grief_afterlife,noun,26.6,1,1,1,1,0,5,""
6449,discovered,"i am english medium school",grief_afterlife,noun,26.6,1,1,1,1,0,6,""
6450,discovered,"i am english medium educated",grief_afterlife,noun,26.6,1,1,1,1,0,7,""
6451,discovered,"i am medium en español",grief_afterlife,noun,26.6,1,1,1,1,0,8,""
6452,discovered,"am i medium or fair",grief_afterlife,yes_no,26.6,1,1,1,1,0,6,""
6453,discovered,"i am medium height and slim",grief_afterlife,noun,26.6,1,1,1,1,0,6,""
6454,discovered,"i am hindi medium student",grief_afterlife,noun,26.6,1,1,1,1,0,9,""
6455,discovered,"am i medium or large underwear",grief_afterlife,yes_no,26.6,1,1,1,1,0,5,""
6456,discovered,"am i medium or low contrast",grief_afterlife,yes_no,26.6,1,1,1,1,0,6,""
6457,discovered,"am i medium or large pants",grief_afterlife,yes_no,26.6,1,1,1,1,0,7,""
6458,discovered,"am i medium or large gloves",grief_afterlife,yes_no,26.6,1,1,1,1,0,8,""
6459,discovered,"am i medium or large men",grief_afterlife,yes_no,26.6,1,1,1,1,0,9,""
6460,discovered,"i am psychic michael",psychic_abilities,noun,26.6,1,1,1,1,0,5,""
6461,discovered,"i have no psychic powers",psychic_abilities,noun,26.6,1,1,1,1,0,5,""
6462,discovered,"psychic no i am not a human",psychic_abilities,noun,26.6,1,1,1,1,0,8,""
6463,discovered,"i am rebecca psychic",psychic_abilities,noun,26.6,1,1,1,1,0,5,""
6464,discovered,"am a psychic reader",psychic_abilities,noun,26.6,1,1,1,1,0,6,""
6465,discovered,"i am one tarot psychic readings",tarot,noun,26.6,1,1,1,1,0,9,""
6466,discovered,"i am medium size",grief_afterlife,noun,26.6,1,1,1,1,0,5,""
6467,discovered,"am i size medium or large",grief_afterlife,yes_no,26.6,1,1,1,1,0,6,""
6468,discovered,"am i small medium or large",grief_afterlife,yes_no,26.6,1,1,1,1,0,7,""
6469,discovered,"i am.medium size in french",grief_afterlife,noun,26.6,1,1,1,1,0,8,""
6470,discovered,"am i size medium or small",grief_afterlife,yes_no,26.6,1,1,1,1,0,9,""
6471,discovered,"should i teach psychic to lapras",psychic_abilities,yes_no,26.6,1,1,1,1,0,6,""
6472,discovered,"should i teach psychic to haunter",psychic_abilities,yes_no,26.6,1,1,1,1,0,7,""
6473,discovered,"should i teach psychic to snorlax or lapras",psychic_abilities,yes_no,26.6,1,1,1,1,0,8,""
6474,discovered,"i am medium tall",grief_afterlife,noun,26.6,1,1,1,1,0,9,""
6475,discovered,"why am i psychic",psychic_abilities,wh,26.6,1,1,1,1,0,5,""
6476,discovered,"i am psychic will",psychic_abilities,noun,26.6,1,1,1,1,0,6,""
6477,discovered,"why am i so psychic",psychic_abilities,wh,26.6,1,1,1,1,0,7,""
6478,discovered,"am i an empath or a people pleaser",psychic_abilities,yes_no,26.6,1,1,1,1,0,6,""
6479,discovered,"am i an empath or a covert narcissist",psychic_abilities,yes_no,26.6,1,1,1,1,0,7,""
6480,discovered,"am i an empath or a healer",psychic_abilities,yes_no,26.6,1,1,1,1,0,8,""
6481,discovered,"i think i am an empath",psychic_abilities,noun,26.6,1,1,1,1,0,5,""
6482,discovered,"test if i am an empath",psychic_abilities,noun,26.6,1,1,1,1,0,6,""
6483,discovered,"what is an empath and am i one",psychic_abilities,wh,26.6,1,1,1,1,0,7,""
6484,discovered,"i believe i am an empath",psychic_abilities,noun,26.6,1,1,1,1,0,8,""
6485,discovered,"what if i am an empath",psychic_abilities,wh,26.6,1,1,1,1,0,9,""
6486,discovered,"meaning of i am an empath",psychic_abilities,meaning,26.6,1,1,1,1,0,8,""
6487,discovered,"how to open a third eye chakra",psychic_abilities,how,26.6,1,1,1,1,0,5,""
6488,discovered,"how to open your third eye with amethyst",psychic_abilities,how,26.6,1,1,1,1,0,6,""
6489,discovered,"how to open the third eye sadhguru answers",psychic_abilities,how,26.6,1,1,1,1,0,7,""
6490,discovered,"how to open and close third eye",psychic_abilities,how,26.6,1,1,1,1,0,8,""
6491,discovered,"how to meditate and open third eye",psychic_abilities,how,26.6,1,1,1,1,0,9,""
6492,discovered,"how to open blocked third eye",psychic_abilities,how,26.6,1,1,1,1,0,7,""
6493,discovered,"open third eye benefits",psychic_abilities,noun,26.6,1,1,1,1,0,8,""
6494,discovered,"how to open third eye chakra in tamil",psychic_abilities,how,26.6,1,1,1,1,0,6,""
6495,discovered,"how to open third eye completely",psychic_abilities,how,26.6,1,1,1,1,0,8,""
6496,discovered,"how to activate third eye chakra",psychic_abilities,how,26.6,1,1,1,1,0,9,""
6497,discovered,"wayne dyer how to open your third eye",psychic_abilities,noun,26.6,1,1,1,1,0,7,""
6498,discovered,"how does it feel to open your third eye",psychic_abilities,how,26.6,1,1,1,1,0,8,""
6499,discovered,"how do you meditate to open your third eye",psychic_abilities,how,26.6,1,1,1,1,0,9,""
6500,discovered,"how to open your third eye chakra for spiritual awakening",psychic_abilities,how,26.6,1,1,1,1,0,5,""
6501,discovered,"open third eye guided meditation",psychic_abilities,noun,26.6,1,1,1,1,0,5,""
6502,discovered,"open third eye gif",psychic_abilities,noun,26.6,1,1,1,1,0,6,""
6503,discovered,"how to get third eye open",psychic_abilities,how,26.6,1,1,1,1,0,8,""
6504,discovered,"how to get third eye open achievement in geometry dash",psychic_abilities,how,26.6,1,1,1,1,0,9,""
6505,discovered,"how to activate third eye in human",psychic_abilities,how,26.6,1,1,1,1,0,5,""
6506,discovered,"how to activate third eye in hindi",psychic_abilities,how,26.6,1,1,1,1,0,6,""
6507,discovered,"open third eye hz",psychic_abilities,noun,26.6,1,1,1,1,0,7,""
6508,discovered,"how to help open your third eye",psychic_abilities,how,26.6,1,1,1,1,0,8,""
6509,discovered,"how to open third eye instantly",psychic_abilities,how,26.6,1,1,1,1,0,7,""
6510,discovered,"how to know my third eye is open",psychic_abilities,how,26.6,1,1,1,1,0,5,""
6511,discovered,"how to know if you open your third eye",psychic_abilities,how,26.6,1,1,1,1,0,6,""
6512,discovered,"how to know if third eye chakra is open",psychic_abilities,how,26.6,1,1,1,1,0,7,""
6513,discovered,"how to open third eye in 2 minutes",psychic_abilities,how,26.6,1,1,1,1,0,7,""
6514,discovered,"how to open my third eye chakra",psychic_abilities,how,26.6,1,1,1,1,0,9,""
6515,discovered,"books on how to open third eye",psychic_abilities,noun,26.6,1,1,1,1,0,5,""
6516,discovered,"how to activate your third eye",psychic_abilities,how,26.6,1,1,1,1,0,6,""
6517,discovered,"how to unlock your third eye",psychic_abilities,how,26.6,1,1,1,1,0,7,""
6518,discovered,"books on how to open your third eye",psychic_abilities,noun,26.6,1,1,1,1,0,8,""
6519,discovered,"how.to unlock third eye peak",psychic_abilities,how,26.6,1,1,1,1,0,5,""
6520,discovered,"open third eye pineal gland activation",psychic_abilities,noun,26.6,1,1,1,1,0,7,""
6521,discovered,"how to properly meditate to open third eye",psychic_abilities,how,26.6,1,1,1,1,0,8,""
6522,discovered,"open third eye ritual",psychic_abilities,noun,26.6,1,1,1,1,0,5,""
6523,discovered,"how to re open your third eye",psychic_abilities,how,26.6,1,1,1,1,0,6,""
6524,discovered,"how to open third eye in three minutes",psychic_abilities,how,26.6,1,1,1,1,0,7,""
6525,discovered,"how to open the third eye",psychic_abilities,how,26.6,1,1,1,1,0,9,""
6526,discovered,"how to know if u open your third eye",psychic_abilities,how,26.6,1,1,1,1,0,6,""
6527,discovered,"how to use florida water to open your third eye",psychic_abilities,how,26.6,1,1,1,1,0,7,""
6528,discovered,"how to open third eye with meditation",psychic_abilities,how,26.6,1,1,1,1,0,5,""
6529,discovered,"how to open third eye witchcraft",psychic_abilities,how,26.6,1,1,1,1,0,6,""
6530,discovered,"how to open third eye with cinnamon",psychic_abilities,how,26.6,1,1,1,1,0,7,""
6531,discovered,"how to open third eye wikihow",psychic_abilities,how,26.6,1,1,1,1,0,8,""
6532,discovered,"how to open third eye with incense",psychic_abilities,how,26.6,1,1,1,1,0,9,""
6533,discovered,"how to open your third eye chakra",psychic_abilities,how,26.6,1,1,1,1,0,5,""
6534,discovered,"how to open your third eye in 3 minutes",psychic_abilities,how,26.6,1,1,1,1,0,7,""
6535,discovered,"how to open your third eye spiritually",psychic_abilities,how,26.6,1,1,1,1,0,8,""
6536,discovered,"how to open your third eye in 1 minute",psychic_abilities,how,26.6,1,1,1,1,0,9,""
6537,discovered,"how to read tarot adams media",tarot,how,26.6,1,1,1,1,0,5,""
6538,discovered,"how to read tarot accurately",tarot,how,26.6,1,1,1,1,0,7,""
6539,discovered,"how to read tarot about someone else",tarot,how,26.6,1,1,1,1,0,8,""
6540,discovered,"how to read tarot by adams media",tarot,how,26.6,1,1,1,1,0,5,""
6541,discovered,"how to read tarot by jessica wiggan",tarot,how,26.6,1,1,1,1,0,6,""
6542,discovered,"how to use tarot balatro",tarot,how,26.6,1,1,1,1,0,7,""
6543,discovered,"how to use tarot binding of isaac",tarot,how,26.6,1,1,1,1,0,8,""
6544,discovered,"how to read different tarot spreads",tarot,how,26.6,1,1,1,1,0,5,""
6545,discovered,"how to read daemon tarot cards",tarot,how,26.6,1,1,1,1,0,6,""
6546,discovered,"how to use tarot deck",tarot,how,26.6,1,1,1,1,0,7,""
6547,discovered,"how to use tarot dice",tarot,how,26.6,1,1,1,1,0,8,""
6548,discovered,"how to read tarot cards easy",tarot,how,26.6,1,1,1,1,0,5,""
6549,discovered,"how to read tarot cards effectively",tarot,how,26.6,1,1,1,1,0,6,""
6550,discovered,"how to use everyday tarot cards",tarot,how,26.6,1,1,1,1,0,7,""
6551,discovered,"how to read someone else's tarot cards",tarot,how,26.6,1,1,1,1,0,9,""
6552,discovered,"how to read tarot from playing cards",tarot,how,26.6,1,1,1,1,0,5,""
6553,discovered,"how to read tarot for love",tarot,how,26.6,1,1,1,1,0,8,""
6554,discovered,"how to read from tarot cards",tarot,how,26.6,1,1,1,1,0,9,""
6555,discovered,"how to read tarot a practical guide by adams media",tarot,how,26.6,1,1,1,1,0,8,""
6556,discovered,"how to read morgan greer tarot cards",tarot,how,26.6,1,1,1,1,0,9,""
6557,discovered,"how to read tarot cards with horoscope",tarot,how,26.6,1,1,1,1,0,5,""
6558,discovered,"how to use tarot cards huntshowdown",tarot,how,26.6,1,1,1,1,0,6,""
6559,discovered,"how to learn how to read tarot cards",tarot,how,26.6,1,1,1,1,0,7,""
6560,discovered,"how to learn how to read tarot",tarot,how,26.6,1,1,1,1,0,8,""
6561,discovered,"how hard is it to read tarot cards",tarot,how,26.6,1,1,1,1,0,9,""
6562,discovered,"how to use tarot in dnd",tarot,how,26.6,1,1,1,1,0,5,""
6563,discovered,"how to use tarot isaac",tarot,how,26.6,1,1,1,1,0,6,""
6564,discovered,"how to use tarot in binding of isaac",tarot,how,26.6,1,1,1,1,0,7,""
6565,discovered,"how to read tarot a modern guide jessica wiggan",tarot,how,26.6,1,1,1,1,0,5,""
6566,discovered,"how to use tarot cards as jacob and esau",tarot,how,26.6,1,1,1,1,0,6,""
6567,discovered,"how to use tarot cards to journal",tarot,how,26.6,1,1,1,1,0,7,""
6568,discovered,"how to read the tarot a key to the wisdom of the ages",tarot,how,26.6,1,1,1,1,0,6,""
6569,discovered,"how to know if you can read tarot",tarot,how,26.6,1,1,1,1,0,7,""
6570,discovered,"how do people know how to read tarot cards",tarot,how,26.6,1,1,1,1,0,8,""
6571,discovered,"how to read lenormand tarot",tarot,how,26.6,1,1,1,1,0,5,""
6572,discovered,"how to use tarot liquid and bait",tarot,how,26.6,1,1,1,1,0,7,""
6573,discovered,"how to use labyrinth tarot cards",tarot,how,26.6,1,1,1,1,0,8,""
6574,discovered,"how to use learning tarot cards",tarot,how,26.6,1,1,1,1,0,9,""
6575,discovered,"how to read my tarot cards",tarot,how,26.6,1,1,1,1,0,5,""
6576,discovered,"how to read my tarot",tarot,how,26.6,1,1,1,1,0,6,""
6577,discovered,"how to read minchiate tarot cards",tarot,how,26.6,1,1,1,1,0,8,""
6578,discovered,"how to read mexican tarot cards",tarot,how,26.6,1,1,1,1,0,9,""
6579,discovered,"how to use new tarot cards",tarot,how,26.6,1,1,1,1,0,5,""
6580,discovered,"how to use new tarot deck",tarot,how,26.6,1,1,1,1,0,6,""
6581,discovered,"how to read yes no tarot",tarot,how,26.6,1,1,1,1,0,7,""
6582,discovered,"how to read tarot with a normal deck of cards",tarot,how,26.6,1,1,1,1,0,8,""
6583,discovered,"how to read others tarot cards",tarot,how,26.6,1,1,1,1,0,5,""
6584,discovered,"how to read one tarot card",tarot,how,26.6,1,1,1,1,0,6,""
6585,discovered,"how to read others tarot",tarot,how,26.6,1,1,1,1,0,7,""
6586,discovered,"how to read tarot cards only major arcana",tarot,how,26.6,1,1,1,1,0,8,""
6587,discovered,"how to read pot tarot cards",tarot,how,26.6,1,1,1,1,0,6,""
6588,discovered,"how to read people's tarot cards",tarot,how,26.6,1,1,1,1,0,7,""
6589,discovered,"how to read pages tarot",tarot,how,26.6,1,1,1,1,0,8,""
6590,discovered,"how to read tarot suits",tarot,how,26.6,1,1,1,1,0,5,""
6591,discovered,"how to read tarot sims 4",tarot,how,26.6,1,1,1,1,0,6,""
6592,discovered,"how to read someone's tarot",tarot,how,26.6,1,1,1,1,0,7,""
6593,discovered,"how to read spanish tarot cards",tarot,how,26.6,1,1,1,1,0,9,""
6594,discovered,"how to read the tarot",tarot,how,26.6,1,1,1,1,0,5,""
6595,discovered,"how to read thoth tarot",tarot,how,26.6,1,1,1,1,0,6,""
6596,discovered,"how to read the tarot cards for yourself",tarot,how,26.6,1,1,1,1,0,7,""
6597,discovered,"how to read the tarot sylvia abraham",tarot,how,26.6,1,1,1,1,0,8,""
6598,discovered,"how to read two tarot cards together",tarot,how,26.6,1,1,1,1,0,9,""
6599,discovered,"how to read horoscope using tarot",tarot,how,26.6,1,1,1,1,0,5,""
6600,discovered,"how to read and understand tarot",tarot,how,26.6,1,1,1,1,0,6,""
6601,discovered,"how to read the wild unknown tarot cards",tarot,how,26.6,1,1,1,1,0,7,""
6602,discovered,"how to use read tarot cards",tarot,how,26.6,1,1,1,1,0,8,""
6603,discovered,"how to set up and read tarot cards",tarot,how,26.6,1,1,1,1,0,9,""
6604,discovered,"how to read tarot without cards",tarot,how,26.6,1,1,1,1,0,6,""
6605,discovered,"how to read tarot with playing cards for beginners",tarot,how,26.6,1,1,1,1,0,7,""
6606,discovered,"how to read tarot with a deck of cards",tarot,how,26.6,1,1,1,1,0,8,""
6607,discovered,"how to read tarot with astrology",tarot,how,26.6,1,1,1,1,0,9,""
6608,discovered,"how to read your tarot",tarot,how,26.6,1,1,1,1,0,5,""
6609,discovered,"how to read your tarot spread",tarot,how,26.6,1,1,1,1,0,6,""
6610,discovered,"how to read tarot cards youtube",tarot,how,26.6,1,1,1,1,0,7,""
6611,discovered,"how to read tarot cards yourself",tarot,how,26.6,1,1,1,1,0,8,""
6612,discovered,"how to use your tarot cards",tarot,how,26.6,1,1,1,1,0,9,""
6613,discovered,"how to use osho zen tarot cards",tarot,how,26.6,1,1,1,1,0,6,""
6614,discovered,"what does the death card mean in a tarot reading",tarot,wh,26.6,1,1,1,1,0,7,""
6615,discovered,"is tarot a true story",tarot,yes_no,26.6,1,1,1,1,0,6,""
6616,discovered,"is tarot actually.real",tarot,yes_no,26.6,1,1,1,1,0,7,""
6617,discovered,"is tarot card true",tarot,yes_no,26.6,1,1,1,1,0,5,""
6618,discovered,"are tarot cards accurate for love",tarot,yes_no,26.6,1,1,1,1,0,7,""
6619,discovered,"is tarot card real or fake",tarot,yes_no,26.6,1,1,1,1,0,8,""
6620,discovered,"is eva tarot",tarot,yes_no,26.6,1,1,1,1,0,5,""
6621,discovered,"is chatgpt accurate for tarot",tarot,yes_no,26.6,1,1,1,1,0,5,""
6622,discovered,"is general tarot reading",tarot,yes_no,26.6,1,1,1,1,0,6,""
6623,discovered,"how accurate is tarot reading on chat gpt",tarot,how,26.6,1,1,1,1,0,5,""
6624,discovered,"how accurate is tarot",tarot,how,26.6,1,1,1,1,0,6,""
6625,discovered,"how accurate is tarot reading in chatgpt",tarot,how,26.6,1,1,1,1,0,8,""
6626,discovered,"is tarot reading real in hindi",tarot,yes_no,26.6,1,1,1,1,0,5,""
6627,discovered,"is chatgpt accurate in tarot",tarot,yes_no,26.6,1,1,1,1,0,8,""
6628,discovered,"is chatgpt accurate in tarot reading",tarot,yes_no,26.6,1,1,1,1,0,9,""
6629,discovered,"tarot is real or not",tarot,noun,26.6,1,1,1,1,0,5,""
6630,discovered,"is tarot reading real or fake",tarot,yes_no,26.6,1,1,1,1,0,7,""
6631,discovered,"is tarot reading true or false",tarot,yes_no,26.6,1,1,1,1,0,9,""
6632,discovered,"how accurate is tarot reddit philippines",tarot,how,26.6,1,1,1,1,0,5,""
6633,discovered,"is tarot reader",tarot,yes_no,26.6,1,1,1,1,0,6,""
6634,discovered,"are tarot spells",tarot,yes_no,26.6,1,1,1,1,0,5,""
6635,discovered,"is sibyl tarot",tarot,yes_no,26.6,1,1,1,1,0,6,""
6636,discovered,"why is tarot reading so",tarot,wh,26.6,1,1,1,1,0,7,""
6637,discovered,"why is chatgpt tarot so",tarot,wh,26.6,1,1,1,1,0,8,""
6638,discovered,"how come tarot is so",tarot,how,26.6,1,1,1,1,0,9,""
6639,discovered,"is lenormand more accurate than tarot",tarot,yes_no,26.6,1,1,1,1,0,5,""
6640,discovered,"is the tarot cards",tarot,yes_no,26.6,1,1,1,1,0,6,""
6641,discovered,"are tarot readings",tarot,yes_no,26.6,1,1,1,1,0,5,""
6642,discovered,"why is tarot reading",tarot,wh,26.6,1,1,1,1,0,5,""
6643,discovered,"why is tarot always",tarot,wh,26.6,1,1,1,1,0,6,""
6644,discovered,"why is tarot not",tarot,wh,26.6,1,1,1,1,0,7,""
6645,discovered,"is youtube tarot",tarot,yes_no,26.6,1,1,1,1,0,5,""
6646,discovered,"what is my rising sign as a leo",astrology,wh,26.6,1,1,1,1,0,5,""
6647,discovered,"what is my rising sign as a taurus",astrology,wh,26.6,1,1,1,1,0,6,""
6648,discovered,"what is my rising sign as a sagittarius",astrology,wh,26.6,1,1,1,1,0,7,""
6649,discovered,"what is my rising sign as a cancer",astrology,wh,26.6,1,1,1,1,0,8,""
6650,discovered,"what is the rising sign based on",astrology,wh,26.6,1,1,1,1,0,6,""
6651,discovered,"what is my rising sign called",astrology,wh,26.6,1,1,1,1,0,5,""
6652,discovered,"what is my rising sign cancer",astrology,wh,26.6,1,1,1,1,0,6,""
6653,discovered,"what is my rising sign chart",astrology,wh,26.6,1,1,1,1,0,7,""
6654,discovered,"what is my rising sign costar",astrology,wh,26.6,1,1,1,1,0,8,""
6655,discovered,"what is your rising sign do",astrology,wh,26.6,1,1,1,1,0,5,""
6656,discovered,"what is my rising sign spirit daughter",astrology,wh,26.6,1,1,1,1,0,9,""
6657,discovered,"what is my rising sign for cancer",astrology,wh,26.6,1,1,1,1,0,5,""
6658,discovered,"what is my rising sign for taurus",astrology,wh,26.6,1,1,1,1,0,6,""
6659,discovered,"what is my rising sign for libra",astrology,wh,26.6,1,1,1,1,0,7,""
6660,discovered,"what is my rising sign for gemini",astrology,wh,26.6,1,1,1,1,0,8,""
6661,discovered,"what is my rising sign for capricorn",astrology,wh,26.6,1,1,1,1,0,9,""
6662,discovered,"my rising sign is gemini what does that",astrology,signs,26.6,1,1,1,1,0,5,""
6663,discovered,"what is my descendant sign if my rising sign is gemini",astrology,wh,26.6,1,1,1,1,0,6,""
6664,discovered,"what does it mean if my rising sign is gemini",astrology,wh,26.6,1,1,1,1,0,7,""
6665,discovered,"what is rising sign house",astrology,wh,26.6,1,1,1,1,0,6,""
6666,discovered,"what is my rising sign if im a capricorn",astrology,wh,26.6,1,1,1,1,0,5,""
6667,discovered,"what is my rising sign if im a gemini",astrology,wh,26.6,1,1,1,1,0,6,""
6668,discovered,"what is my rising sign july 19",astrology,wh,26.6,1,1,1,1,0,5,""
6669,discovered,"what is the rising sign for january",astrology,wh,26.6,1,1,1,1,0,6,""
6670,discovered,"what is the rising sign for july 31",astrology,wh,26.6,1,1,1,1,0,7,""
6671,discovered,"what is the rising sign for july 22",astrology,wh,26.6,1,1,1,1,0,8,""
6672,discovered,"my rising sign keeps changing",astrology,signs,26.6,1,1,1,1,0,5,""
6673,discovered,"what is the rising sign of august leo",astrology,wh,26.6,1,1,1,1,0,5,""
6674,discovered,"what is the ascendant sign of libra",astrology,wh,26.6,1,1,1,1,0,6,""
6675,discovered,"what does the rising sign look like in astrology",astrology,wh,26.6,1,1,1,1,0,8,""
6676,discovered,"what is your rising sign mercury",astrology,wh,26.6,1,1,1,1,0,6,""
6677,discovered,"what is the rising sign mercury",astrology,wh,26.6,1,1,1,1,0,8,""
6678,discovered,"what is my rising sign and ruling chakra",astrology,wh,26.6,1,1,1,1,0,8,""
6679,discovered,"what is my rising sign and house",astrology,wh,26.6,1,1,1,1,0,9,""
6680,discovered,"what is the rising sign on a birth chart",astrology,wh,26.6,1,1,1,1,0,5,""
6681,discovered,"what is the rising sign of aquarius",astrology,wh,26.6,1,1,1,1,0,6,""
6682,discovered,"what is the rising sign of sagittarius",astrology,wh,26.6,1,1,1,1,0,7,""
6683,discovered,"what is the rising sign of cancer",astrology,wh,26.6,1,1,1,1,0,8,""
6684,discovered,"what is the rising sign of scorpio",astrology,wh,26.6,1,1,1,1,0,9,""
6685,discovered,"what is my progressed rising",astrology,wh,26.6,1,1,1,1,0,5,""
6686,discovered,"what planet is my rising sign ruled by",astrology,wh,26.6,1,1,1,1,0,7,""
6687,discovered,"what does the rising sign represent in astrology",astrology,wh,26.6,1,1,1,1,0,5,""
6688,discovered,"what does your rising sign represent in astrology",astrology,wh,26.6,1,1,1,1,0,6,""
6689,discovered,"what does my ascendant sign represent",astrology,wh,26.6,1,1,1,1,0,7,""
6690,discovered,"what is my ascendant star",astrology,wh,26.6,1,1,1,1,0,6,""
6691,discovered,"what is the rising sign for taurus",astrology,wh,26.6,1,1,1,1,0,6,""
6692,discovered,"what is my rising sign vs sun",astrology,wh,26.6,1,1,1,1,0,6,""
6693,discovered,"what is the rising sign for virgo",astrology,wh,26.6,1,1,1,1,0,7,""
6694,discovered,"what is my rising sign if i was born in february",astrology,wh,26.6,1,1,1,1,0,5,""
6695,discovered,"what is my rising sign if i was born in july",astrology,wh,26.6,1,1,1,1,0,6,""
6696,discovered,"what is my rising sign if i was born in january",astrology,wh,26.6,1,1,1,1,0,7,""
6697,discovered,"what is my rising sign if i was born in october",astrology,wh,26.6,1,1,1,1,0,8,""
6698,discovered,"what is my rising sign if i was born in november",astrology,wh,26.6,1,1,1,1,0,9,""
6699,discovered,"what is your rising sign if you are a cancer",astrology,wh,26.6,1,1,1,1,0,5,""
6700,discovered,"what is your rising sign if you are a taurus",astrology,wh,26.6,1,1,1,1,0,6,""
6701,discovered,"if you're a scorpio what's your rising",astrology,noun,26.6,1,1,1,1,0,7,""
6702,discovered,"what is your rising sign if you are a gemini",astrology,wh,26.6,1,1,1,1,0,8,""
6703,discovered,"what is your rising sign if you are a libra",astrology,wh,26.6,1,1,1,1,0,9,""
6704,discovered,"what is your ascendant zodiac",astrology,wh,26.6,1,1,1,1,0,5,""
6705,discovered,"what is the ascendant zodiac",astrology,wh,26.6,1,1,1,1,0,6,""
6706,discovered,"what is my rising and moon zodiac",astrology,wh,26.6,1,1,1,1,0,7,""
6707,discovered,"what is my sun moon rising zodiac",astrology,wh,26.6,1,1,1,1,0,8,""
6708,discovered,"what is my rising and falling zodiac",astrology,wh,26.6,1,1,1,1,0,9,""
6709,discovered,"read my birth chart ai",astrology,noun,26.6,1,1,1,1,0,5,""
6710,discovered,"read my astrology chart ai",astrology,noun,26.6,1,1,1,1,0,8,""
6711,discovered,"my birth chart and how to read",astrology,noun,26.6,1,1,1,1,0,9,""
6712,discovered,"read my birth chart chatgpt",astrology,noun,26.6,1,1,1,1,0,5,""
6713,discovered,"how do i read my birth chart numerology",angel_numbers,how,26.6,1,1,1,1,0,5,""
6714,discovered,"how to read your full birth chart",astrology,how,26.6,1,1,1,1,0,8,""
6715,discovered,"how to read love in your birth chart",astrology,how,26.6,1,1,1,1,0,6,""
6716,discovered,"how to read your chart in astrology",astrology,how,26.6,1,1,1,1,0,9,""
6717,discovered,"books on how to read your birth chart",astrology,noun,26.6,1,1,1,1,0,5,""
6718,discovered,"how to read your own natal chart",astrology,how,26.6,1,1,1,1,0,6,""
6719,discovered,"how to read a birth chart",astrology,how,26.6,1,1,1,1,0,6,""
6720,discovered,"what is mercury retrograde aquarius",astrology,wh,26.6,1,1,1,1,0,5,""
6721,discovered,"what does mercury in retrograde mean astronomy",astrology,wh,26.6,1,1,1,1,0,6,""
6722,discovered,"what does mercury retrograde mean for a virgo",astrology,wh,26.6,1,1,1,1,0,7,""
6723,discovered,"what does mercury retrograde mean for a leo",astrology,wh,26.6,1,1,1,1,0,8,""
6724,discovered,"what does mercury retrograde mean for a capricorn",astrology,wh,26.6,1,1,1,1,0,9,""
6725,discovered,"what does mercury being in retrograde mean for pisces",astrology,wh,26.6,1,1,1,1,0,5,""
6726,discovered,"what does mercury being in retrograde mean in astrology",astrology,wh,26.6,1,1,1,1,0,7,""
6727,discovered,"what does mercury being in retrograde mean for virgos",astrology,wh,26.6,1,1,1,1,0,8,""
6728,discovered,"what does mercury being in retrograde mean for scorpios",astrology,wh,26.6,1,1,1,1,0,9,""
6729,discovered,"what is mercury retrograde in cancer",astrology,wh,26.6,1,1,1,1,0,6,""
6730,discovered,"what does current mercury retrograde",astrology,wh,26.6,1,1,1,1,0,7,""
6731,discovered,"what does the current mercury retrograde mean for sagittarius",astrology,wh,26.6,1,1,1,1,0,8,""
6732,discovered,"what does it mean if born during mercury retrograde",astrology,wh,26.6,1,1,1,1,0,8,""
6733,discovered,"what exactly does mercury retrograde",astrology,wh,26.6,1,1,1,1,0,5,""
6734,discovered,"what does mercury entering retrograde",astrology,wh,26.6,1,1,1,1,0,6,""
6735,discovered,"what does the expression mercury in retrograde",astrology,wh,26.6,1,1,1,1,0,7,""
6736,discovered,"what does mercury retrograde mean for pisces",astrology,wh,26.6,1,1,1,1,0,5,""
6737,discovered,"what does mercury going into retrograde",astrology,wh,26.6,1,1,1,1,0,5,""
6738,discovered,"what does the current mercury in retrograde mean for gemini right",astrology,wh,26.6,1,1,1,1,0,7,""
6739,discovered,"what the hell does mercury in retrograde",astrology,wh,26.6,1,1,1,1,0,5,""
6740,discovered,"what the heck does mercury in retrograde",astrology,wh,26.6,1,1,1,1,0,7,""
6741,discovered,"what does it mean to have mercury retrograde",astrology,wh,26.6,1,1,1,1,0,9,""
6742,discovered,"what does mercury in retrograde mean for libra woman",astrology,wh,26.6,1,1,1,1,0,5,""
6743,discovered,"what does mercury in retrograde mean for leo woman",astrology,wh,26.6,1,1,1,1,0,6,""
6744,discovered,"what is mercury retrograde in leo",astrology,wh,26.6,1,1,1,1,0,7,""
6745,discovered,"what does mercury must be in retrograde",astrology,wh,26.6,1,1,1,1,0,5,""
6746,discovered,"what does it mean now that mercury retrograde is over",astrology,wh,26.6,1,1,1,1,0,6,""
6747,discovered,"what does it mean if mercury is in retrograde on your birthday",astrology,wh,26.6,1,1,1,1,0,7,""
6748,discovered,"what does the phrase mercury in retrograde",astrology,wh,26.6,1,1,1,1,0,6,""
6749,discovered,"what does it mean when people say mercury retrograde",astrology,wh,26.6,1,1,1,1,0,7,""
6750,discovered,"what is mercury retrograde spiritual meaning relationship",astrology,wh,26.6,1,1,1,1,0,5,""
6751,discovered,"what does mercury in retrograde mean for sagittarius right",astrology,wh,26.6,1,1,1,1,0,8,""
6752,discovered,"what does mercury in retrograde mean saying",astrology,wh,26.6,1,1,1,1,0,7,""
6753,discovered,"what does this mercury retrograde",astrology,wh,26.6,1,1,1,1,0,6,""
6754,discovered,"what does this mercury retrograde mean for sagittarius",astrology,wh,26.6,1,1,1,1,0,7,""
6755,discovered,"what does this mercury retrograde mean for pisces",astrology,wh,26.6,1,1,1,1,0,8,""
6756,discovered,"what does this mercury retrograde mean for gemini",astrology,wh,26.6,1,1,1,1,0,9,""
6757,discovered,"what does mercury in retrograde mean for taurus woman",astrology,wh,26.6,1,1,1,1,0,7,""
6758,discovered,"what does mercury in retrograde mean for aquarius woman",astrology,wh,26.6,1,1,1,1,0,8,""
6759,discovered,"zodiac compatibility aries and pisces",astrology,noun,26.6,1,1,1,1,0,5,""
6760,discovered,"zodiac compatibility aries and gemini",astrology,noun,26.6,1,1,1,1,0,6,""
6761,discovered,"zodiac compatibility aries and capricorn",astrology,noun,26.6,1,1,1,1,0,7,""
6762,discovered,"zodiac compatibility aquarius and pisces",astrology,noun,26.6,1,1,1,1,0,8,""
6763,discovered,"zodiac compatibility aries and libra",astrology,noun,26.6,1,1,1,1,0,9,""
6764,discovered,"zodiac compatibility based on birthday",astrology,noun,26.6,1,1,1,1,0,5,""
6765,discovered,"zodiac compatibility based on birth chart",astrology,noun,26.6,1,1,1,1,0,6,""
6766,discovered,"zodiac compatibility calculator by date of birth",astrology,noun,26.6,1,1,1,1,0,6,""
6767,discovered,"zodiac compatibility chart friendship",astrology,noun,26.6,1,1,1,1,0,7,""
6768,discovered,"zodiac compatibility cancer",astrology,noun,26.6,1,1,1,1,0,8,""
6769,discovered,"zodiac compatibility chinese",astrology,noun,26.6,1,1,1,1,0,9,""
6770,discovered,"zodiac compatibility dob",astrology,noun,26.6,1,1,1,1,0,5,""
6771,discovered,"zodiac compatibility dating",astrology,noun,26.6,1,1,1,1,0,6,""
6772,discovered,"zodiac compatibility detailed",astrology,noun,26.6,1,1,1,1,0,7,""
6773,discovered,"zodiac compatibility diagram",astrology,noun,26.6,1,1,1,1,0,8,""
6774,discovered,"zodiac decan compatibility",astrology,noun,26.6,1,1,1,1,0,9,""
6775,discovered,"horoscope compatibility elle",astrology,noun,26.6,1,1,1,1,0,5,""
6776,discovered,"chinese zodiac compatibility elements",astrology,noun,26.6,1,1,1,1,0,6,""
6777,discovered,"zodiac signs compatibility elements",astrology,signs,26.6,1,1,1,1,0,7,""
6778,discovered,"zodiac compatibility with each other",astrology,noun,26.6,1,1,1,1,0,9,""
6779,discovered,"zodiac compatibility for pisces",astrology,noun,26.6,1,1,1,1,0,5,""
6780,discovered,"zodiac compatibility for virgo",astrology,noun,26.6,1,1,1,1,0,6,""
6781,discovered,"zodiac compatibility for aquarius",astrology,noun,26.6,1,1,1,1,0,7,""
6782,discovered,"zodiac compatibility for libra",astrology,noun,26.6,1,1,1,1,0,8,""
6783,discovered,"zodiac compatibility family",astrology,noun,26.6,1,1,1,1,0,9,""
6784,discovered,"zodiac compatibility gemini and leo",astrology,noun,26.6,1,1,1,1,0,5,""
6785,discovered,"zodiac compatibility gemini and taurus",astrology,noun,26.6,1,1,1,1,0,6,""
6786,discovered,"zodiac compatibility gemini and capricorn",astrology,noun,26.6,1,1,1,1,0,7,""
6787,discovered,"zodiac compatibility ganeshaspeaks",astrology,noun,26.6,1,1,1,1,0,8,""
6788,discovered,"zodiac compatibility gemini and aries",astrology,noun,26.6,1,1,1,1,0,9,""
6789,discovered,"zodiac horse compatibility",astrology,noun,26.6,1,1,1,1,0,5,""
6790,discovered,"horoscope compatibility hindu",astrology,noun,26.6,1,1,1,1,0,6,""
6791,discovered,"astrology compatibility houses",astrology,noun,26.6,1,1,1,1,0,7,""
6792,discovered,"chinese zodiac compatibility horse",astrology,noun,26.6,1,1,1,1,0,8,""
6793,discovered,"chinese zodiac compatibility horse and dragon",astrology,noun,26.6,1,1,1,1,0,9,""
6794,discovered,"horoscope compatibility in love",astrology,noun,26.6,1,1,1,1,0,5,""
6795,discovered,"which zodiac compatibility is the best",astrology,wh,26.6,1,1,1,1,0,6,""
6796,discovered,"zodiac sign compatibility in friendship",astrology,signs,26.6,1,1,1,1,0,7,""
6797,discovered,"june zodiac compatibility",astrology,noun,26.6,1,1,1,1,0,5,""
6798,discovered,"zodiac work compatibility",astrology,noun,26.6,1,1,1,1,0,7,""
6799,discovered,"khmer zodiac compatibility",astrology,noun,26.6,1,1,1,1,0,6,""
6800,discovered,"zodiac compatibility to find love & keep",astrology,noun,26.6,1,1,1,1,0,7,""
6801,discovered,"chinese zodiac compatibility for kids",astrology,noun,26.6,1,1,1,1,0,8,""
6802,discovered,"korean zodiac compatibility chart",astrology,noun,26.6,1,1,1,1,0,9,""
6803,discovered,"zodiac compatibility leo and scorpio",astrology,noun,26.6,1,1,1,1,0,5,""
6804,discovered,"zodiac compatibility leo and aquarius",astrology,noun,26.6,1,1,1,1,0,6,""
6805,discovered,"zodiac compatibility leo and pisces",astrology,noun,26.6,1,1,1,1,0,7,""
6806,discovered,"zodiac compatibility libra and scorpio",astrology,noun,26.6,1,1,1,1,0,8,""
6807,discovered,"zodiac compatibility leo and cancer",astrology,noun,26.6,1,1,1,1,0,9,""
6808,discovered,"zodiac compatibility man and woman",astrology,noun,26.6,1,1,1,1,0,5,""
6809,discovered,"zodiac compatibility meter",astrology,noun,26.6,1,1,1,1,0,6,""
6810,discovered,"zodiac compatibility male female",astrology,noun,26.6,1,1,1,1,0,7,""
6811,discovered,"zodiac compatibility moon",astrology,noun,26.6,1,1,1,1,0,8,""
6812,discovered,"zodiac compatibility monkey",astrology,noun,26.6,1,1,1,1,0,9,""
6813,discovered,"astrology compatibility no birth time",astrology,noun,26.6,1,1,1,1,0,5,""
6814,discovered,"astrology compatibility number",astrology,noun,26.6,1,1,1,1,0,6,""
6815,discovered,"horoscope compatibility natal chart",astrology,noun,26.6,1,1,1,1,0,7,""
6816,discovered,"astrology compatibility name",astrology,noun,26.6,1,1,1,1,0,8,""
6817,discovered,"astrology compatibility natal",astrology,noun,26.6,1,1,1,1,0,9,""
6818,discovered,"zodiac compatibility of taurus",astrology,noun,26.6,1,1,1,1,0,5,""
6819,discovered,"zodiac compatibility of cancer",astrology,noun,26.6,1,1,1,1,0,6,""
6820,discovered,"zodiac compatibility of leo",astrology,noun,26.6,1,1,1,1,0,7,""
6821,discovered,"zodiac compatibility ox",astrology,noun,26.6,1,1,1,1,0,8,""
6822,discovered,"zodiac compatibility pisces and scorpio",astrology,noun,26.6,1,1,1,1,0,6,""
6823,discovered,"zodiac compatibility pisces and gemini",astrology,noun,26.6,1,1,1,1,0,7,""
6824,discovered,"zodiac compatibility pisces and aquarius",astrology,noun,26.6,1,1,1,1,0,8,""
6825,discovered,"zodiac compatibility pisces and taurus",astrology,noun,26.6,1,1,1,1,0,9,""
6826,discovered,"olivia rodrigo zodiac compatibility",astrology,noun,26.6,1,1,1,1,0,6,""
6827,discovered,"queer zodiac compatibility",astrology,noun,26.6,1,1,1,1,0,7,""
6828,discovered,"zodiac compatibility romance",astrology,noun,26.6,1,1,1,1,0,5,""
6829,discovered,"zodiac compatibility ranking",astrology,noun,26.6,1,1,1,1,0,6,""
6830,discovered,"zodiac compatibility rat",astrology,noun,26.6,1,1,1,1,0,7,""
6831,discovered,"zodiac compatibility rising and moon",astrology,noun,26.6,1,1,1,1,0,8,""
6832,discovered,"zodiac compatibility rabbit",astrology,noun,26.6,1,1,1,1,0,9,""
6833,discovered,"zodiac compatibility score",astrology,noun,26.6,1,1,1,1,0,5,""
6834,discovered,"zodiac compatibility scorpio and cancer",astrology,noun,26.6,1,1,1,1,0,6,""
6835,discovered,"zodiac compatibility sagittarius and cancer",astrology,noun,26.6,1,1,1,1,0,7,""
6836,discovered,"zodiac compatibility sagittarius and leo",astrology,noun,26.6,1,1,1,1,0,8,""
6837,discovered,"zodiac compatibility sagittarius and taurus",astrology,noun,26.6,1,1,1,1,0,9,""
6838,discovered,"zodiac compatibility taurus and cancer",astrology,noun,26.6,1,1,1,1,0,5,""
6839,discovered,"zodiac compatibility test by date of birth",astrology,noun,26.6,1,1,1,1,0,6,""
6840,discovered,"zodiac compatibility taurus and aquarius",astrology,noun,26.6,1,1,1,1,0,8,""
6841,discovered,"zodiac compatibility table",astrology,noun,26.6,1,1,1,1,0,9,""
6842,discovered,"zodiac compatibility virgo and capricorn",astrology,noun,26.6,1,1,1,1,0,5,""
6843,discovered,"zodiac compatibility virgo and libra",astrology,noun,26.6,1,1,1,1,0,6,""
6844,discovered,"zodiac compatibility virgo and pisces",astrology,noun,26.6,1,1,1,1,0,7,""
6845,discovered,"zodiac compatibility virgo and taurus",astrology,noun,26.6,1,1,1,1,0,8,""
6846,discovered,"zodiac compatibility virgo and aries",astrology,noun,26.6,1,1,1,1,0,9,""
6847,discovered,"zodiac compatibility with gemini",astrology,noun,26.6,1,1,1,1,0,5,""
6848,discovered,"zodiac compatibility with aries",astrology,noun,26.6,1,1,1,1,0,6,""
6849,discovered,"zodiac compatibility with pisces",astrology,noun,26.6,1,1,1,1,0,7,""
6850,discovered,"zodiac compatibility with scorpio",astrology,noun,26.6,1,1,1,1,0,8,""
6851,discovered,"zodiac compatibility with aquarius",astrology,noun,26.6,1,1,1,1,0,9,""
6852,discovered,"zodiac sign year compatibility",astrology,signs,26.6,1,1,1,1,0,5,""
6853,discovered,"2026 zodiac year compatibility",astrology,noun,26.6,1,1,1,1,0,6,""
6854,discovered,"your zodiac compatibility",astrology,noun,26.6,1,1,1,1,0,7,""
6855,discovered,"what does 1111 mean in biblical numerology",angel_numbers,wh,26.6,1,1,1,1,0,5,""
6856,discovered,"what is 11 11 bengali meaning in love",love_relationships,wh,26.6,1,1,1,1,0,9,""
6857,discovered,"what does 11 11 mean for angel numbers",angel_numbers,wh,26.6,1,1,1,1,0,5,""
6858,discovered,"what does 1111 mean for manifestation",angel_numbers,wh,26.6,1,1,1,1,0,8,""
6859,discovered,"what does 1111 mean for money",angel_numbers,wh,26.6,1,1,1,1,0,9,""
6860,discovered,"what does 11 11 mean in love gujarati",love_relationships,wh,26.6,1,1,1,1,0,5,""
6861,discovered,"what does 1111 mean in hebrew",angel_numbers,wh,26.6,1,1,1,1,0,6,""
6862,discovered,"what does 1111 mean in relationships",angel_numbers,wh,26.6,1,1,1,1,0,8,""
6863,discovered,"what does 1111 mean in text",angel_numbers,wh,26.6,1,1,1,1,0,9,""
6864,discovered,"what does 1111 mean in twin flame journey",twin_flame_soulmate,wh,26.6,1,1,1,1,0,8,""
6865,discovered,"what does job 11 11",money_career,wh,26.6,1,1,1,1,0,9,""
6866,discovered,"what does 11 11 mean in love kannada",love_relationships,wh,26.6,1,1,1,1,0,6,""
6867,discovered,"what is 11 11 meaning in love kannada",love_relationships,wh,26.6,1,1,1,1,0,7,""
6868,discovered,"what does 11 11 mean in love malayalam",love_relationships,wh,26.6,1,1,1,1,0,5,""
6869,discovered,"what does 11 11 mean in love bengali",love_relationships,wh,26.6,1,1,1,1,0,6,""
6870,discovered,"what does 11 11 mean in love in kannada",love_relationships,wh,26.6,1,1,1,1,0,7,""
6871,discovered,"what does 11 11 mean in love in telugu",love_relationships,wh,26.6,1,1,1,1,0,8,""
6872,discovered,"what does 11 11 mean in love in urdu",love_relationships,wh,26.6,1,1,1,1,0,9,""
6873,discovered,"what does 111 mean or 1111",angel_numbers,wh,26.6,1,1,1,1,0,5,""
6874,discovered,"what does 1111 mean in love relationship",angel_numbers,wh,26.6,1,1,1,1,0,6,""
6875,discovered,"what does 1111 mean in the angel numbers",angel_numbers,wh,26.6,1,1,1,1,0,7,""
6876,discovered,"what does it mean when u see 1111 all the time",angel_numbers,wh,26.6,1,1,1,1,0,6,""
6877,discovered,"what does 11 11 mean in love urdu",love_relationships,wh,26.6,1,1,1,1,0,7,""
6878,discovered,"what what does 1111",angel_numbers,wh,26.6,1,1,1,1,0,9,""
6879,discovered,"what does 1111 mean if you see it all the time",angel_numbers,wh,26.6,1,1,1,1,0,9,""
6880,discovered,"what does 222 mean after someone dies",angel_numbers,wh,26.6,1,1,1,1,0,5,""
6881,discovered,"what does 222 mean and 444",angel_numbers,wh,26.6,1,1,1,1,0,6,""
6882,discovered,"what does 222 mean and 333",angel_numbers,wh,26.6,1,1,1,1,0,7,""
6883,discovered,"what does 222 mean astrology",angel_numbers,wh,26.6,1,1,1,1,0,8,""
6884,discovered,"what does 222 backwards",angel_numbers,wh,26.6,1,1,1,1,0,5,""
6885,discovered,"what does seeing 222 mean biblically",angel_numbers,wh,26.6,1,1,1,1,0,6,""
6886,discovered,"what does 222 mean in biblical numerology",angel_numbers,wh,26.6,1,1,1,1,0,7,""
6887,discovered,"what does 222 mean spiritually bible",angel_numbers,wh,26.6,1,1,1,1,0,8,""
6888,discovered,"what does 222 mean in chinese culture",angel_numbers,wh,26.6,1,1,1,1,0,5,""
6889,discovered,"what does 222 mean in chat",angel_numbers,wh,26.6,1,1,1,1,0,6,""
6890,discovered,"what does 222 mean in china",angel_numbers,wh,26.6,1,1,1,1,0,8,""
6891,discovered,"what does 222 mean in dreams",dreams,wh,26.6,1,1,1,1,0,5,""
6892,discovered,"what does 222 mean in dating",angel_numbers,wh,26.6,1,1,1,1,0,6,""
6893,discovered,"what does 222 mean in decision making",angel_numbers,wh,26.6,1,1,1,1,0,7,""
6894,discovered,"what does 222 mean after death",angel_numbers,wh,26.6,1,1,1,1,0,8,""
6895,discovered,"what does co 222 denial",angel_numbers,wh,26.6,1,1,1,1,0,9,""
6896,discovered,"what does seeing 222 everyday",angel_numbers,wh,26.6,1,1,1,1,0,5,""
6897,discovered,"does 222 mean everything happens for a reason",angel_numbers,yes_no,26.6,1,1,1,1,0,6,""
6898,discovered,"what does 222 behind the ear",angel_numbers,wh,26.6,1,1,1,1,0,7,""
6899,discovered,"what does 222 mean in love for ex",angel_numbers,wh,26.6,1,1,1,1,0,8,""
6900,discovered,"what does error 222 mean in roblox",angel_numbers,wh,26.6,1,1,1,1,0,9,""
6901,discovered,"what does 222 mean for angel numbers",angel_numbers,wh,26.6,1,1,1,1,0,5,""
6902,discovered,"what does 222 mean for christians",angel_numbers,wh,26.6,1,1,1,1,0,8,""
6903,discovered,"what does 222 mean financially",angel_numbers,wh,26.6,1,1,1,1,0,9,""
6904,discovered,"what does 222 mean in greek",angel_numbers,wh,26.6,1,1,1,1,0,5,""
6905,discovered,"what does 222 mean spiritually google search",angel_numbers,wh,26.6,1,1,1,1,0,6,""
6906,discovered,"what does 222 mean in grief",angel_numbers,wh,26.6,1,1,1,1,0,7,""
6907,discovered,"what does 222 mean in gaming",angel_numbers,wh,26.6,1,1,1,1,0,8,""
6908,discovered,"what does 222 mean in general",angel_numbers,wh,26.6,1,1,1,1,0,9,""
6909,discovered,"what does 222 mean in heartbreak",angel_numbers,wh,26.6,1,1,1,1,0,5,""
6910,discovered,"what does 222 mean in hebrew gematria",angel_numbers,wh,26.6,1,1,1,1,0,6,""
6911,discovered,"what does 222 mean after a heartbreak",angel_numbers,wh,26.6,1,1,1,1,0,7,""
6912,discovered,"what does 222 mean in the hebrew bible",angel_numbers,wh,26.6,1,1,1,1,0,8,""
6913,discovered,"what does happy 222",angel_numbers,wh,26.6,1,1,1,1,0,9,""
6914,discovered,"what does 222 mean in angel numbers love",angel_numbers,wh,26.6,1,1,1,1,0,6,""
6915,discovered,"what does 222 mean in a tattoo",angel_numbers,wh,26.6,1,1,1,1,0,7,""
6916,discovered,"what does 222 mean in strong's concordance",angel_numbers,wh,26.6,1,1,1,1,0,8,""
6917,discovered,"what does 222 mean in judaism",angel_numbers,wh,26.6,1,1,1,1,0,5,""
6918,discovered,"what does 222 mean in job",angel_numbers,wh,26.6,1,1,1,1,0,6,""
6919,discovered,"what does 222 mean on twin flame journey",twin_flame_soulmate,wh,26.6,1,1,1,1,0,7,""
6920,discovered,"what does jai 222",angel_numbers,wh,26.6,1,1,1,1,0,8,""
6921,discovered,"what does 222 mean in south korea",angel_numbers,wh,26.6,1,1,1,1,0,5,""
6922,discovered,"what does the number 222 mean in korean",angel_numbers,wh,26.6,1,1,1,1,0,7,""
6923,discovered,"what does it mean when 222 keeps popping up",angel_numbers,wh,26.6,1,1,1,1,0,8,""
6924,discovered,"what does it mean to keep seeing 222 and 444",angel_numbers,wh,26.6,1,1,1,1,0,9,""
6925,discovered,"what does 222 mean lil tjay",angel_numbers,wh,26.6,1,1,1,1,0,5,""
6926,discovered,"what does 222 mean in love twin flame",twin_flame_soulmate,wh,26.6,1,1,1,1,0,6,""
6927,discovered,"what does 222 mean in love relationship",angel_numbers,wh,26.6,1,1,1,1,0,7,""
6928,discovered,"what does 222 mean in love single",angel_numbers,wh,26.6,1,1,1,1,0,8,""
6929,discovered,"what does 222 mean in life",angel_numbers,wh,26.6,1,1,1,1,0,9,""
6930,discovered,"what does 222 mean in manifestation",angel_numbers,wh,26.6,1,1,1,1,0,9,""
6931,discovered,"what does 222 mean on swat",angel_numbers,wh,26.6,1,1,1,1,0,6,""
6932,discovered,"what does 222 mean on social media",angel_numbers,wh,26.6,1,1,1,1,0,9,""
6933,discovered,"what does 222 mean when someone passes",angel_numbers,wh,26.6,1,1,1,1,0,5,""
6934,discovered,"what does project 222",angel_numbers,wh,26.6,1,1,1,1,0,6,""
6935,discovered,"does 222 mean patience",angel_numbers,yes_no,26.6,1,1,1,1,0,7,""
6936,discovered,"does 222 mean protection",angel_numbers,yes_no,26.6,1,1,1,1,0,8,""
6937,discovered,"what does player 222",angel_numbers,wh,26.6,1,1,1,1,0,9,""
6938,discovered,"what does 222 mean religiously",angel_numbers,wh,26.6,1,1,1,1,0,5,""
6939,discovered,"what does 222 mean romance",angel_numbers,wh,26.6,1,1,1,1,0,6,""
6940,discovered,"what does 222 really",angel_numbers,wh,26.6,1,1,1,1,0,7,""
6941,discovered,"what does 222 mean in relationship separation",angel_numbers,wh,26.6,1,1,1,1,0,8,""
6942,discovered,"what does 222 mean in romantic relationships",angel_numbers,wh,26.6,1,1,1,1,0,9,""
6943,discovered,"what does 222 mean swat",angel_numbers,wh,26.6,1,1,1,1,0,5,""
6944,discovered,"what does 222 mean slang",angel_numbers,wh,26.6,1,1,1,1,0,6,""
6945,discovered,"what does 222 mean spirit",angel_numbers,wh,26.6,1,1,1,1,0,7,""
6946,discovered,"what does 222 mean symbolically",angel_numbers,wh,26.6,1,1,1,1,0,8,""
6947,discovered,"what does 222 mean spiritual numbers",angel_numbers,wh,26.6,1,1,1,1,0,9,""
6948,discovered,"what does 222 mean twin flame separation",twin_flame_soulmate,wh,26.6,1,1,1,1,0,7,""
6949,discovered,"what does 222 mean time",angel_numbers,wh,26.6,1,1,1,1,0,8,""
6950,discovered,"what does 222 mean with god",angel_numbers,wh,26.6,1,1,1,1,0,6,""
6951,discovered,"what does 222 mean with an ex",angel_numbers,wh,26.6,1,1,1,1,0,7,""
6952,discovered,"what does 222 mean when thinking of an ex",angel_numbers,wh,26.6,1,1,1,1,0,8,""
6953,discovered,"what does 222 mean when manifesting a specific person",angel_numbers,wh,26.6,1,1,1,1,0,9,""
6954,discovered,"angel numbers and meaning 1212",angel_numbers,meaning,26.6,1,1,1,1,0,5,""
6955,discovered,"angel numbers and meaning 1111",angel_numbers,meaning,26.6,1,1,1,1,0,6,""
6956,discovered,"angel numbers and meaning 222",angel_numbers,meaning,26.6,1,1,1,1,0,7,""
6957,discovered,"angel numbers and meaning 10 10",angel_numbers,meaning,26.6,1,1,1,1,0,8,""
6958,discovered,"angel numbers and meanings list",angel_numbers,noun,26.6,1,1,1,1,0,9,""
6959,discovered,"angel numbers that mean bad things",angel_numbers,meaning,26.6,1,1,1,1,0,6,""
6960,discovered,"can angel numbers mean bad things",angel_numbers,yes_no,26.6,1,1,1,1,0,7,""
6961,discovered,"what angel numbers mean balance",angel_numbers,wh,26.6,1,1,1,1,0,8,""
6962,discovered,"angel numbers meaning change",angel_numbers,meaning,26.6,1,1,1,1,0,5,""
6963,discovered,"angel numbers chinese",angel_numbers,noun,26.6,1,1,1,1,0,7,""
6964,discovered,"every angel numbers",angel_numbers,noun,26.6,1,1,1,1,0,5,""
6965,discovered,"angel numbers ending in 11",angel_numbers,noun,26.6,1,1,1,1,0,6,""
6966,discovered,"angel numbers meaning family",angel_numbers,meaning,26.6,1,1,1,1,0,5,""
6967,discovered,"angel numbers meaning for 444",angel_numbers,meaning,26.6,1,1,1,1,0,6,""
6968,discovered,"angel numbers meaning forever",angel_numbers,meaning,26.6,1,1,1,1,0,7,""
6969,discovered,"angel numbers full",angel_numbers,noun,26.6,1,1,1,1,0,8,""
6970,discovered,"angel no 333 meaning hindi",angel_numbers,meaning,26.6,1,1,1,1,0,5,""
6971,discovered,"angel no 555 meaning hindi",angel_numbers,meaning,26.6,1,1,1,1,0,7,""
6972,discovered,"angel no 222 meaning hindi",angel_numbers,meaning,26.6,1,1,1,1,0,8,""
6973,discovered,"angel no 1010 meaning hindi",angel_numbers,meaning,26.6,1,1,1,1,0,9,""
6974,discovered,"555 angel numbers meaning love",angel_numbers,meaning,26.6,1,1,1,1,0,5,""
6975,discovered,"angel numbers 1111 meaning love",angel_numbers,meaning,26.6,1,1,1,1,0,6,""
6976,discovered,"angel numbers 222 meaning love",angel_numbers,meaning,26.6,1,1,1,1,0,7,""
6977,discovered,"angel numbers 333 meaning love",angel_numbers,meaning,26.6,1,1,1,1,0,8,""
6978,discovered,"111 angel numbers meaning love",angel_numbers,meaning,26.6,1,1,1,1,0,9,""
6979,discovered,"angel numbers original",angel_numbers,noun,26.6,1,1,1,1,0,8,""
6980,discovered,"angel numbers official",angel_numbers,noun,26.6,1,1,1,1,0,9,""
6981,discovered,"angel numbers meaning site",angel_numbers,meaning,26.6,1,1,1,1,0,5,""
6982,discovered,"angel numbers short",angel_numbers,noun,26.6,1,1,1,1,0,7,""
6983,discovered,"angel numbers meaning tumblr",angel_numbers,meaning,26.6,1,1,1,1,0,5,""
6984,discovered,"angel numbers true",angel_numbers,noun,26.6,1,1,1,1,0,6,""
6985,discovered,"angel numbers tattoo meaning woman",angel_numbers,meaning,26.6,1,1,1,1,0,7,""
6986,discovered,"angel numbers that mean love",angel_numbers,meaning,26.6,1,1,1,1,0,9,""
6987,discovered,"angel numbers with negative",angel_numbers,noun,26.6,1,1,1,1,0,5,""
6988,discovered,"angel numbers with 1",angel_numbers,noun,26.6,1,1,1,1,0,6,""
6989,discovered,"angel numbers that",angel_numbers,noun,26.6,1,1,1,1,0,5,""
6990,discovered,"does seeing angel numbers mean your manifestations are coming",angel_numbers,yes_no,26.6,1,1,1,1,0,6,""
6991,discovered,"do all angel numbers mean you're on the right path",angel_numbers,yes_no,26.6,1,1,1,1,0,7,""
6992,discovered,"what if your life path number is a 10",angel_numbers,wh,26.6,1,1,1,1,0,5,""
6993,discovered,"what is the life path number of aries",angel_numbers,wh,26.6,1,1,1,1,0,6,""
6994,discovered,"what if my life path number and destiny number are same",angel_numbers,wh,26.6,1,1,1,1,0,7,""
6995,discovered,"what is the best life path number",angel_numbers,wh,26.6,1,1,1,1,0,6,""
6996,discovered,"what is my birth number and life path number",angel_numbers,wh,26.6,1,1,1,1,0,8,""
6997,discovered,"what is the best life path numerology",angel_numbers,wh,26.6,1,1,1,1,0,9,""
6998,discovered,"what is the life path number 33 compatible with",angel_numbers,wh,26.6,1,1,1,1,0,7,""
6999,discovered,"what is the life path number 8 called",angel_numbers,wh,26.6,1,1,1,1,0,8,""
7000,discovered,"what does my life path number 9",angel_numbers,wh,26.6,1,1,1,1,0,5,""
7001,discovered,"what does my life path number 6",angel_numbers,wh,26.6,1,1,1,1,0,6,""
7002,discovered,"what does my life path number 3",angel_numbers,wh,26.6,1,1,1,1,0,7,""
7003,discovered,"what does my life path number 10",angel_numbers,wh,26.6,1,1,1,1,0,8,""
7004,discovered,"what is the life path of elon musk",angel_numbers,wh,26.6,1,1,1,1,0,5,""
7005,discovered,"my life path number is eight what does that",angel_numbers,noun,26.6,1,1,1,1,0,6,""
7006,discovered,"what is the life path number for 6",angel_numbers,wh,26.6,1,1,1,1,0,5,""
7007,discovered,"what is the life path number for 8",angel_numbers,wh,26.6,1,1,1,1,0,7,""
7008,discovered,"what is the life path number for 11",angel_numbers,wh,26.6,1,1,1,1,0,8,""
7009,discovered,"what is the life path number for 4",angel_numbers,wh,26.6,1,1,1,1,0,9,""
7010,discovered,"what happens if my life path number is 10",angel_numbers,wh,26.6,1,1,1,1,0,7,""
7011,discovered,"what is the best life path number in numerology",angel_numbers,wh,26.6,1,1,1,1,0,6,""
7012,discovered,"what is the life path number 8",angel_numbers,wh,26.6,1,1,1,1,0,5,""
7013,discovered,"what is the life path number 6",angel_numbers,wh,26.6,1,1,1,1,0,6,""
7014,discovered,"what is the life path number 9",angel_numbers,wh,26.6,1,1,1,1,0,8,""
7015,discovered,"what is your life path number in numerology",angel_numbers,wh,26.6,1,1,1,1,0,5,""
7016,discovered,"what is the name of life path number 3",angel_numbers,wh,26.6,1,1,1,1,0,6,""
7017,discovered,"what is the life path of nine",angel_numbers,wh,26.6,1,1,1,1,0,7,""
7018,discovered,"what is the life path number of 11",angel_numbers,wh,26.6,1,1,1,1,0,5,""
7019,discovered,"what is the life path number of 5",angel_numbers,wh,26.6,1,1,1,1,0,6,""
7020,discovered,"what is the life path number of 7",angel_numbers,wh,26.6,1,1,1,1,0,7,""
7021,discovered,"what is the life path number of 3",angel_numbers,wh,26.6,1,1,1,1,0,8,""
7022,discovered,"what is the purpose of life path number 9",angel_numbers,wh,26.6,1,1,1,1,0,5,""
7023,discovered,"what is the purpose of life path number 8",angel_numbers,wh,26.6,1,1,1,1,0,6,""
7024,discovered,"what is the purpose of life path number 7",angel_numbers,wh,26.6,1,1,1,1,0,7,""
7025,discovered,"what is the purpose of life path number 3",angel_numbers,wh,26.6,1,1,1,1,0,8,""
7026,discovered,"what is the purpose of life path number 11",angel_numbers,wh,26.6,1,1,1,1,0,9,""
7027,discovered,"what is the richest life path number",angel_numbers,wh,26.6,1,1,1,1,0,5,""
7028,discovered,"what is the rare life path number",angel_numbers,wh,26.6,1,1,1,1,0,6,""
7029,discovered,"is the life path number",angel_numbers,yes_no,26.6,1,1,1,1,0,7,""
7030,discovered,"what does the life path number 9 represent",angel_numbers,wh,26.6,1,1,1,1,0,8,""
7031,discovered,"what does life path number 8 represents",angel_numbers,wh,26.6,1,1,1,1,0,9,""
7032,discovered,"what is the life path number 9 soulmate",twin_flame_soulmate,wh,26.6,1,1,1,1,0,5,""
7033,discovered,"what is the life path number 9 spiritually",angel_numbers,wh,26.6,1,1,1,1,0,6,""
7034,discovered,"what is the life path number for scorpio",angel_numbers,wh,26.6,1,1,1,1,0,7,""
7035,discovered,"what is my secondary life path number",angel_numbers,wh,26.6,1,1,1,1,0,9,""
7036,discovered,"what is the meaning of my life path number",angel_numbers,wh,26.6,1,1,1,1,0,5,""
7037,discovered,"what is the life path of the number 5",angel_numbers,wh,26.6,1,1,1,1,0,6,""
7038,discovered,"what is the life path of three",angel_numbers,wh,26.6,1,1,1,1,0,8,""
7039,discovered,"what is the number of my life path",angel_numbers,wh,26.6,1,1,1,1,0,9,""
7040,discovered,"what life path number was jesus christ",angel_numbers,wh,26.6,1,1,1,1,0,5,""
7041,discovered,"what is the weakness of life path number 9",angel_numbers,wh,26.6,1,1,1,1,0,6,""
7042,discovered,"what is the work of life path number 9",angel_numbers,wh,26.6,1,1,1,1,0,7,""
7043,discovered,"what is the weakness of life path number 7",angel_numbers,wh,26.6,1,1,1,1,0,8,""
7044,discovered,"what is the weakness of life path number 6",angel_numbers,wh,26.6,1,1,1,1,0,9,""
7045,discovered,"what does it mean when you dream about a dead person",dreams,wh,26.6,1,1,1,1,0,5,""
7046,discovered,"what does it mean when you dream about a snake biting you",dreams,wh,26.6,1,1,1,1,0,6,""
7047,discovered,"what does it mean when you dream about ants",dreams,wh,26.6,1,1,1,1,0,7,""
7048,discovered,"what does it mean when you dream about a bear",dreams,wh,26.6,1,1,1,1,0,8,""
7049,discovered,"what does it mean when you dream about a spider",dreams,wh,26.6,1,1,1,1,0,9,""
7050,discovered,"what does it mean when you dream about bugs",dreams,wh,26.6,1,1,1,1,0,5,""
7051,discovered,"what does it mean when you dream about blood",dreams,wh,26.6,1,1,1,1,0,7,""
7052,discovered,"what does it mean when you dream about birds",dreams,wh,26.6,1,1,1,1,0,8,""
7053,discovered,"what does it mean when you dream about bears chasing you",dreams,wh,26.6,1,1,1,1,0,9,""
7054,discovered,"what does it mean when you dream about cheating on your boyfriend",dreams,wh,26.6,1,1,1,1,0,5,""
7055,discovered,"what does it mean when you dream about cats attacking you",dreams,wh,26.6,1,1,1,1,0,6,""
7056,discovered,"what does it mean when you dream about crabs",dreams,wh,26.6,1,1,1,1,0,7,""
7057,discovered,"what does it mean when you dream about catching fish",dreams,wh,26.6,1,1,1,1,0,8,""
7058,discovered,"what does it mean when you dream about clowns",dreams,wh,26.6,1,1,1,1,0,9,""
7059,discovered,"what does it mean when you dream about dogs",dreams,wh,26.6,1,1,1,1,0,5,""
7060,discovered,"what does it mean when you dream about demons",dreams,wh,26.6,1,1,1,1,0,7,""
7061,discovered,"what does it mean when you dream about dolphins",dreams,wh,26.6,1,1,1,1,0,8,""
7062,discovered,"what does it mean when you dream about eating food",dreams,wh,26.6,1,1,1,1,0,5,""
7063,discovered,"what does it mean when you dream about eagles",dreams,wh,26.6,1,1,1,1,0,6,""
7064,discovered,"what does it mean when you dream about ex boyfriend",dreams,wh,26.6,1,1,1,1,0,7,""
7065,discovered,"what does it mean when you dream about eating",dreams,wh,26.6,1,1,1,1,0,8,""
7066,discovered,"what does it mean when you dream about eyes",dreams,wh,26.6,1,1,1,1,0,9,""
7067,discovered,"what does it mean when you dream about frogs",dreams,wh,26.6,1,1,1,1,0,5,""
7068,discovered,"what does it mean when you dream about finding money",dreams,wh,26.6,1,1,1,1,0,6,""
7069,discovered,"what does it mean when you dream about flooding",dreams,wh,26.6,1,1,1,1,0,7,""
7070,discovered,"what does it mean when you dream about food",dreams,wh,26.6,1,1,1,1,0,8,""
7071,discovered,"what does it mean when you dream about fighting someone",dreams,wh,26.6,1,1,1,1,0,9,""
7072,discovered,"what does it mean when you dream about getting bit by a snake",dreams,wh,26.6,1,1,1,1,0,5,""
7073,discovered,"what does it mean when you dream about getting kidnapped",dreams,wh,26.6,1,1,1,1,0,6,""
7074,discovered,"what does it mean when you dream about going to jail",dreams,wh,26.6,1,1,1,1,0,7,""
7075,discovered,"what does it mean when you dream about ghosts",dreams,wh,26.6,1,1,1,1,0,8,""
7076,discovered,"what does it mean when you dream about getting your period",dreams,wh,26.6,1,1,1,1,0,9,""
7077,discovered,"what does it mean when you dream about hair",dreams,wh,26.6,1,1,1,1,0,5,""
7078,discovered,"what does it mean when you dream about having a miscarriage",dreams,wh,26.6,1,1,1,1,0,6,""
7079,discovered,"what does it mean when you dream about having twins",dreams,wh,26.6,1,1,1,1,0,7,""
7080,discovered,"what does it mean when you dream about hair falling out",dreams,wh,26.6,1,1,1,1,0,8,""
7081,discovered,"what does it mean when you dream about having a boyfriend you never met",dreams,wh,26.6,1,1,1,1,0,9,""
7082,discovered,"what does it mean when you dream about ice",dreams,wh,26.6,1,1,1,1,0,5,""
7083,discovered,"what does it mean when you dream about indians",dreams,wh,26.6,1,1,1,1,0,6,""
7084,discovered,"what does it mean when you dream about ice skating",dreams,wh,26.6,1,1,1,1,0,7,""
7085,discovered,"what does it mean when you dream about immigration",dreams,wh,26.6,1,1,1,1,0,8,""
7086,discovered,"what does it mean when you dream about injections",dreams,wh,26.6,1,1,1,1,0,9,""
7087,discovered,"what does it mean when you dream about jumping off a building",dreams,wh,26.6,1,1,1,1,0,5,""
7088,discovered,"what does it mean when you dream about jellyfish",dreams,wh,26.6,1,1,1,1,0,6,""
7089,discovered,"what does it mean when you dream about jesus talking to you",dreams,wh,26.6,1,1,1,1,0,7,""
7090,discovered,"what does it mean when you dream about jesus coming back",dreams,wh,26.6,1,1,1,1,0,8,""
7091,discovered,"what does it mean when you dream about jogging",dreams,wh,26.6,1,1,1,1,0,9,""
7092,discovered,"what does it mean when you dream about killing snakes",dreams,wh,26.6,1,1,1,1,0,5,""
7093,discovered,"what does it mean when you dream about keys",dreams,wh,26.6,1,1,1,1,0,6,""
7094,discovered,"what does it mean when you dream about kissing someone you know",dreams,wh,26.6,1,1,1,1,0,7,""
7095,discovered,"what does it mean when you dream about killer whales",dreams,wh,26.6,1,1,1,1,0,8,""
7096,discovered,"what does it mean when you dream about koi fish",dreams,wh,26.6,1,1,1,1,0,9,""
7097,discovered,"what does it mean when you dream about losing your hair",dreams,wh,26.6,1,1,1,1,0,5,""
7098,discovered,"what does it mean when you dream about losing all your teeth",dreams,wh,26.6,1,1,1,1,0,6,""
7099,discovered,"what does it mean when you dream about lizards",dreams,wh,26.6,1,1,1,1,0,7,""
7100,discovered,"what does it mean when you dream about losing your purse",dreams,wh,26.6,1,1,1,1,0,8,""
7101,discovered,"what does it mean when you dream about loose teeth",dreams,wh,26.6,1,1,1,1,0,9,""
7102,discovered,"what does it mean when you dream about moving",dreams,wh,26.6,1,1,1,1,0,5,""
7103,discovered,"what does it mean when you dream about monkeys",dreams,wh,26.6,1,1,1,1,0,6,""
7104,discovered,"what does it mean when you dream about maggots",dreams,wh,26.6,1,1,1,1,0,7,""
7105,discovered,"what does it mean when you dream about marriage",dreams,wh,26.6,1,1,1,1,0,8,""
7106,discovered,"what does it mean when you dream about missing a flight",dreams,wh,26.6,1,1,1,1,0,9,""
7107,discovered,"what does it mean when you dream about natural disasters",dreams,wh,26.6,1,1,1,1,0,5,""
7108,discovered,"what does it mean when you dream about no one helping you",dreams,wh,26.6,1,1,1,1,0,6,""
7109,discovered,"what does it mean when you dream about not being able to open your eyes",dreams,wh,26.6,1,1,1,1,0,7,""
7110,discovered,"what does it mean when you dream about new shoes",dreams,wh,26.6,1,1,1,1,0,8,""
7111,discovered,"what does it mean when you dream about not wearing pants",dreams,wh,26.6,1,1,1,1,0,9,""
7112,discovered,"what does it mean when you dream about oranges",dreams,wh,26.6,1,1,1,1,0,5,""
7113,discovered,"what does it mean when you dream about orca whales",dreams,wh,26.6,1,1,1,1,0,6,""
7114,discovered,"what does it mean when you dream about overflowing toilets",dreams,wh,26.6,1,1,1,1,0,7,""
7115,discovered,"what does it mean when you dream about onions",dreams,wh,26.6,1,1,1,1,0,8,""
7116,discovered,"what does it mean when you dream about one person repeatedly",dreams,wh,26.6,1,1,1,1,0,9,""
7117,discovered,"what does it mean when you dream about people dying",dreams,wh,26.6,1,1,1,1,0,5,""
7118,discovered,"what does it mean when you dream about puppies",dreams,wh,26.6,1,1,1,1,0,6,""
7119,discovered,"what does it mean when you dream about peeing",dreams,wh,26.6,1,1,1,1,0,7,""
7120,discovered,"what does it mean when you dream about people",dreams,wh,26.6,1,1,1,1,0,8,""
7121,discovered,"what does it mean when you dream about people who have died",dreams,wh,26.6,1,1,1,1,0,9,""
7122,discovered,"what does it mean when you dream about quarreling with someone",dreams,wh,26.6,1,1,1,1,0,5,""
7123,discovered,"what does it mean when you dream about qayamat",dreams,wh,26.6,1,1,1,1,0,6,""
7124,discovered,"what does it mean when you dream about queen elizabeth",dreams,wh,26.6,1,1,1,1,0,7,""
7125,discovered,"what does it mean when you dream about quadruplets",dreams,wh,26.6,1,1,1,1,0,8,""
7126,discovered,"what does it mean when you dream about qiyamah in islam",dreams,wh,26.6,1,1,1,1,0,9,""
7127,discovered,"what does it mean when you dream about rain",dreams,wh,26.6,1,1,1,1,0,5,""
7128,discovered,"what does it mean when you dream about raccoons",dreams,wh,26.6,1,1,1,1,0,6,""
7129,discovered,"what does it mean when you dream about rats and mice",dreams,wh,26.6,1,1,1,1,0,7,""
7130,discovered,"what does it mean when you dream about receiving money",dreams,wh,26.6,1,1,1,1,0,8,""
7131,discovered,"what does it mean when you dream about running",dreams,wh,26.6,1,1,1,1,0,9,""
7132,discovered,"what does it mean when you dream about someone repeatedly",dreams,wh,26.6,1,1,1,1,0,6,""
7133,discovered,"what does it mean when you dream about the devil trying to get you",dreams,wh,26.6,1,1,1,1,0,5,""
7134,discovered,"what does it mean when you dream about the world ending",dreams,wh,26.6,1,1,1,1,0,6,""
7135,discovered,"what does it mean when you dream about the devil",dreams,wh,26.6,1,1,1,1,0,7,""
7136,discovered,"what does it mean when you dream about the same person every night",dreams,wh,26.6,1,1,1,1,0,8,""
7137,discovered,"what does it mean when you dream about throwing up",dreams,wh,26.6,1,1,1,1,0,9,""
7138,discovered,"what does it mean when you dream about volcanoes erupting",dreams,wh,26.6,1,1,1,1,0,5,""
7139,discovered,"what does it mean when you dream about vultures",dreams,wh,26.6,1,1,1,1,0,6,""
7140,discovered,"what does it mean when you dream about vaping",dreams,wh,26.6,1,1,1,1,0,7,""
7141,discovered,"what does it mean when you dream about visiting a cemetery",dreams,wh,26.6,1,1,1,1,0,8,""
7142,discovered,"what does it mean when you dream about vampires spiritual",dreams,wh,26.6,1,1,1,1,0,9,""
7143,discovered,"what does it mean when you dream about winning the lottery",dreams,wh,26.6,1,1,1,1,0,5,""
7144,discovered,"what does it mean when you dream about wasps",dreams,wh,26.6,1,1,1,1,0,6,""
7145,discovered,"what does it mean when you dream about whales",dreams,wh,26.6,1,1,1,1,0,7,""
7146,discovered,"what does it mean when you dream about weddings",dreams,wh,26.6,1,1,1,1,0,8,""
7147,discovered,"what does it mean when you dream about war",dreams,wh,26.6,1,1,1,1,0,9,""
7148,discovered,"what does it mean when you dream about your crush more than once",dreams,wh,26.6,1,1,1,1,0,6,""
7149,discovered,"what does it mean when you dream about your hair falling out",dreams,wh,26.6,1,1,1,1,0,7,""
7150,discovered,"what does it mean when you dream about your dead dog being alive",dreams,wh,26.6,1,1,1,1,0,8,""
7151,discovered,"what does it mean when you dream about your ex boyfriend",dreams,wh,26.6,1,1,1,1,0,9,""
7152,discovered,"what does it mean when you dream about zombies attacking",dreams,wh,26.6,1,1,1,1,0,5,""
7153,discovered,"what does it mean when you dream about zoo animals",dreams,wh,26.6,1,1,1,1,0,6,""
7154,discovered,"what does it mean when you dream about zombies spiritually",dreams,wh,26.6,1,1,1,1,0,7,""
7155,discovered,"what does it mean when you dream about zip lining",dreams,wh,26.6,1,1,1,1,0,8,""
7156,discovered,"why do i keep dreaming about a zombie apocalypse",dreams,wh,26.6,1,1,1,1,0,5,""
7157,discovered,"why do i keep dreaming about a baby girl",dreams,wh,26.6,1,1,1,1,0,6,""
7158,discovered,"why do i keep dreaming about a specific person",dreams,wh,26.6,1,1,1,1,0,7,""
7159,discovered,"why do i keep dreaming about an old friend",dreams,wh,26.6,1,1,1,1,0,8,""
7160,discovered,"why do i keep dreaming about a certain person",dreams,wh,26.6,1,1,1,1,0,9,""
7161,discovered,"why do i keep dreaming about being lost",dreams,wh,26.6,1,1,1,1,0,6,""
7162,discovered,"why do i keep dreaming about cats and kittens",dreams,wh,26.6,1,1,1,1,0,5,""
7163,discovered,"why do i keep dreaming about cockroaches",dreams,wh,26.6,1,1,1,1,0,6,""
7164,discovered,"why do i keep dreaming about celebrities",dreams,wh,26.6,1,1,1,1,0,7,""
7165,discovered,"why do i keep dreaming about crocodiles",dreams,wh,26.6,1,1,1,1,0,8,""
7166,discovered,"why do i keep dreaming about children",dreams,wh,26.6,1,1,1,1,0,9,""
7167,discovered,"why do i keep dreaming about demons",dreams,wh,26.6,1,1,1,1,0,5,""
7168,discovered,"why do i keep dreaming about dogs",dreams,wh,26.6,1,1,1,1,0,6,""
7169,discovered,"why do i keep dreaming about demons attacking",dreams,wh,26.6,1,1,1,1,0,7,""
7170,discovered,"why do i keep dreaming about deceased people",dreams,wh,26.6,1,1,1,1,0,8,""
7171,discovered,"why do i keep dreaming about drowning",dreams,wh,26.6,1,1,1,1,0,9,""
7172,discovered,"why do i keep dreaming about ex friends",dreams,wh,26.6,1,1,1,1,0,5,""
7173,discovered,"why do i keep dreaming about end of the world",dreams,wh,26.6,1,1,1,1,0,6,""
7174,discovered,"why do i keep dreaming about elephants",dreams,wh,26.6,1,1,1,1,0,7,""
7175,discovered,"why do i keep dreaming about ex husband",dreams,wh,26.6,1,1,1,1,0,8,""
7176,discovered,"why do i keep dreaming about earthquakes",dreams,wh,26.6,1,1,1,1,0,9,""
7177,discovered,"why do i keep dreaming about fighting",dreams,wh,26.6,1,1,1,1,0,5,""
7178,discovered,"why do i keep dreaming about funerals",dreams,wh,26.6,1,1,1,1,0,6,""
7179,discovered,"why do i keep dreaming about falling",dreams,wh,26.6,1,1,1,1,0,7,""
7180,discovered,"why do i keep dreaming about falling in love",dreams,wh,26.6,1,1,1,1,0,8,""
7181,discovered,"why do i keep dreaming about getting married",dreams,wh,26.6,1,1,1,1,0,5,""
7182,discovered,"why do i keep dreaming about getting my period",dreams,wh,26.6,1,1,1,1,0,7,""
7183,discovered,"why do i keep dreaming about guns",dreams,wh,26.6,1,1,1,1,0,8,""
7184,discovered,"why do i keep dreaming about giving birth",dreams,wh,26.6,1,1,1,1,0,9,""
7185,discovered,"why do i keep dreaming about having a baby boy",dreams,wh,26.6,1,1,1,1,0,6,""
7186,discovered,"why do i keep dreaming about houses",dreams,wh,26.6,1,1,1,1,0,7,""
7187,discovered,"why do i keep dreaming about having a girlfriend",dreams,wh,26.6,1,1,1,1,0,8,""
7188,discovered,"why do i keep dreaming about hotels",dreams,wh,26.6,1,1,1,1,0,9,""
7189,discovered,"why do i keep dreaming about someone i barely know",dreams,wh,26.6,1,1,1,1,0,5,""
7190,discovered,"why do i keep dreaming about someone i like",dreams,wh,26.6,1,1,1,1,0,7,""
7191,discovered,"why do i keep dreaming about japan",dreams,wh,26.6,1,1,1,1,0,5,""
7192,discovered,"why do i keep dreaming about jellyfish",dreams,wh,26.6,1,1,1,1,0,6,""
7193,discovered,"why do i keep dreaming about jewelry",dreams,wh,26.6,1,1,1,1,0,7,""
7194,discovered,"why do i keep having dreams about jail",dreams,wh,26.6,1,1,1,1,0,8,""
7195,discovered,"why do i keep having dreams about jesus coming back",dreams,wh,26.6,1,1,1,1,0,9,""
7196,discovered,"why do i keep dreaming about kissing the same person",dreams,wh,26.6,1,1,1,1,0,5,""
7197,discovered,"why do i keep dreaming about getting killed",dreams,wh,26.6,1,1,1,1,0,7,""
7198,discovered,"why do i keep having dreams about being killed",dreams,wh,26.6,1,1,1,1,0,8,""
7199,discovered,"why do i keep dreaming about losing my purse",dreams,wh,26.6,1,1,1,1,0,5,""
7200,discovered,"why do i keep dreaming about losing my wallet",dreams,wh,26.6,1,1,1,1,0,6,""
7201,discovered,"why do i keep dreaming about losing my phone",dreams,wh,26.6,1,1,1,1,0,7,""
7202,discovered,"why do i keep dreaming about lions and tigers",dreams,wh,26.6,1,1,1,1,0,8,""
7203,discovered,"why do i keep dreaming about losing my house",dreams,wh,26.6,1,1,1,1,0,9,""
7204,discovered,"why do i keep dreaming about my partner cheating on",dreams,wh,26.6,1,1,1,1,0,5,""
7205,discovered,"why do i keep dreaming about my girlfriend cheating on",dreams,wh,26.6,1,1,1,1,0,6,""
7206,discovered,"why do i keep dreaming about my ex husband",dreams,wh,26.6,1,1,1,1,0,7,""
7207,discovered,"why do i keep dreaming about my old job",dreams,wh,26.6,1,1,1,1,0,8,""
7208,discovered,"why do i keep dreaming about not being able to find my car",dreams,wh,26.6,1,1,1,1,0,5,""
7209,discovered,"why do i keep dreaming about not being able to open my eyes",dreams,wh,26.6,1,1,1,1,0,6,""
7210,discovered,"why do i keep dreaming about numbers",dreams,wh,26.6,1,1,1,1,0,7,""
7211,discovered,"why do i keep dreaming about nuclear war",dreams,wh,26.6,1,1,1,1,0,8,""
7212,discovered,"why do i keep dreaming about near death experiences",dreams,wh,26.6,1,1,1,1,0,9,""
7213,discovered,"why do i keep dreaming about orcas",dreams,wh,26.6,1,1,1,1,0,5,""
7214,discovered,"why do i keep dreaming about old jobs",dreams,wh,26.6,1,1,1,1,0,6,""
7215,discovered,"why do i keep dreaming about other guys while in a relationship",dreams,wh,26.6,1,1,1,1,0,7,""
7216,discovered,"why do i keep dreaming about other men",dreams,wh,26.6,1,1,1,1,0,8,""
7217,discovered,"why do i keep dreaming about old friends spiritual",dreams,wh,26.6,1,1,1,1,0,9,""
7218,discovered,"why do i keep dreaming about peeing",dreams,wh,26.6,1,1,1,1,0,5,""
7219,discovered,"why do i keep dreaming about past relationships",dreams,wh,26.6,1,1,1,1,0,8,""
7220,discovered,"why do i keep dreaming about romance",dreams,wh,26.6,1,1,1,1,0,5,""
7221,discovered,"why do i keep dreaming about running",dreams,wh,26.6,1,1,1,1,0,6,""
7222,discovered,"why do i keep dreaming about roller coasters",dreams,wh,26.6,1,1,1,1,0,7,""
7223,discovered,"why do i keep dreaming about random people",dreams,wh,26.6,1,1,1,1,0,8,""
7224,discovered,"why do i keep dreaming about rabbits",dreams,wh,26.6,1,1,1,1,0,9,""
7225,discovered,"why do i keep dreaming about someone dying",dreams,wh,26.6,1,1,1,1,0,5,""
7226,discovered,"why do i keep dreaming about someone i haven't seen in years",dreams,wh,26.6,1,1,1,1,0,7,""
7227,discovered,"why do i keep dreaming about snakes biting",dreams,wh,26.6,1,1,1,1,0,9,""
7228,discovered,"why do i keep dreaming about the world ending",dreams,wh,26.6,1,1,1,1,0,6,""
7229,discovered,"why do i keep dreaming about the same place",dreams,wh,26.6,1,1,1,1,0,7,""
7230,discovered,"why do i keep dreaming about the same person over and over",dreams,wh,26.6,1,1,1,1,0,8,""
7231,discovered,"why do i keep dreaming about the same person every night",dreams,wh,26.6,1,1,1,1,0,9,""
7232,discovered,"why do i keep dreaming about throwing up",dreams,wh,26.6,1,1,1,1,0,5,""
7233,discovered,"why do i keep dreaming about waking up",dreams,wh,26.6,1,1,1,1,0,6,""
7234,discovered,"why do i keep dreaming about splitting up with my partner",dreams,wh,26.6,1,1,1,1,0,7,""
7235,discovered,"why do i keep dreaming about breaking up with my girlfriend",dreams,wh,26.6,1,1,1,1,0,8,""
7236,discovered,"why do i keep dreaming about my unborn baby",dreams,wh,26.6,1,1,1,1,0,9,""
7237,discovered,"why do i keep dreaming about variations of my father's house",dreams,wh,26.6,1,1,1,1,0,5,""
7238,discovered,"why do i keep dreaming about vacation",dreams,wh,26.6,1,1,1,1,0,6,""
7239,discovered,"why do i keep dreaming about volcanoes",dreams,wh,26.6,1,1,1,1,0,7,""
7240,discovered,"why do i keep dreaming about video games",dreams,wh,26.6,1,1,1,1,0,8,""
7241,discovered,"why do i keep having dreams about vacation",dreams,wh,26.6,1,1,1,1,0,9,""
7242,discovered,"why do i keep dreaming about working at my old job",dreams,wh,26.6,1,1,1,1,0,5,""
7243,discovered,"why do i keep dreaming about weddings",dreams,wh,26.6,1,1,1,1,0,7,""
7244,discovered,"why do i keep dreaming about women",dreams,wh,26.6,1,1,1,1,0,8,""
7245,discovered,"why do i keep dreaming about water parks",dreams,wh,26.6,1,1,1,1,0,9,""
7246,discovered,"why do i keep dreaming about my ex years later spiritual",dreams,wh,26.6,1,1,1,1,0,5,""
7247,discovered,"why do i keep dreaming about my ex husband years later",dreams,wh,26.6,1,1,1,1,0,6,""
7248,discovered,"why do i keep dreaming about my crush from years ago",dreams,wh,26.6,1,1,1,1,0,7,""
7249,discovered,"why do i keep dreaming about committing zina",dreams,wh,26.6,1,1,1,1,0,6,""
7250,discovered,"why am i always dreaming about zombies",dreams,wh,26.6,1,1,1,1,0,7,""
7251,discovered,"why i keep dreaming about zombies",dreams,wh,26.6,1,1,1,1,0,8,""
7252,discovered,"why do i keep dreaming i'm in a zombie apocalypse",dreams,wh,26.6,1,1,1,1,0,9,""
7253,discovered,"a dream about snakes",dreams,noun,26.6,1,1,1,1,0,6,""
7254,discovered,"dream about a snake meaning spiritual",dreams,meaning,26.6,1,1,1,1,0,7,""
7255,discovered,"having a dream about snakes",dreams,noun,26.6,1,1,1,1,0,8,""
7256,discovered,"dream meaning snakes biting you",dreams,meaning,26.6,1,1,1,1,0,6,""
7257,discovered,"dream about white snake biblical",dreams,noun,26.6,1,1,1,1,0,7,""
7258,discovered,"dream meaning snake bite",dreams,meaning,26.6,1,1,1,1,0,8,""
7259,discovered,"dream meaning snake biting someone else",dreams,meaning,26.6,1,1,1,1,0,9,""
7260,discovered,"dream of snakes meaning chinese",dreams,meaning,26.6,1,1,1,1,0,5,""
7261,discovered,"dreaming of snakes meaning christian",dreams,meaning,26.6,1,1,1,1,0,6,""
7262,discovered,"dream of snake meaning chinese feng shui",dreams,meaning,26.6,1,1,1,1,0,7,""
7263,discovered,"dream meaning snake color green",dreams,meaning,26.6,1,1,1,1,0,8,""
7264,discovered,"dream meaning snake cut in half",dreams,meaning,26.6,1,1,1,1,0,9,""
7265,discovered,"dream meaning snake eating dog",dreams,meaning,26.6,1,1,1,1,0,5,""
7266,discovered,"dream about eating snake",dreams,noun,26.6,1,1,1,1,0,6,""
7267,discovered,"dream interpretation snakes everywhere and being terrified",dreams,noun,26.6,1,1,1,1,0,7,""
7268,discovered,"dream of snake meaning hindi",dreams,meaning,26.6,1,1,1,1,0,5,""
7269,discovered,"having dream about snakes",dreams,noun,26.6,1,1,1,1,0,6,""
7270,discovered,"dream about huge snake",dreams,noun,26.6,1,1,1,1,0,7,""
7271,discovered,"dream snake bite meaning hindu",dreams,meaning,26.6,1,1,1,1,0,8,""
7272,discovered,"dream of black snake meaning hindu",dreams,meaning,26.6,1,1,1,1,0,9,""
7273,discovered,"dream of snakes meaning in hinduism",dreams,meaning,26.6,1,1,1,1,0,5,""
7274,discovered,"dream of snake meaning in chinese",dreams,meaning,26.6,1,1,1,1,0,6,""
7275,discovered,"dream meaning snake in mouth",dreams,meaning,26.6,1,1,1,1,0,8,""
7276,discovered,"dream meaning snake in bedroom",dreams,meaning,26.6,1,1,1,1,0,9,""
7277,discovered,"what does it mean having a dream about snakes",dreams,wh,26.6,1,1,1,1,0,6,""
7278,discovered,"dream about two snakes spiritual",dreams,noun,26.6,1,1,1,1,0,6,""
7279,discovered,"dream about yellow snake spiritual",dreams,noun,26.6,1,1,1,1,0,7,""
7280,discovered,"dream about red snake spiritual",dreams,noun,26.6,1,1,1,1,0,8,""
7281,discovered,"dream about black snake spiritual",dreams,noun,26.6,1,1,1,1,0,9,""
7282,discovered,"dream about two snakes",dreams,noun,26.6,1,1,1,1,0,5,""
7283,discovered,"dream of snake tail",dreams,noun,26.6,1,1,1,1,0,7,""
7284,discovered,"dream of snake temple",dreams,noun,26.6,1,1,1,1,0,8,""
7285,discovered,"to dream about snakes biblical",dreams,noun,26.6,1,1,1,1,0,9,""
7286,discovered,"why u dream about snakes",dreams,wh,26.6,1,1,1,1,0,5,""
7287,discovered,"how to manifest as a virgo rising",manifestation,how,26.6,1,1,1,1,0,5,""
7288,discovered,"how to manifest a boyfriend",manifestation,how,26.6,1,1,1,1,0,6,""
7289,discovered,"how to manifest a text from someone",manifestation,how,26.6,1,1,1,1,0,7,""
7290,discovered,"how to manifest as a scorpio rising",manifestation,how,26.6,1,1,1,1,0,8,""
7291,discovered,"how to manifest as a libra rising",manifestation,how,26.6,1,1,1,1,0,9,""
7292,discovered,"how to manifest by writing",manifestation,how,26.6,1,1,1,1,0,5,""
7293,discovered,"how to manifest by lacy phillips",manifestation,how,26.6,1,1,1,1,0,6,""
7294,discovered,"how to manifest buying a house",manifestation,how,26.6,1,1,1,1,0,7,""
7295,discovered,"how to manifest by journaling",manifestation,how,26.6,1,1,1,1,0,8,""
7296,discovered,"how to manifest based on astrology",manifestation,how,26.6,1,1,1,1,0,9,""
7297,discovered,"how to manifest capricorn rising",manifestation,how,26.6,1,1,1,1,0,5,""
7298,discovered,"how to manifest concert tickets",manifestation,how,26.6,1,1,1,1,0,6,""
7299,discovered,"how to manifest confidence",manifestation,how,26.6,1,1,1,1,0,7,""
7300,discovered,"how to manifest change in your life",manifestation,how,26.6,1,1,1,1,0,8,""
7301,discovered,"how to manifest celebrity sp",manifestation,how,26.6,1,1,1,1,0,9,""
7302,discovered,"how to manifest dream body",dreams,how,26.6,1,1,1,1,0,6,""
7303,discovered,"how to manifest during the lionsgate portal",manifestation,how,26.6,1,1,1,1,0,8,""
7304,discovered,"how to manifest ego limbus",manifestation,how,26.6,1,1,1,1,0,6,""
7305,discovered,"how to manifest easily",manifestation,how,26.6,1,1,1,1,0,7,""
7306,discovered,"how to manifest ego weapon archived",manifestation,how,26.6,1,1,1,1,0,9,""
7307,discovered,"how to manifest for money",manifestation,how,26.6,1,1,1,1,0,6,""
7308,discovered,"how to manifest for a job",manifestation,how,26.6,1,1,1,1,0,7,""
7309,discovered,"how to manifest for scorpio rising",manifestation,how,26.6,1,1,1,1,0,8,""
7310,discovered,"how to manifest finding a lost item",manifestation,how,26.6,1,1,1,1,0,9,""
7311,discovered,"how to manifest good health",manifestation,how,26.6,1,1,1,1,0,5,""
7312,discovered,"how to manifest goals",manifestation,how,26.6,1,1,1,1,0,7,""
7313,discovered,"how to manifest good health for myself",manifestation,how,26.6,1,1,1,1,0,8,""
7314,discovered,"how to manifest good luck for someone else",manifestation,how,26.6,1,1,1,1,0,9,""
7315,discovered,"how to manifest having a baby girl",manifestation,how,26.6,1,1,1,1,0,6,""
7316,discovered,"how to manifest healing",manifestation,how,26.6,1,1,1,1,0,6,""
7317,discovered,"how to manifest in islam",manifestation,how,26.6,1,1,1,1,0,5,""
7318,discovered,"how to manifest in the lions gate portal",manifestation,how,26.6,1,1,1,1,0,6,""
7319,discovered,"how to manifest in 24 hours",manifestation,how,26.6,1,1,1,1,0,8,""
7320,discovered,"how to manifest in hinduism",manifestation,how,26.6,1,1,1,1,0,9,""
7321,discovered,"how to manifest job for husband",manifestation,how,26.6,1,1,1,1,0,5,""
7322,discovered,"how to manifest job offer after interview",manifestation,how,26.6,1,1,1,1,0,6,""
7323,discovered,"how to manifest job interview",manifestation,how,26.6,1,1,1,1,0,7,""
7324,discovered,"how to manifest job you want",manifestation,how,26.6,1,1,1,1,0,8,""
7325,discovered,"how to manifest june 9th",manifestation,how,26.6,1,1,1,1,0,9,""
7326,discovered,"how to attract kittens",love_relationships,how,26.6,1,1,1,1,0,5,""
7327,discovered,"how to attract kill fruit flies",love_relationships,how,26.6,1,1,1,1,0,6,""
7328,discovered,"how to attract kill flies",love_relationships,how,26.6,1,1,1,1,0,7,""
7329,discovered,"how to attract kill gnats",love_relationships,how,26.6,1,1,1,1,0,8,""
7330,discovered,"how to attract kill wasps",love_relationships,how,26.6,1,1,1,1,0,9,""
7331,discovered,"how to manifest libra rising",manifestation,how,26.6,1,1,1,1,0,5,""
7332,discovered,"how to manifest like dua lipa",manifestation,how,26.6,1,1,1,1,0,6,""
7333,discovered,"how to manifest lions gate portal",manifestation,how,26.6,1,1,1,1,0,8,""
7334,discovered,"how to manifest my dream life",dreams,how,26.6,1,1,1,1,0,6,""
7335,discovered,"how to manifest my husband",manifestation,how,26.6,1,1,1,1,0,7,""
7336,discovered,"how to manifest new home",manifestation,how,26.6,1,1,1,1,0,5,""
7337,discovered,"how to manifest new moon",manifestation,how,26.6,1,1,1,1,0,6,""
7338,discovered,"how to manifest new house",manifestation,how,26.6,1,1,1,1,0,8,""
7339,discovered,"how to manifest orbs",manifestation,how,26.6,1,1,1,1,0,5,""
7340,discovered,"how to manifest on your birthday",manifestation,how,26.6,1,1,1,1,0,6,""
7341,discovered,"how to manifest on june 9th",manifestation,how,26.6,1,1,1,1,0,8,""
7342,discovered,"how to manifest on pinterest",manifestation,how,26.6,1,1,1,1,0,9,""
7343,discovered,"how to manifest physical changes",manifestation,how,26.6,1,1,1,1,0,7,""
7344,discovered,"how to manifest quotes",manifestation,how,26.6,1,1,1,1,0,6,""
7345,discovered,"how to quickly manifest something",manifestation,how,26.6,1,1,1,1,0,7,""
7346,discovered,"how to quantum manifest",manifestation,how,26.6,1,1,1,1,0,8,""
7347,discovered,"how to quickly manifest someone",manifestation,how,26.6,1,1,1,1,0,9,""
7348,discovered,"how to manifest relationship with specific person",manifestation,how,26.6,1,1,1,1,0,5,""
7349,discovered,"how to manifest reality",manifestation,how,26.6,1,1,1,1,0,6,""
7350,discovered,"how to manifest ritual",manifestation,how,26.6,1,1,1,1,0,7,""
7351,discovered,"how to manifest romance",manifestation,how,26.6,1,1,1,1,0,9,""
7352,discovered,"how to manifest something into reality",manifestation,how,26.6,1,1,1,1,0,7,""
7353,discovered,"how to manifest the job you want",manifestation,how,26.6,1,1,1,1,0,5,""
7354,discovered,"how to manifest things into reality",manifestation,how,26.6,1,1,1,1,0,7,""
7355,discovered,"how to manifest through your rising",manifestation,how,26.6,1,1,1,1,0,8,""
7356,discovered,"how to manifest the lottery",manifestation,how,26.6,1,1,1,1,0,9,""
7357,discovered,"how to manifest using scripting",manifestation,how,26.6,1,1,1,1,0,5,""
7358,discovered,"how to manifest using quantum physics",manifestation,how,26.6,1,1,1,1,0,7,""
7359,discovered,"how to manifest using water",manifestation,how,26.6,1,1,1,1,0,9,""
7360,discovered,"how to manifest very strongly",manifestation,how,26.6,1,1,1,1,0,6,""
7361,discovered,"how to manifest visa",manifestation,how,26.6,1,1,1,1,0,7,""
7362,discovered,"how to visualise manifest",manifestation,how,26.6,1,1,1,1,0,8,""
7363,discovered,"how to attract villagers in minecraft",love_relationships,how,26.6,1,1,1,1,0,9,""
7364,discovered,"how to manifest with crystals",manifestation,how,26.6,1,1,1,1,0,5,""
7365,discovered,"how to manifest with period blood",manifestation,how,26.6,1,1,1,1,0,6,""
7366,discovered,"how to manifest with water",manifestation,how,26.6,1,1,1,1,0,7,""
7367,discovered,"how to manifest with magic and dark cosmic energy",manifestation,how,26.6,1,1,1,1,0,8,""
7368,discovered,"how to manifest with candles",manifestation,how,26.6,1,1,1,1,0,9,""
7369,discovered,"how to add privacy manifest xcode",manifestation,how,26.6,1,1,1,1,0,5,""
7370,discovered,"how to access android manifest xml",manifestation,how,26.6,1,1,1,1,0,6,""
7371,discovered,"how to attract mr x",love_relationships,how,26.6,1,1,1,1,0,7,""
7372,discovered,"how to manifest aura in vv ultimatum on xbox",manifestation,how,26.6,1,1,1,1,0,8,""
7373,discovered,"how to manifest your dreams",dreams,how,26.6,1,1,1,1,0,5,""
7374,discovered,"how to manifest your crush",manifestation,how,26.6,1,1,1,1,0,6,""
7375,discovered,"how to manifest your aura",manifestation,how,26.6,1,1,1,1,0,7,""
7376,discovered,"how to manifest your desires",manifestation,how,26.6,1,1,1,1,0,8,""
7377,discovered,"how to manifest your dream job",dreams,how,26.6,1,1,1,1,0,9,""
7378,discovered,"how to manifest and make it work",manifestation,how,26.6,1,1,1,1,0,5,""
7379,discovered,"how to manifest a thing",manifestation,how,26.6,1,1,1,1,0,7,""
7380,discovered,"how to manifest money amanda",manifestation,how,26.6,1,1,1,1,0,8,""
7381,discovered,"how to manifest about money",manifestation,how,26.6,1,1,1,1,0,9,""
7382,discovered,"how to manifest big money",manifestation,how,26.6,1,1,1,1,0,5,""
7383,discovered,"how to manifest big money fast",manifestation,how,26.6,1,1,1,1,0,6,""
7384,discovered,"how to attract money book",money_career,how,26.6,1,1,1,1,0,7,""
7385,discovered,"how to attract money by joseph murphy",money_career,how,26.6,1,1,1,1,0,8,""
7386,discovered,"how to attract money book in hindi",money_career,how,26.6,1,1,1,1,0,9,""
7387,discovered,"how to manifest money and career",manifestation,how,26.6,1,1,1,1,0,5,""
7388,discovered,"how to manifest winning a money competition",manifestation,how,26.6,1,1,1,1,0,6,""
7389,discovered,"how to manifest money at the casino",manifestation,how,26.6,1,1,1,1,0,7,""
7390,discovered,"how to attract money with cinnamon and sugar",money_career,how,26.6,1,1,1,1,0,9,""
7391,discovered,"how to attract depositors money in business empire",money_career,how,26.6,1,1,1,1,0,7,""
7392,discovered,"how to attract depositors money in business empire game",money_career,how,26.6,1,1,1,1,0,8,""
7393,discovered,"how to attract money energy",money_career,how,26.6,1,1,1,1,0,5,""
7394,discovered,"how to attract money easily",money_career,how,26.6,1,1,1,1,0,6,""
7395,discovered,"how to attract money everyday",money_career,how,26.6,1,1,1,1,0,7,""
7396,discovered,"how to attract money effortlessly",money_career,how,26.6,1,1,1,1,0,8,""
7397,discovered,"how to attract money energetically",money_career,how,26.6,1,1,1,1,0,9,""
7398,discovered,"how to manifest money for a house",manifestation,how,26.6,1,1,1,1,0,6,""
7399,discovered,"how to manifest money for beginners",manifestation,how,26.6,1,1,1,1,0,8,""
7400,discovered,"how to manifest money from a specific person",manifestation,how,26.6,1,1,1,1,0,9,""
7401,discovered,"how to manifest great wealth",manifestation,how,26.6,1,1,1,1,0,5,""
7402,discovered,"how to attract good money",money_career,how,26.6,1,1,1,1,0,6,""
7403,discovered,"how to attract money from god",money_career,how,26.6,1,1,1,1,0,7,""
7404,discovered,"how to attract money with garlic",money_career,how,26.6,1,1,1,1,0,9,""
7405,discovered,"how to manifest money and happiness",manifestation,how,26.6,1,1,1,1,0,5,""
7406,discovered,"manifest money and health",manifestation,noun,26.6,1,1,1,1,0,6,""
7407,discovered,"how to attract huge money",money_career,how,26.6,1,1,1,1,0,7,""
7408,discovered,"how to manifest health wealth and happiness",manifestation,how,26.6,1,1,1,1,0,8,""
7409,discovered,"how to manifest money in life",manifestation,how,26.6,1,1,1,1,0,5,""
7410,discovered,"how to attract money joseph murphy book",money_career,how,26.6,1,1,1,1,0,6,""
7411,discovered,"how to attract money joseph murphy summary",money_career,how,26.6,1,1,1,1,0,7,""
7412,discovered,"how to manifest money without job",manifestation,how,26.6,1,1,1,1,0,8,""
7413,discovered,"how to attract money love and career",money_career,how,26.6,1,1,1,1,0,5,""
7414,discovered,"how to attract money law of attraction",manifestation,how,26.6,1,1,1,1,0,6,""
7415,discovered,"how to attract money like a magnet",money_career,how,26.6,1,1,1,1,0,7,""
7416,discovered,"how to attract money magic",money_career,how,26.6,1,1,1,1,0,5,""
7417,discovered,"how to attract more money",money_career,how,26.6,1,1,1,1,0,6,""
7418,discovered,"how to attract more money in your life",money_career,how,26.6,1,1,1,1,0,7,""
7419,discovered,"how to attract money naturally at home",money_career,how,26.6,1,1,1,1,0,5,""
7420,discovered,"how to attract money number",money_career,how,26.6,1,1,1,1,0,6,""
7421,discovered,"how to attract money naturally overnight",money_career,how,26.6,1,1,1,1,0,7,""
7422,discovered,"how to manifest money on a new moon",manifestation,how,26.6,1,1,1,1,0,7,""
7423,discovered,"how to attract money overnight",money_career,how,26.6,1,1,1,1,0,8,""
7424,discovered,"how to attract money on full moon",crystals_rituals,how,26.6,1,1,1,1,0,9,""
7425,discovered,"how to manifest money through prayer",manifestation,how,26.6,1,1,1,1,0,9,""
7426,discovered,"how to attract money quotes",money_career,how,26.6,1,1,1,1,0,5,""
7427,discovered,"how to attract money quickly at home",money_career,how,26.6,1,1,1,1,0,6,""
7428,discovered,"how to manifest a lot of money quickly",manifestation,how,26.6,1,1,1,1,0,8,""
7429,discovered,"how to attract money ritual",crystals_rituals,how,26.6,1,1,1,1,0,5,""
7430,discovered,"how to attract money remedies",money_career,how,26.6,1,1,1,1,0,6,""
7431,discovered,"how to attract money right",money_career,how,26.6,1,1,1,1,0,8,""
7432,discovered,"how to attract money raj shamani",money_career,how,26.6,1,1,1,1,0,9,""
7433,discovered,"how to manifest saving money",manifestation,how,26.6,1,1,1,1,0,5,""
7434,discovered,"how to attract money spiritually",money_career,how,26.6,1,1,1,1,0,6,""
7435,discovered,"how to attract money spiritually in the bible",money_career,how,26.6,1,1,1,1,0,7,""
7436,discovered,"how to attract money spell",crystals_rituals,how,26.6,1,1,1,1,0,8,""
7437,discovered,"how to attract money spirit",money_career,how,26.6,1,1,1,1,0,9,""
7438,discovered,"how to attract the money",money_career,how,26.6,1,1,1,1,0,5,""
7439,discovered,"how to attract money from the universe",money_career,how,26.6,1,1,1,1,0,7,""
7440,discovered,"how to attract money with the law of attraction",manifestation,how,26.6,1,1,1,1,0,8,""
7441,discovered,"how to attract money vastu tips",money_career,how,26.6,1,1,1,1,0,9,""
7442,discovered,"how to manifest money using cinnamon",manifestation,how,26.6,1,1,1,1,0,5,""
7443,discovered,"how to manifest unexpected money",manifestation,how,26.6,1,1,1,1,0,6,""
7444,discovered,"how to attract money using cinnamon",money_career,how,26.6,1,1,1,1,0,7,""
7445,discovered,"how to attract money using mind power",money_career,how,26.6,1,1,1,1,0,8,""
7446,discovered,"how to attract money using bay leaves",money_career,how,26.6,1,1,1,1,0,9,""
7447,discovered,"how to attract money bible verse",money_career,how,26.6,1,1,1,1,0,5,""
7448,discovered,"how to attract money for virgo",astrology,how,26.6,1,1,1,1,0,6,""
7449,discovered,"how to attract money as per vastu",money_career,how,26.6,1,1,1,1,0,7,""
7450,discovered,"how to attract money at home vastu",money_career,how,26.6,1,1,1,1,0,9,""
7451,discovered,"how to manifest money with water",manifestation,how,26.6,1,1,1,1,0,5,""
7452,discovered,"how to manifest money while sleeping",manifestation,how,26.6,1,1,1,1,0,6,""
7453,discovered,"how to manifest money witchcraft",manifestation,how,26.6,1,1,1,1,0,8,""
7454,discovered,"how to manifest money in your bank account",manifestation,how,26.6,1,1,1,1,0,7,""
7455,discovered,"how to manifest money when you're broke",manifestation,how,26.6,1,1,1,1,0,8,""
7456,discovered,"how to manifest money with your period blood",manifestation,how,26.6,1,1,1,1,0,9,""
7457,discovered,"does manifestation acc work",manifestation,yes_no,26.6,1,1,1,1,0,5,""
7458,discovered,"do manifestation affirmations work",manifestation,yes_no,26.6,1,1,1,1,0,6,""
7459,discovered,"do.manifestation audios work",manifestation,yes_no,26.6,1,1,1,1,0,7,""
7460,discovered,"do manifestation apps work",manifestation,yes_no,26.6,1,1,1,1,0,8,""
7461,discovered,"does manifesting ex back work",manifestation,yes_no,26.6,1,1,1,1,0,5,""
7462,discovered,"does manifesting a boyfriend work",manifestation,yes_no,26.6,1,1,1,1,0,6,""
7463,discovered,"does manifesting a baby work",manifestation,yes_no,26.6,1,1,1,1,0,7,""
7464,discovered,"does manifesting him back work",manifestation,yes_no,26.6,1,1,1,1,0,8,""
7465,discovered,"does manifesting a boy work",manifestation,yes_no,26.6,1,1,1,1,0,9,""
7466,discovered,"does manifestation work for crush",manifestation,yes_no,26.6,1,1,1,1,0,5,""
7467,discovered,"does manifesting your crush work",manifestation,yes_no,26.6,1,1,1,1,0,6,""
7468,discovered,"how do manifestation codes work",manifestation,how,26.6,1,1,1,1,0,7,""
7469,discovered,"does call manifestation work",manifestation,yes_no,26.6,1,1,1,1,0,8,""
7470,discovered,"does candle manifestation work",manifestation,yes_no,26.6,1,1,1,1,0,9,""
7471,discovered,"how does manifest work dredge",manifestation,how,26.6,1,1,1,1,0,5,""
7472,discovered,"how does manifest dread work",manifestation,how,26.6,1,1,1,1,0,6,""
7473,discovered,"how does manifest dread work mtg",manifestation,how,26.6,1,1,1,1,0,7,""
7474,discovered,"how does manifest dread work with non creatures",manifestation,how,26.6,1,1,1,1,0,8,""
7475,discovered,"how does manifest dread work with instants",manifestation,how,26.6,1,1,1,1,0,9,""
7476,discovered,"how does manifesting ego work",manifestation,how,26.6,1,1,1,1,0,5,""
7477,discovered,"how does manifesting ego work project moon",manifestation,how,26.6,1,1,1,1,0,6,""
7478,discovered,"how exactly does manifestation work",manifestation,how,26.6,1,1,1,1,0,8,""
7479,discovered,"does manifestation work for ex",manifestation,yes_no,26.6,1,1,1,1,0,5,""
7480,discovered,"does manifestation work for a specific person",manifestation,yes_no,26.6,1,1,1,1,0,7,""
7481,discovered,"does manifesting good grades work",manifestation,yes_no,26.6,1,1,1,1,0,5,""
7482,discovered,"does manifesting a girl work",manifestation,yes_no,26.6,1,1,1,1,0,6,""
7483,discovered,"does neville goddard manifestation work",manifestation,yes_no,26.6,1,1,1,1,0,8,""
7484,discovered,"how does manifestation work scientifically",manifestation,how,26.6,1,1,1,1,0,6,""
7485,discovered,"how does manifestation work for love",manifestation,how,26.6,1,1,1,1,0,7,""
7486,discovered,"how does manifestation work",manifestation,how,26.6,1,1,1,1,0,8,""
7487,discovered,"how does manifestation work spiritually",manifestation,how,26.6,1,1,1,1,0,9,""
7488,discovered,"does 369 manifestation work for love",manifestation,yes_no,26.6,1,1,1,1,0,7,""
7489,discovered,"how does manifestation work mtg",manifestation,how,26.6,1,1,1,1,0,8,""
7490,discovered,"why does manifestation not work for some people",manifestation,wh,26.6,1,1,1,1,0,5,""
7491,discovered,"manifestation is not working",manifestation,noun,26.6,1,1,1,1,0,7,""
7492,discovered,"does negative manifestation work",manifestation,yes_no,26.6,1,1,1,1,0,8,""
7493,discovered,"why does my manifestation not work",manifestation,wh,26.6,1,1,1,1,0,9,""
7494,discovered,"manifestation will work or not",manifestation,noun,26.6,1,1,1,1,0,6,""
7495,discovered,"does manifesting specific person work",manifestation,yes_no,26.6,1,1,1,1,0,6,""
7496,discovered,"does manifesting a partner work",manifestation,yes_no,26.6,1,1,1,1,0,7,""
7497,discovered,"does manifesting a person work",manifestation,yes_no,26.6,1,1,1,1,0,8,""
7498,discovered,"does manifesting on paper work",manifestation,yes_no,26.6,1,1,1,1,0,9,""
7499,discovered,"does manifestation really work for money",manifestation,yes_no,26.6,1,1,1,1,0,7,""
7500,discovered,"does manifestation really work spiritually",manifestation,yes_no,26.6,1,1,1,1,0,8,""
7501,discovered,"do manifestation ritual work",manifestation,yes_no,26.6,1,1,1,1,0,9,""
7502,discovered,"do manifestation spells work",manifestation,yes_no,26.6,1,1,1,1,0,6,""
7503,discovered,"do manifestation subliminals work",manifestation,yes_no,26.6,1,1,1,1,0,8,""
7504,discovered,"does manifesting text work",manifestation,yes_no,26.6,1,1,1,1,0,5,""
7505,discovered,"do manifestation techniques work",manifestation,yes_no,26.6,1,1,1,1,0,6,""
7506,discovered,"does 555 manifestation technique work",angel_numbers,yes_no,26.6,1,1,1,1,0,8,""
7507,discovered,"does water manifestation technique work",manifestation,yes_no,26.6,1,1,1,1,0,9,""
7508,discovered,"how effective is manifestation",manifestation,how,26.6,1,1,1,1,0,8,""
7509,discovered,"how does manifest work with lands",manifestation,how,26.6,1,1,1,1,0,6,""
7510,discovered,"does residual manifest work with flashbang",manifestation,yes_no,26.6,1,1,1,1,0,7,""
7511,discovered,"manifest will work when you trust the process",manifestation,noun,26.6,1,1,1,1,0,8,""
7512,discovered,"does residual manifest work with ace in the hole",manifestation,yes_no,26.6,1,1,1,1,0,9,""
7513,discovered,"what is shadow work about",manifestation,wh,26.6,1,1,1,1,0,5,""
7514,discovered,"what is shadow work astrology",manifestation,wh,26.6,1,1,1,1,0,7,""
7515,discovered,"what is shadow work ai",manifestation,wh,26.6,1,1,1,1,0,9,""
7516,discovered,"is shadow work biblical",manifestation,yes_no,26.6,1,1,1,1,0,6,""
7517,discovered,"is shadow work bad",manifestation,yes_no,26.6,1,1,1,1,0,7,""
7518,discovered,"is shadow work black magic",manifestation,yes_no,26.6,1,1,1,1,0,8,""
7519,discovered,"is shadow work beneficial",manifestation,yes_no,26.6,1,1,1,1,0,9,""
7520,discovered,"what is shadow work in corporate",manifestation,wh,26.6,1,1,1,1,0,6,""
7521,discovered,"what is shadow work in chikankari",manifestation,wh,26.6,1,1,1,1,0,7,""
7522,discovered,"what is shadow work in counselling",manifestation,wh,26.6,1,1,1,1,0,8,""
7523,discovered,"what is shadow work in events",manifestation,wh,26.6,1,1,1,1,0,8,""
7524,discovered,"what is shadow work in event management",manifestation,wh,26.6,1,1,1,1,0,9,""
7525,discovered,"what is shadow work for healing",manifestation,wh,26.6,1,1,1,1,0,6,""
7526,discovered,"what is shadow work for adhd",manifestation,wh,26.6,1,1,1,1,0,7,""
7527,discovered,"what is shadow work for therapy",manifestation,wh,26.6,1,1,1,1,0,8,""
7528,discovered,"is shadow work good for trauma",manifestation,yes_no,26.6,1,1,1,1,0,5,""
7529,discovered,"is shadow work good for you",manifestation,yes_no,26.6,1,1,1,1,0,6,""
7530,discovered,"is shadow work godly",manifestation,yes_no,26.6,1,1,1,1,0,7,""
7531,discovered,"is shadow work good for ptsd",manifestation,yes_no,26.6,1,1,1,1,0,8,""
7532,discovered,"is shadow work good for ocd",manifestation,yes_no,26.6,1,1,1,1,0,9,""
7533,discovered,"what is shadow work in hindi",manifestation,wh,26.6,1,1,1,1,0,6,""
7534,discovered,"what is shadow work in manifestation",manifestation,wh,26.6,1,1,1,1,0,5,""
7535,discovered,"what is shadow work in journaling",manifestation,wh,26.6,1,1,1,1,0,6,""
7536,discovered,"what is shadow work in wicca",manifestation,wh,26.6,1,1,1,1,0,7,""
7537,discovered,"what is the best shadow work journal",manifestation,wh,26.6,1,1,1,1,0,5,""
7538,discovered,"what is shadow work in jobs",manifestation,wh,26.6,1,1,1,1,0,7,""
7539,discovered,"what does the shadow work journal help with",manifestation,wh,26.6,1,1,1,1,0,8,""
7540,discovered,"is shadow work journal worth",manifestation,yes_no,26.6,1,1,1,1,0,9,""
7541,discovered,"examples of shadow work",manifestation,noun,26.6,1,1,1,1,0,6,""
7542,discovered,"who is shadow work and pensions secretary",manifestation,wh,26.6,1,1,1,1,0,5,""
7543,discovered,"is shadow work necessary",manifestation,yes_no,26.6,1,1,1,1,0,7,""
7544,discovered,"what is a job shadow opportunity",money_career,wh,26.6,1,1,1,1,0,5,""
7545,discovered,"is shadow work of god",manifestation,yes_no,26.6,1,1,1,1,0,7,""
7546,discovered,"is shadow work one word or two",manifestation,yes_no,26.6,1,1,1,1,0,8,""
7547,discovered,"what is shadow work in psychotherapy",manifestation,wh,26.6,1,1,1,1,0,5,""
7548,discovered,"what is a shadow work practitioner",manifestation,wh,26.6,1,1,1,1,0,6,""
7549,discovered,"what is a shadow work partner",manifestation,wh,26.6,1,1,1,1,0,7,""
7550,discovered,"what is job shadow program",money_career,wh,26.6,1,1,1,1,0,9,""
7551,discovered,"what are some shadow work questions",manifestation,wh,26.6,1,1,1,1,0,5,""
7552,discovered,"what is shadow work in reiki",manifestation,wh,26.6,1,1,1,1,0,5,""
7553,discovered,"what is shadow work in recovery",manifestation,wh,26.6,1,1,1,1,0,6,""
7554,discovered,"what does shadow work refer",manifestation,wh,26.6,1,1,1,1,0,8,""
7555,discovered,"what does shadow work reveal",manifestation,wh,26.6,1,1,1,1,0,9,""
7556,discovered,"what is shadow work in spanish",manifestation,wh,26.6,1,1,1,1,0,5,""
7557,discovered,"what is somatic shadow work",manifestation,wh,26.6,1,1,1,1,0,9,""
7558,discovered,"what is shadow work in therapy psychology",manifestation,wh,26.6,1,1,1,1,0,5,""
7559,discovered,"what is the best shadow work workbook",manifestation,wh,26.6,1,1,1,1,0,5,""
7560,discovered,"what is shadow work and why is it important",manifestation,wh,26.6,1,1,1,1,0,9,""
7561,discovered,"is shadow work good",manifestation,yes_no,26.6,1,1,1,1,0,5,""
7562,discovered,"signs of another spiritual awakening",spiritual_awakening,signs,26.6,1,1,1,1,0,7,""
7563,discovered,"all signs of spiritual awakening",spiritual_awakening,signs,26.6,1,1,1,1,0,8,""
7564,discovered,"signs your spirit is awakening",spiritual_awakening,signs,26.6,1,1,1,1,0,6,""
7565,discovered,"signs kundalini is awakening",chakras_energy,signs,26.6,1,1,1,1,0,7,""
7566,discovered,"what are some signs of spiritual awakening",spiritual_awakening,wh,26.6,1,1,1,1,0,5,""
7567,discovered,"what are the physical signs of spiritual awakening",spiritual_awakening,wh,26.6,1,1,1,1,0,6,""
7568,discovered,"what is accidental kundalini awakening",chakras_energy,wh,26.6,1,1,1,1,0,5,""
7569,discovered,"what is revival and spiritual awakening",spiritual_awakening,wh,26.6,1,1,1,1,0,7,""
7570,discovered,"what is next after spiritual awakening",spiritual_awakening,wh,26.6,1,1,1,1,0,8,""
7571,discovered,"what has my spiritual awakening been like",spiritual_awakening,wh,26.6,1,1,1,1,0,5,""
7572,discovered,"what is spiritual enlightenment in buddhism",spiritual_awakening,wh,26.6,1,1,1,1,0,6,""
7573,discovered,"what is the difference between a spiritual awakening and psychosis",spiritual_awakening,wh,26.6,1,1,1,1,0,7,""
7574,discovered,"is a spiritual awakening common",spiritual_awakening,yes_no,26.6,1,1,1,1,0,7,""
7575,discovered,"what causes a spiritual awakening",spiritual_awakening,wh,26.6,1,1,1,1,0,8,""
7576,discovered,"what does a spiritual awakening in sobriety feel like",spiritual_awakening,wh,26.6,1,1,1,1,0,8,""
7577,discovered,"what does a spiritual awakening do",spiritual_awakening,wh,26.6,1,1,1,1,0,9,""
7578,discovered,"what is a forced spiritual awakening",spiritual_awakening,wh,26.6,1,1,1,1,0,7,""
7579,discovered,"what does a kundalini awakening feel like physically",chakras_energy,wh,26.6,1,1,1,1,0,8,""
7580,discovered,"what is it like to have a spiritual awakening",spiritual_awakening,wh,26.6,1,1,1,1,0,6,""
7581,discovered,"what is spiritual awakening in twin flame",twin_flame_soulmate,wh,26.6,1,1,1,1,0,7,""
7582,discovered,"what is spiritual enlightenment in christianity",spiritual_awakening,wh,26.6,1,1,1,1,0,9,""
7583,discovered,"what does spiritual awakening lead",spiritual_awakening,wh,26.6,1,1,1,1,0,5,""
7584,discovered,"what does a kundalini awakening look like",chakras_energy,wh,26.6,1,1,1,1,0,6,""
7585,discovered,"what people think spiritual awakening looks like",spiritual_awakening,wh,26.6,1,1,1,1,0,9,""
7586,discovered,"what does having a spiritual awakening",spiritual_awakening,wh,26.6,1,1,1,1,0,7,""
7587,discovered,"what is spiritual awakening in malayalam",spiritual_awakening,wh,26.6,1,1,1,1,0,8,""
7588,discovered,"what does spiritual awakening mean in the bible",spiritual_awakening,wh,26.6,1,1,1,1,0,9,""
7589,discovered,"what is a profound spiritual awakening",spiritual_awakening,wh,26.6,1,1,1,1,0,5,""
7590,discovered,"what spiritually awakened people feel in crowds",spiritual_awakening,wh,26.6,1,1,1,1,0,6,""
7591,discovered,"is a spiritual awakening psychosis",spiritual_awakening,yes_no,26.6,1,1,1,1,0,7,""
7592,discovered,"is a spiritual awakening painful",spiritual_awakening,yes_no,26.6,1,1,1,1,0,8,""
7593,discovered,"is a spiritual awakening rare",spiritual_awakening,yes_no,26.6,1,1,1,1,0,5,""
7594,discovered,"what is kundalini shakti awakening",chakras_energy,wh,26.6,1,1,1,1,0,5,""
7595,discovered,"what is a spontaneous kundalini awakening",chakras_energy,wh,26.6,1,1,1,1,0,7,""
7596,discovered,"what is spiritual awakening in tamil",spiritual_awakening,wh,26.6,1,1,1,1,0,5,""
7597,discovered,"what is the spiritual awakening",spiritual_awakening,wh,26.6,1,1,1,1,0,6,""
7598,discovered,"what triggers a spiritual awakening",spiritual_awakening,wh,26.6,1,1,1,1,0,7,""
7599,discovered,"what is the spiritual awakening in aa",spiritual_awakening,wh,26.6,1,1,1,1,0,8,""
7600,discovered,"what is my spirit animal am i",spiritual_awakening,wh,26.6,1,1,1,1,0,5,""
7601,discovered,"what is my spirit animal as a sagittarius",astrology,wh,26.6,1,1,1,1,0,6,""
7602,discovered,"what is my spirit animal aries",astrology,wh,26.6,1,1,1,1,0,7,""
7603,discovered,"what is my spirit animal as a pisces",astrology,wh,26.6,1,1,1,1,0,8,""
7604,discovered,"what is my spirit animal as a capricorn",astrology,wh,26.6,1,1,1,1,0,9,""
7605,discovered,"what is my spirit animal by zodiac",astrology,wh,26.6,1,1,1,1,0,7,""
7606,discovered,"what is my spirit animal by birthday august",spiritual_awakening,wh,26.6,1,1,1,1,0,8,""
7607,discovered,"what is my spirit animal by birthday february",spiritual_awakening,wh,26.6,1,1,1,1,0,9,""
7608,discovered,"my spirit animal chart",spiritual_awakening,noun,26.6,1,1,1,1,0,6,""
7609,discovered,"what is my spirit animal chatgpt",spiritual_awakening,wh,26.6,1,1,1,1,0,7,""
7610,discovered,"what is my spirit animal detailed",spiritual_awakening,wh,26.6,1,1,1,1,0,5,""
7611,discovered,"what is my spirit animal dolphin",spiritual_awakening,wh,26.6,1,1,1,1,0,6,""
7612,discovered,"what is my spirit animal december 12",spiritual_awakening,wh,26.6,1,1,1,1,0,7,""
7613,discovered,"what is my spirit animal in depth",spiritual_awakening,wh,26.6,1,1,1,1,0,9,""
7614,discovered,"my spirit animal quiz faq",spiritual_awakening,noun,26.6,1,1,1,1,0,7,""
7615,discovered,"what is the spirit animal of each zodiac",astrology,wh,26.6,1,1,1,1,0,9,""
7616,discovered,"what is my spirit animal for july",spiritual_awakening,wh,26.6,1,1,1,1,0,5,""
7617,discovered,"what is my spirit animal for october",spiritual_awakening,wh,26.6,1,1,1,1,0,6,""
7618,discovered,"what is my spirit animal for november",spiritual_awakening,wh,26.6,1,1,1,1,0,9,""
7619,discovered,"what is the spiritual animal for gemini",astrology,wh,26.6,1,1,1,1,0,5,""
7620,discovered,"what is my guardian spirit animal",spiritual_awakening,wh,26.6,1,1,1,1,0,6,""
7621,discovered,"what does the spirit animal giraffe",spiritual_awakening,wh,26.6,1,1,1,1,0,7,""
7622,discovered,"what is the gorilla spirit animal",spiritual_awakening,wh,26.6,1,1,1,1,0,8,""
7623,discovered,"my spirit animal gif",spiritual_awakening,noun,26.6,1,1,1,1,0,9,""
7624,discovered,"what is my spirit animal hummingbird",spiritual_awakening,wh,26.6,1,1,1,1,0,5,""
7625,discovered,"what is the spirit animal in harry potter called",spiritual_awakening,wh,26.6,1,1,1,1,0,6,""
7626,discovered,"what is your spirit animal in hindi",spiritual_awakening,wh,26.6,1,1,1,1,0,7,""
7627,discovered,"what is the spirit animal in harry potter",spiritual_awakening,wh,26.6,1,1,1,1,0,8,""
7628,discovered,"what's your spirit animal hindi",spiritual_awakening,wh,26.6,1,1,1,1,0,9,""
7629,discovered,"what is my spirit animal if i was born in february",spiritual_awakening,wh,26.6,1,1,1,1,0,5,""
7630,discovered,"what is my spirit animal if i was born in june",spiritual_awakening,wh,26.6,1,1,1,1,0,6,""
7631,discovered,"what is my spirit animal if i was born in january",spiritual_awakening,wh,26.6,1,1,1,1,0,7,""
7632,discovered,"what is my spirit animal if i was born in april",spiritual_awakening,wh,26.6,1,1,1,1,0,8,""
7633,discovered,"what is my spirit animal if i was born in november",spiritual_awakening,wh,26.6,1,1,1,1,0,9,""
7634,discovered,"what is my spirit animal january 27",spiritual_awakening,wh,26.6,1,1,1,1,0,5,""
7635,discovered,"what is my spirit animal january 24",spiritual_awakening,wh,26.6,1,1,1,1,0,6,""
7636,discovered,"what is my spirit animal january 30",spiritual_awakening,wh,26.6,1,1,1,1,0,7,""
7637,discovered,"what is my spirit animal june 6",spiritual_awakening,wh,26.6,1,1,1,1,0,8,""
7638,discovered,"what is my spirit animal january 21",spiritual_awakening,wh,26.6,1,1,1,1,0,9,""
7639,discovered,"what's your spirit animal kendall jenner",spiritual_awakening,wh,26.6,1,1,1,1,0,5,""
7640,discovered,"what's your spirit animal ka matlab",spiritual_awakening,wh,26.6,1,1,1,1,0,6,""
7641,discovered,"what is my korean spirit animal",spiritual_awakening,wh,26.6,1,1,1,1,0,7,""
7642,discovered,"what is my kindred spirit animal",spiritual_awakening,wh,26.6,1,1,1,1,0,8,""
7643,discovered,"what is the spirit animal for libra",astrology,wh,26.6,1,1,1,1,0,5,""
7644,discovered,"what is the spirit animal for leo",astrology,wh,26.6,1,1,1,1,0,6,""
7645,discovered,"what is the spirit animal of leo zodiac",astrology,wh,26.6,1,1,1,1,0,7,""
7646,discovered,"what is the spirit animal for libra woman",astrology,wh,26.6,1,1,1,1,0,8,""
7647,discovered,"what is the spiritual animal for libra",astrology,wh,26.6,1,1,1,1,0,9,""
7648,discovered,"what is my spirit animal march 23",spiritual_awakening,wh,26.6,1,1,1,1,0,5,""
7649,discovered,"what is my spirit animal month",spiritual_awakening,wh,26.6,1,1,1,1,0,6,""
7650,discovered,"what is my spirit animal nebula",spiritual_awakening,wh,26.6,1,1,1,1,0,6,""
7651,discovered,"what is my spirit animal november 23",spiritual_awakening,wh,26.6,1,1,1,1,0,7,""
7652,discovered,"what is my spirit animal november 26",spiritual_awakening,wh,26.6,1,1,1,1,0,8,""
7653,discovered,"what is my spirit animal native",spiritual_awakening,wh,26.6,1,1,1,1,0,9,""
7654,discovered,"what is the spirit animal of virgo",astrology,wh,26.6,1,1,1,1,0,5,""
7655,discovered,"what is the spirit animal of aquarius",astrology,wh,26.6,1,1,1,1,0,6,""
7656,discovered,"what is the spirit animal of sagittarius",astrology,wh,26.6,1,1,1,1,0,7,""
7657,discovered,"what is the spirit animal of gemini",astrology,wh,26.6,1,1,1,1,0,8,""
7658,discovered,"what is the spirit animal of scorpio",astrology,wh,26.6,1,1,1,1,0,9,""
7659,discovered,"what is the spirit animal for pisces",astrology,wh,26.6,1,1,1,1,0,5,""
7660,discovered,"what is the spirit animal for people born in august",spiritual_awakening,wh,26.6,1,1,1,1,0,6,""
7661,discovered,"what is the spirit animal for people born in november",spiritual_awakening,wh,26.6,1,1,1,1,0,7,""
7662,discovered,"what is the spirit animal for people born in october",spiritual_awakening,wh,26.6,1,1,1,1,0,8,""
7663,discovered,"what is the spirit animal for people born in december",spiritual_awakening,wh,26.6,1,1,1,1,0,9,""
7664,discovered,"what is my spirit animal quick",spiritual_awakening,wh,26.6,1,1,1,1,0,8,""
7665,discovered,"what's my spirit animal",spiritual_awakening,wh,26.6,1,1,1,1,0,6,""
7666,discovered,"what is my real spirit animal",spiritual_awakening,wh,26.6,1,1,1,1,0,7,""
7667,discovered,"what is my relationship spirit animal",spiritual_awakening,wh,26.6,1,1,1,1,0,8,""
7668,discovered,"what is your spirit animal if you're born in march",spiritual_awakening,wh,26.6,1,1,1,1,0,9,""
7669,discovered,"what is my spirit animal spirithoods",spiritual_awakening,wh,26.6,1,1,1,1,0,5,""
7670,discovered,"what is the spirit animal scorpion",astrology,wh,26.6,1,1,1,1,0,6,""
7671,discovered,"what is the spirit animal for september",spiritual_awakening,wh,26.6,1,1,1,1,0,9,""
7672,discovered,"what is the spirit animal for taurus woman",astrology,wh,26.6,1,1,1,1,0,5,""
7673,discovered,"what is the best spirit animal",spiritual_awakening,wh,26.6,1,1,1,1,0,6,""
7674,discovered,"what is the my spirit animal",spiritual_awakening,wh,26.6,1,1,1,1,0,7,""
7675,discovered,"what is the spirit animal for the month of may",spiritual_awakening,wh,26.6,1,1,1,1,0,8,""
7676,discovered,"what is the spirit animal for the month of june",spiritual_awakening,wh,26.6,1,1,1,1,0,9,""
7677,discovered,"what is my viking spirit animal",spiritual_awakening,wh,26.6,1,1,1,1,0,5,""
7678,discovered,"what is my viking spirit animal by birthday",spiritual_awakening,wh,26.6,1,1,1,1,0,6,""
7679,discovered,"what is the spirit animal for september virgo",astrology,wh,26.6,1,1,1,1,0,7,""
7680,discovered,"my spirit animal",spiritual_awakening,noun,26.6,1,1,1,1,0,8,""
7681,discovered,"what is your spirit animal if you were born in december",spiritual_awakening,wh,26.6,1,1,1,1,0,5,""
7682,discovered,"what is your spirit animal if you were born in january",spiritual_awakening,wh,26.6,1,1,1,1,0,6,""
7683,discovered,"what is your spirit animal if you were born in september",spiritual_awakening,wh,26.6,1,1,1,1,0,7,""
7684,discovered,"what is your spirit animal if you were born in october",spiritual_awakening,wh,26.6,1,1,1,1,0,8,""
7685,discovered,"what is your spirit animal if you were born in june",spiritual_awakening,wh,26.6,1,1,1,1,0,9,""
7686,discovered,"what is my spirit animal according to zodiac",astrology,wh,26.6,1,1,1,1,0,5,""
7687,discovered,"what is my zapotec spirit animal by date of birth",spiritual_awakening,wh,26.6,1,1,1,1,0,8,""
7688,discovered,"what is my zapotec spirit animal",spiritual_awakening,wh,26.6,1,1,1,1,0,9,""
7689,discovered,"how to know who your spirit guides are",psychic_abilities,how,26.6,1,1,1,1,0,5,""
7690,discovered,"how to know your spirit guide animal",psychic_abilities,how,26.6,1,1,1,1,0,7,""
7691,discovered,"how to find your aboriginal spirit animal",spiritual_awakening,how,26.6,1,1,1,1,0,8,""
7692,discovered,"how to determine your animal.spirit guide",psychic_abilities,how,26.6,1,1,1,1,0,9,""
7693,discovered,"how to know your spirit animal by birthday",spiritual_awakening,how,26.6,1,1,1,1,0,5,""
7694,discovered,"how can you find your spirit guide",psychic_abilities,how,26.6,1,1,1,1,0,5,""
7695,discovered,"how to get closer to your spirit guides",psychic_abilities,how,26.6,1,1,1,1,0,6,""
7696,discovered,"find your spirit animal class",spiritual_awakening,noun,26.6,1,1,1,1,0,7,""
7697,discovered,"how can i find my spirit animal",spiritual_awakening,how,26.6,1,1,1,1,0,7,""
7698,discovered,"how to find your indigenous spirit animal",spiritual_awakening,how,26.6,1,1,1,1,0,8,""
7699,discovered,"how to know your mythical spirit animal",spiritual_awakening,how,26.6,1,1,1,1,0,5,""
7700,discovered,"find your spirit animal melbourne",spiritual_awakening,noun,26.6,1,1,1,1,0,6,""
7701,discovered,"how to find your norse spirit animal",spiritual_awakening,how,26.6,1,1,1,1,0,5,""
7702,discovered,"how to find your guardian angel number",angel_numbers,how,26.6,1,1,1,1,0,7,""
7703,discovered,"how to know your native spirit animal",spiritual_awakening,how,26.6,1,1,1,1,0,8,""
7704,discovered,"how to find out my spirit guide",psychic_abilities,how,26.6,1,1,1,1,0,5,""
7705,discovered,"how to find your own spirit animal",spiritual_awakening,how,26.6,1,1,1,1,0,6,""
7706,discovered,"how to find your true spirit animal",spiritual_awakening,how,26.6,1,1,1,1,0,5,""
7707,discovered,"how to truly find your spirit animal",spiritual_awakening,how,26.6,1,1,1,1,0,6,""
7708,discovered,"how to find the name of your spirit guide",psychic_abilities,how,26.6,1,1,1,1,0,8,""
7709,discovered,"how to know what your spirit animal id",spiritual_awakening,how,26.6,1,1,1,1,0,9,""
7710,discovered,"how to figure out your spirit animal",spiritual_awakening,how,26.6,1,1,1,1,0,5,""
7711,discovered,"how to find your spirit animal based on your birthday",spiritual_awakening,how,26.6,1,1,1,1,0,6,""
7712,discovered,"how to know what spirit guide you have",psychic_abilities,how,26.6,1,1,1,1,0,8,""
7713,discovered,"what does it mean when you see a angel in your dream",dreams,wh,26.6,1,1,1,1,0,7,""
7714,discovered,"what does it mean when you see a alligator in your dream",dreams,wh,26.6,1,1,1,1,0,9,""
7715,discovered,"what does it mean when you see a clock in your dream",dreams,wh,26.6,1,1,1,1,0,8,""
7716,discovered,"what does it mean when you see a dragonfly spiritually",signs_synchronicity,wh,26.6,1,1,1,1,0,5,""
7717,discovered,"what does it mean when you see a dead person in your dream",dreams,wh,26.6,1,1,1,1,0,8,""
7718,discovered,"what does it mean when you see a deceased loved one in a dream",dreams,wh,26.6,1,1,1,1,0,9,""
7719,discovered,"what does it mean when you see a fox at night",signs_synchronicity,wh,26.6,1,1,1,1,0,5,""
7720,discovered,"what does it mean when you see a fox during the day",signs_synchronicity,wh,26.6,1,1,1,1,0,8,""
7721,discovered,"what does it mean when you see a ghost",grief_afterlife,wh,26.6,1,1,1,1,0,6,""
7722,discovered,"what does it mean when you see a ghost of yourself",grief_afterlife,wh,26.6,1,1,1,1,0,9,""
7723,discovered,"what does it mean when you see a hummingbird up close",signs_synchronicity,wh,26.6,1,1,1,1,0,5,""
7724,discovered,"what does it mean when you see a hummingbird in your dream",dreams,wh,26.6,1,1,1,1,0,8,""
7725,discovered,"what does is mean when you see a fox",signs_synchronicity,wh,26.6,1,1,1,1,0,5,""
7726,discovered,"what does it mean when you see a jackal in your dream",dreams,wh,26.6,1,1,1,1,0,6,""
7727,discovered,"what does it mean when you see a killer whale in your dream",dreams,wh,26.6,1,1,1,1,0,7,""
7728,discovered,"what does it mean when you see a loved one who passed away in your dreams",dreams,wh,26.6,1,1,1,1,0,8,""
7729,discovered,"what does it mean when you see a monarch butterfly everyday",signs_synchronicity,wh,26.6,1,1,1,1,0,6,""
7730,discovered,"what does it mean when you see a newborn baby in your dream",dreams,wh,26.6,1,1,1,1,0,9,""
7731,discovered,"what does it mean when you see a owl during the day",signs_synchronicity,wh,26.6,1,1,1,1,0,5,""
7732,discovered,"what does it mean when you see a owl in your dream",dreams,wh,26.6,1,1,1,1,0,9,""
7733,discovered,"what does it mean when you see a passed loved one in your dream",dreams,wh,26.6,1,1,1,1,0,7,""
7734,discovered,"what does it mean when you see a purple butterfly",signs_synchronicity,wh,26.6,1,1,1,1,0,8,""
7735,discovered,"what does it mean when you see a robin",signs_synchronicity,wh,26.6,1,1,1,1,0,7,""
7736,discovered,"what does it mean when you see a tornado in your dream",dreams,wh,26.6,1,1,1,1,0,6,""
7737,discovered,"what does it mean when you see a tiger in your dream",dreams,wh,26.6,1,1,1,1,0,7,""
7738,discovered,"what does it mean when you see a tiger swallowtail butterfly",signs_synchronicity,wh,26.6,1,1,1,1,0,8,""
7739,discovered,"what does it mean when you see a volcano in your dream",dreams,wh,26.6,1,1,1,1,0,5,""
7740,discovered,"what does it mean when you see a white feather",signs_synchronicity,wh,26.6,1,1,1,1,0,5,""
7741,discovered,"what does it mean when you see a yellow monarch butterfly",signs_synchronicity,wh,26.6,1,1,1,1,0,9,""
7742,discovered,"why do i keep seeing a white butterfly",signs_synchronicity,wh,26.6,1,1,1,1,0,5,""
7743,discovered,"why do i keep seeing angel numbers everyday",angel_numbers,wh,26.6,1,1,1,1,0,8,""
7744,discovered,"why do i keep seeing cardinals everywhere",signs_synchronicity,wh,26.6,1,1,1,1,0,5,""
7745,discovered,"why do i keep seeing ghosts",grief_afterlife,wh,26.6,1,1,1,1,0,7,""
7746,discovered,"why do i keep seeing his name everywhere spiritual meaning christian",spiritual_awakening,wh,26.6,1,1,1,1,0,6,""
7747,discovered,"why do i keep seeing jinn in my dream",dreams,wh,26.6,1,1,1,1,0,7,""
7748,discovered,"why do i keep seeing number 333",angel_numbers,wh,26.6,1,1,1,1,0,8,""
7749,discovered,"why do i keep seeing number 222",angel_numbers,wh,26.6,1,1,1,1,0,9,""
7750,discovered,"why do i keep seeing people that look like my ex",love_relationships,wh,26.6,1,1,1,1,0,5,""
7751,discovered,"why do i keep seeing snakes in my dreams",dreams,wh,26.6,1,1,1,1,0,5,""
7752,discovered,"why do i keep seeing so many angel numbers",angel_numbers,wh,26.6,1,1,1,1,0,9,""
7753,discovered,"why do i keep seeing violent dreams",dreams,wh,26.6,1,1,1,1,0,5,""
7754,discovered,"why do i keep seeing white feathers",signs_synchronicity,wh,26.6,1,1,1,1,0,8,""
7755,discovered,"why do i keep seeing the same zodiac",astrology,wh,26.6,1,1,1,1,0,6,""
7756,discovered,"how to remove negative energy around",protection_energy,how,26.6,1,1,1,1,0,5,""
7757,discovered,"how to cleanse negative energy from an item",protection_energy,how,26.6,1,1,1,1,0,9,""
7758,discovered,"how to remove negative energy from body",protection_energy,how,26.6,1,1,1,1,0,5,""
7759,discovered,"how to remove negative energy from body and mind",protection_energy,how,26.6,1,1,1,1,0,6,""
7760,discovered,"how to remove negative energy from bedroom",protection_energy,how,26.6,1,1,1,1,0,8,""
7761,discovered,"how to remove negative energy from bathroom",protection_energy,how,26.6,1,1,1,1,0,9,""
7762,discovered,"how to remove negative energy from chakra",protection_energy,how,26.6,1,1,1,1,0,5,""
7763,discovered,"how to remove negative energy with camphor",protection_energy,how,26.6,1,1,1,1,0,6,""
7764,discovered,"how to remove negative energy with cinnamon",protection_energy,how,26.6,1,1,1,1,0,7,""
7765,discovered,"how to send negative energy back to sender egg cleanse",protection_energy,how,26.6,1,1,1,1,0,5,""
7766,discovered,"how to cleanse and get rid of negative energy",protection_energy,how,26.6,1,1,1,1,0,5,""
7767,discovered,"how to remove negative energy from home with salt and water",protection_energy,how,26.6,1,1,1,1,0,5,""
7768,discovered,"how to remove negative energy from home spiritually",protection_energy,how,26.6,1,1,1,1,0,6,""
7769,discovered,"how to remove negative energy from house",protection_energy,how,26.6,1,1,1,1,0,7,""
7770,discovered,"how to cleanse bad energy from home",protection_energy,how,26.6,1,1,1,1,0,8,""
7771,discovered,"how to remove negative energy from home hinduism",protection_energy,how,26.6,1,1,1,1,0,9,""
7772,discovered,"how to remove negative energy in bedroom",protection_energy,how,26.6,1,1,1,1,0,5,""
7773,discovered,"how to remove negative energy in body",protection_energy,how,26.6,1,1,1,1,0,6,""
7774,discovered,"how to remove negative energy in room",protection_energy,how,26.6,1,1,1,1,0,7,""
7775,discovered,"how to remove negative energy in islam",protection_energy,how,26.6,1,1,1,1,0,8,""
7776,discovered,"how to remove negative energy in office",protection_energy,how,26.6,1,1,1,1,0,9,""
7777,discovered,"how to remove negative energy from home with kapoor",protection_energy,how,26.6,1,1,1,1,0,6,""
7778,discovered,"how to remove negative energy from body in kannada",protection_energy,how,26.6,1,1,1,1,0,7,""
7779,discovered,"how to remove negative energy and bad luck",protection_energy,how,26.6,1,1,1,1,0,6,""
7780,discovered,"how to cleanse land of negative energy",protection_energy,how,26.6,1,1,1,1,0,7,""
7781,discovered,"how to remove negative energy from home with lemon",protection_energy,how,26.6,1,1,1,1,0,8,""
7782,discovered,"how to remove negative energy from home using lemon",protection_energy,how,26.6,1,1,1,1,0,9,""
7783,discovered,"how to cleanse negative energy from",protection_energy,how,26.6,1,1,1,1,0,6,""
7784,discovered,"how to remove negative energy from mind",protection_energy,how,26.6,1,1,1,1,0,7,""
7785,discovered,"how to remove negative energy from my husband",protection_energy,how,26.6,1,1,1,1,0,8,""
7786,discovered,"how to remove negative energy from myself",protection_energy,how,26.6,1,1,1,1,0,9,""
7787,discovered,"how to remove negative energy from office",protection_energy,how,26.6,1,1,1,1,0,6,""
7788,discovered,"how to remove negative energy from others",protection_energy,how,26.6,1,1,1,1,0,7,""
7789,discovered,"how to clear negative energy out of your home",protection_energy,how,26.6,1,1,1,1,0,9,""
7790,discovered,"how to remove negative energy from people",protection_energy,how,26.6,1,1,1,1,0,5,""
7791,discovered,"how to remove negative energy from phone",protection_energy,how,26.6,1,1,1,1,0,6,""
7792,discovered,"how to remove negative energy from work place",protection_energy,how,26.6,1,1,1,1,0,7,""
7793,discovered,"how to remove negative energy from mind permanently",protection_energy,how,26.6,1,1,1,1,0,8,""
7794,discovered,"how to remove negative energy from another person",protection_energy,how,26.6,1,1,1,1,0,9,""
7795,discovered,"how to remove negative energy from rudraksha",protection_energy,how,26.6,1,1,1,1,0,5,""
7796,discovered,"how to remove negative energy from my room",protection_energy,how,26.6,1,1,1,1,0,6,""
7797,discovered,"how to cleanse negative energy from someone",protection_energy,how,26.6,1,1,1,1,0,6,""
7798,discovered,"how to cleanse yourself from negative energy spiritually",protection_energy,how,26.6,1,1,1,1,0,8,""
7799,discovered,"how to cleanse negative energy from a space",protection_energy,how,26.6,1,1,1,1,0,9,""
7800,discovered,"how to clear negative energy from the house",protection_energy,how,26.6,1,1,1,1,0,6,""
7801,discovered,"how to remove negative energy from things",protection_energy,how,26.6,1,1,1,1,0,7,""
7802,discovered,"how to remove negative energy in the office",protection_energy,how,26.6,1,1,1,1,0,8,""
7803,discovered,"how to remove negative energy from the workplace",protection_energy,how,26.6,1,1,1,1,0,9,""
7804,discovered,"how to remove negative energy from home using salt",protection_energy,how,26.6,1,1,1,1,0,8,""
7805,discovered,"how to remove negative energy from home using camphor",protection_energy,how,26.6,1,1,1,1,0,9,""
7806,discovered,"how to cleanse negative energy with incense",protection_energy,how,26.6,1,1,1,1,0,5,""
7807,discovered,"how to clear negative energy with a pendulum",protection_energy,how,26.6,1,1,1,1,0,9,""
7808,discovered,"how to clear negative energy from yourself",protection_energy,how,26.6,1,1,1,1,0,8,""
7809,discovered,"how to remove negative energy from your home",protection_energy,how,26.6,1,1,1,1,0,9,""
7810,discovered,"i am already cursed",protection_energy,noun,26.6,1,1,1,1,0,6,""
7811,discovered,"i am a cursed one",protection_energy,noun,26.6,1,1,1,1,0,7,""
7812,discovered,"i am cursed band",protection_energy,noun,26.6,1,1,1,1,0,5,""
7813,discovered,"i am a curse crafter anime",protection_energy,noun,26.6,1,1,1,1,0,5,""
7814,discovered,"i am a curse crafter read",protection_energy,noun,26.6,1,1,1,1,0,6,""
7815,discovered,"dos2 why am.i cursed",protection_energy,noun,26.6,1,1,1,1,0,5,""
7816,discovered,"cursed am i if i don't preach the gospel",protection_energy,noun,26.6,1,1,1,1,0,6,""
7817,discovered,"emei am i cursed",protection_energy,noun,26.6,1,1,1,1,0,7,""
7818,discovered,"i am cursed meaning in english with",protection_energy,meaning,26.6,1,1,1,1,0,8,""
7819,discovered,"will i get cursed from watching incantation",protection_energy,yes_no,26.6,1,1,1,1,0,9,""
7820,discovered,"should i get cursed silksong",protection_energy,yes_no,26.6,1,1,1,1,0,5,""
7821,discovered,"will i get cursed after watching incantation",protection_energy,yes_no,26.6,1,1,1,1,0,6,""
7822,discovered,"should i get cursed ending silksong",protection_energy,yes_no,26.6,1,1,1,1,0,7,""
7823,discovered,"i am cursed in german",protection_energy,noun,26.6,1,1,1,1,0,9,""
7824,discovered,"how am i cursed",protection_energy,how,26.6,1,1,1,1,0,5,""
7825,discovered,"i am cursed in italian",protection_energy,noun,26.6,1,1,1,1,0,7,""
7826,discovered,"i am a curse jjk",protection_energy,noun,26.6,1,1,1,1,0,7,""
7827,discovered,"i'm cursed juice wrld",protection_energy,noun,26.6,1,1,1,1,0,8,""
7828,discovered,"i am already cursed meaning in kannada",protection_energy,meaning,26.6,1,1,1,1,0,5,""
7829,discovered,"is my home cursed",protection_energy,yes_no,26.6,1,1,1,1,0,6,""
7830,discovered,"i was cursed like eve got bitten",protection_energy,noun,26.6,1,1,1,1,0,5,""
7831,discovered,"i am blessed not cursed",protection_energy,noun,26.6,1,1,1,1,0,9,""
7832,discovered,"i am a cursed one paleface",protection_energy,noun,26.6,1,1,1,1,0,9,""
7833,discovered,"geto cursed am i pretty",protection_energy,noun,26.6,1,1,1,1,0,5,""
7834,discovered,"i am cursed meaning in punjabi",protection_energy,meaning,26.6,1,1,1,1,0,6,""
7835,discovered,"what cursed",protection_energy,wh,26.6,1,1,1,1,0,7,""
7836,discovered,"should i remove cursed seedling coc",protection_energy,yes_no,26.6,1,1,1,1,0,7,""
7837,discovered,"should i remove cursed seedling",protection_energy,yes_no,26.6,1,1,1,1,0,9,""
7838,discovered,"i am so cursed",protection_energy,noun,26.6,1,1,1,1,0,7,""
7839,discovered,"i am speed cursed",protection_energy,noun,26.6,1,1,1,1,0,8,""
7840,discovered,"should i skip cursed ship in blox fruits",protection_energy,yes_no,26.6,1,1,1,1,0,9,""
7841,discovered,"am i cursed to be single",protection_energy,yes_no,26.6,1,1,1,1,0,6,""
7842,discovered,"i have been cursed",protection_energy,noun,26.6,1,1,1,1,0,8,""
7843,discovered,"am i cursed with bad luck astrology",astrology,yes_no,26.6,1,1,1,1,0,5,""
7844,discovered,"am i cursed witchcraft",protection_energy,yes_no,26.6,1,1,1,1,0,6,""
7845,discovered,"i have cursed your blessings",protection_energy,noun,26.6,1,1,1,1,0,5,""
7846,discovered,"i have cursed you",protection_energy,noun,26.6,1,1,1,1,0,6,""
7847,discovered,"i will curse you",protection_energy,noun,26.6,1,1,1,1,0,7,""
7848,discovered,"what is the evil eye amulet",protection_energy,wh,26.6,1,1,1,1,0,5,""
7849,discovered,"what is the evil eye amulet called",protection_energy,wh,26.6,1,1,1,1,0,8,""
7850,discovered,"what is the evil eye according to the bible",protection_energy,wh,26.6,1,1,1,1,0,9,""
7851,discovered,"what is the evil eye belief",protection_energy,wh,26.6,1,1,1,1,0,6,""
7852,discovered,"what is the evil eye bible",protection_energy,wh,26.6,1,1,1,1,0,7,""
7853,discovered,"what is an evil eye bracelet breaks",protection_energy,wh,26.6,1,1,1,1,0,8,""
7854,discovered,"what is an evil eye biblical",protection_energy,wh,26.6,1,1,1,1,0,9,""
7855,discovered,"what is the evil eye charm called",protection_energy,wh,26.6,1,1,1,1,0,6,""
7856,discovered,"what is the evil eye catholic",protection_energy,wh,26.6,1,1,1,1,0,7,""
7857,discovered,"what is the evil eye christian",protection_energy,wh,26.6,1,1,1,1,0,9,""
7858,discovered,"what is an evil eye dream catcher",dreams,wh,26.6,1,1,1,1,0,5,""
7859,discovered,"what is the evil eye bracelet do",protection_energy,wh,26.6,1,1,1,1,0,7,""
7860,discovered,"what eye is the evil eye",protection_energy,wh,26.6,1,1,1,1,0,6,""
7861,discovered,"what is the meaning of evil eye in english",protection_energy,wh,26.6,1,1,1,1,0,7,""
7862,discovered,"where is the evil eye emoji in whatsapp",protection_energy,wh,26.6,1,1,1,1,0,8,""
7863,discovered,"where is the evil eye emoji iphone",protection_energy,wh,26.6,1,1,1,1,0,9,""
7864,discovered,"what culture is the evil eye from",protection_energy,wh,26.6,1,1,1,1,0,5,""
7865,discovered,"what religion is the evil eye from",protection_energy,wh,26.6,1,1,1,1,0,8,""
7866,discovered,"what country is the evil eye from",protection_energy,wh,26.6,1,1,1,1,0,9,""
7867,discovered,"what is the evil eye good luck charm",protection_energy,wh,26.6,1,1,1,1,0,5,""
7868,discovered,"what is the evil eye hamsa",protection_energy,wh,26.6,1,1,1,1,0,6,""
7869,discovered,"what is the evil eye hindu",protection_energy,wh,26.6,1,1,1,1,0,7,""
7870,discovered,"what is the evil eye hex",protection_energy,wh,26.6,1,1,1,1,0,8,""
7871,discovered,"what is the evil eye in hispanic culture",protection_energy,wh,26.6,1,1,1,1,0,9,""
7872,discovered,"what is the evil eye in mexican culture",protection_energy,wh,26.6,1,1,1,1,0,6,""
7873,discovered,"what is the evil eye in italian",protection_energy,wh,26.6,1,1,1,1,0,7,""
7874,discovered,"what is the evil eye in turkey",protection_energy,wh,26.6,1,1,1,1,0,8,""
7875,discovered,"what is the meaning behind evil eye jewelry",protection_energy,wh,26.6,1,1,1,1,0,5,""
7876,discovered,"what does the evil eye jewelry symbolize",protection_energy,wh,26.6,1,1,1,1,0,6,""
7877,discovered,"what is the use of evil eye keychain",protection_energy,wh,26.6,1,1,1,1,0,5,""
7878,discovered,"what is the 7 knot evil eye",protection_energy,wh,26.6,1,1,1,1,0,6,""
7879,discovered,"what keeps the evil eye away",protection_energy,wh,26.6,1,1,1,1,0,7,""
7880,discovered,"what was the evil eye",protection_energy,wh,26.6,1,1,1,1,0,8,""
7881,discovered,"the evil eye kdrama",protection_energy,noun,26.6,1,1,1,1,0,9,""
7882,discovered,"what is the evil eye in lotr",protection_energy,wh,26.6,1,1,1,1,0,5,""
7883,discovered,"which eye is the evil eye left or right",protection_energy,wh,26.6,1,1,1,1,0,7,""
7884,discovered,"what does the evil eye look like in real life",protection_energy,wh,26.6,1,1,1,1,0,8,""
7885,discovered,"what does the evil eye look like in jewelry",protection_energy,wh,26.6,1,1,1,1,0,9,""
7886,discovered,"what is the evil eye made out",protection_energy,wh,26.6,1,1,1,1,0,5,""
7887,discovered,"what is the evil eye muslim",protection_energy,wh,26.6,1,1,1,1,0,6,""
7888,discovered,"what is the evil eye myth",protection_energy,wh,26.6,1,1,1,1,0,8,""
7889,discovered,"what is the evil eye necklace called",protection_energy,wh,26.6,1,1,1,1,0,5,""
7890,discovered,"what religion is the evil eye necklace",protection_energy,wh,26.6,1,1,1,1,0,8,""
7891,discovered,"what is the evil eye emoji name",protection_energy,wh,26.6,1,1,1,1,0,9,""
7892,discovered,"what is the evil eye in sea of thieves",protection_energy,wh,26.6,1,1,1,1,0,5,""
7893,discovered,"what is the meaning of evil eye off",protection_energy,wh,26.6,1,1,1,1,0,6,""
7894,discovered,"what is the meaning of evil eye off in urdu",protection_energy,wh,26.6,1,1,1,1,0,7,""
7895,discovered,"what is the evil eye pendant called",protection_energy,wh,26.6,1,1,1,1,0,5,""
7896,discovered,"what is the evil eye purpose",protection_energy,wh,26.6,1,1,1,1,0,6,""
7897,discovered,"what is the evil eye power",protection_energy,wh,26.6,1,1,1,1,0,8,""
7898,discovered,"what is the evil eye palm",protection_energy,wh,26.6,1,1,1,1,0,9,""
7899,discovered,"what is the evil eye ring",protection_energy,wh,26.6,1,1,1,1,0,5,""
7900,discovered,"what is the evil eye ritual",protection_energy,wh,26.6,1,1,1,1,0,6,""
7901,discovered,"what is the evil eye returns about",protection_energy,wh,26.6,1,1,1,1,0,7,""
7902,discovered,"what is an evil eye ring",protection_energy,wh,26.6,1,1,1,1,0,8,""
7903,discovered,"what is an evil eye rosary",protection_energy,wh,26.6,1,1,1,1,0,9,""
7904,discovered,"what is the evil eye symbol for protection",protection_energy,wh,26.6,1,1,1,1,0,6,""
7905,discovered,"what is the evil third eye in dragon ball",psychic_abilities,wh,26.6,1,1,1,1,0,5,""
7906,discovered,"what is an evil eye",protection_energy,wh,26.6,1,1,1,1,0,6,""
7907,discovered,"what is an evil eye tree",protection_energy,wh,26.6,1,1,1,1,0,7,""
7908,discovered,"what cultures is the evil eye used",protection_energy,wh,26.6,1,1,1,1,0,5,""
7909,discovered,"what is the evil eye emoji used",protection_energy,wh,26.6,1,1,1,1,0,6,""
7910,discovered,"is the evil eye used for protection",protection_energy,yes_no,26.6,1,1,1,1,0,8,""
7911,discovered,"what is the meaning of evil eye in urdu",protection_energy,wh,26.6,1,1,1,1,0,9,""
7912,discovered,"the evil eye verse",protection_energy,noun,26.6,1,1,1,1,0,5,""
7913,discovered,"what is the indian version of evil eye",protection_energy,wh,26.6,1,1,1,1,0,6,""
7914,discovered,"what is the italian version of the evil eye",protection_energy,wh,26.6,1,1,1,1,0,7,""
7915,discovered,"what is the difference between the all seeing eye and the evil eye",protection_energy,wh,26.6,1,1,1,1,0,9,""
7916,discovered,"what is the white evil eye",protection_energy,wh,26.6,1,1,1,1,0,6,""
7917,discovered,"what is the evil eye and what does it do",protection_energy,wh,26.6,1,1,1,1,0,7,""
7918,discovered,"what is with the evil eye",protection_energy,wh,26.6,1,1,1,1,0,8,""
7919,discovered,"what is the evil eye and what does it represent",protection_energy,wh,26.6,1,1,1,1,0,9,""
7920,discovered,"the evil eye youtube",protection_energy,noun,26.6,1,1,1,1,0,5,""
7921,discovered,"the evil eye york menu",protection_energy,noun,26.6,1,1,1,1,0,6,""
7922,discovered,"what is the meaning of yellow evil eye",protection_energy,wh,26.6,1,1,1,1,0,7,""
7923,discovered,"what crystal is for april",crystals_rituals,wh,26.6,1,1,1,1,0,5,""
7924,discovered,"what crystal is for attracting love",crystals_rituals,wh,26.6,1,1,1,1,0,6,""
7925,discovered,"what crystal is for aries woman",astrology,wh,26.6,1,1,1,1,0,7,""
7926,discovered,"what crystal is for august leo",astrology,wh,26.6,1,1,1,1,0,8,""
7927,discovered,"what stone is for a gemini",astrology,wh,26.6,1,1,1,1,0,9,""
7928,discovered,"what is crystal bracelet",crystals_rituals,wh,26.6,1,1,1,1,0,5,""
7929,discovered,"what crystal is blue",crystals_rituals,wh,26.6,1,1,1,1,0,6,""
7930,discovered,"what crystal is black",crystals_rituals,wh,26.6,1,1,1,1,0,7,""
7931,discovered,"what crystal is brown",crystals_rituals,wh,26.6,1,1,1,1,0,8,""
7932,discovered,"what crystal is for capricorn",astrology,wh,26.6,1,1,1,1,0,5,""
7933,discovered,"what crystal is for communication",crystals_rituals,wh,26.6,1,1,1,1,0,7,""
7934,discovered,"what crystal is for courage",crystals_rituals,wh,26.6,1,1,1,1,0,8,""
7935,discovered,"what crystal is dark blue",crystals_rituals,wh,26.6,1,1,1,1,0,5,""
7936,discovered,"what crystal is dark green",crystals_rituals,wh,26.6,1,1,1,1,0,6,""
7937,discovered,"what crystal is diamond",crystals_rituals,wh,26.6,1,1,1,1,0,7,""
7938,discovered,"what crystal is deep blue",crystals_rituals,wh,26.6,1,1,1,1,0,8,""
7939,discovered,"what crystal is emerald",crystals_rituals,wh,26.6,1,1,1,1,0,5,""
7940,discovered,"what is crystal engineering",crystals_rituals,wh,26.6,1,1,1,1,0,6,""
7941,discovered,"what is crystal egg adopt",crystals_rituals,wh,26.6,1,1,1,1,0,7,""
7942,discovered,"what is crystal ear",crystals_rituals,wh,26.6,1,1,1,1,0,8,""
7943,discovered,"what is crystal essence demonfall",crystals_rituals,wh,26.6,1,1,1,1,0,9,""
7944,discovered,"what is crystal flush",crystals_rituals,wh,26.6,1,1,1,1,0,5,""
7945,discovered,"what crystal is fluorite",crystals_rituals,wh,26.6,1,1,1,1,0,6,""
7946,discovered,"what is crystal field theory",crystals_rituals,wh,26.6,1,1,1,1,0,7,""
7947,discovered,"what is crystal flash",crystals_rituals,wh,26.6,1,1,1,1,0,8,""
7948,discovered,"what is crystal fox",crystals_rituals,wh,26.6,1,1,1,1,0,9,""
7949,discovered,"what crystal is for good luck and protection",protection_energy,wh,26.6,1,1,1,1,0,5,""
7950,discovered,"what crystal is for good fortune",crystals_rituals,wh,26.6,1,1,1,1,0,6,""
7951,discovered,"what crystal is for growth",crystals_rituals,wh,26.6,1,1,1,1,0,7,""
7952,discovered,"what crystal is good for anxiety",crystals_rituals,wh,26.6,1,1,1,1,0,8,""
7953,discovered,"what is crystal for glasses",crystals_rituals,wh,26.6,1,1,1,1,0,9,""
7954,discovered,"what crystal is for health and healing",crystals_rituals,wh,26.6,1,1,1,1,0,5,""
7955,discovered,"what crystal is for healing sickness",crystals_rituals,wh,26.6,1,1,1,1,0,6,""
7956,discovered,"what is crystal for hair",crystals_rituals,wh,26.6,1,1,1,1,0,7,""
7957,discovered,"amethyst crystal what",crystals_rituals,noun,26.6,1,1,1,1,0,7,""
7958,discovered,"selenite crystal what",crystals_rituals,noun,26.6,1,1,1,1,0,9,""
7959,discovered,"what is crystal key",crystals_rituals,wh,26.6,1,1,1,1,0,5,""
7960,discovered,"what is crystal key for demonfall",crystals_rituals,wh,26.6,1,1,1,1,0,6,""
7961,discovered,"what crystal for kitchen",crystals_rituals,wh,26.6,1,1,1,1,0,7,""
7962,discovered,"what is crystal knows",crystals_rituals,wh,26.6,1,1,1,1,0,9,""
7963,discovered,"what crystal is for leo",astrology,wh,26.6,1,1,1,1,0,5,""
7964,discovered,"what crystal is for luck and wealth",crystals_rituals,wh,26.6,1,1,1,1,0,6,""
7965,discovered,"what crystal is for life",crystals_rituals,wh,26.6,1,1,1,1,0,7,""
7966,discovered,"what crystal is for lust",crystals_rituals,wh,26.6,1,1,1,1,0,8,""
7967,discovered,"what stone is for libra",astrology,wh,26.6,1,1,1,1,0,9,""
7968,discovered,"what crystal is for manifestation",manifestation,wh,26.6,1,1,1,1,0,5,""
7969,discovered,"what crystal is for money and luck",crystals_rituals,wh,26.6,1,1,1,1,0,6,""
7970,discovered,"what crystal is for mental health",crystals_rituals,wh,26.6,1,1,1,1,0,7,""
7971,discovered,"what is crystal noodle",crystals_rituals,wh,26.6,1,1,1,1,0,5,""
7972,discovered,"what is crystal nephropathy",crystals_rituals,wh,26.6,1,1,1,1,0,6,""
7973,discovered,"what is crystal nose",crystals_rituals,wh,26.6,1,1,1,1,0,8,""
7974,discovered,"what is crystal necklace",crystals_rituals,wh,26.6,1,1,1,1,0,9,""
7975,discovered,"what is crystal saw for osrs",crystals_rituals,wh,26.6,1,1,1,1,0,7,""
7976,discovered,"what is crystal of atlan",crystals_rituals,wh,26.6,1,1,1,1,0,8,""
7977,discovered,"what is crystal opal",crystals_rituals,wh,26.6,1,1,1,1,0,9,""
7978,discovered,"what crystal is for protection from negative energy",protection_energy,wh,26.6,1,1,1,1,0,5,""
7979,discovered,"what crystal is for physical healing",crystals_rituals,wh,26.6,1,1,1,1,0,6,""
7980,discovered,"what crystal is for patience",crystals_rituals,wh,26.6,1,1,1,1,0,7,""
7981,discovered,"what crystal is for prosperity",crystals_rituals,wh,26.6,1,1,1,1,0,8,""
7982,discovered,"what crystal is for pain relief",crystals_rituals,wh,26.6,1,1,1,1,0,9,""
7983,discovered,"what is crystal quartzite",crystals_rituals,wh,26.6,1,1,1,1,0,5,""
7984,discovered,"what is crystal quality",crystals_rituals,wh,26.6,1,1,1,1,0,6,""
7985,discovered,"what is crystal queen",crystals_rituals,wh,26.6,1,1,1,1,0,7,""
7986,discovered,"what is crystal queer",crystals_rituals,wh,26.6,1,1,1,1,0,8,""
7987,discovered,"what crystal is red",crystals_rituals,wh,26.6,1,1,1,1,0,5,""
7988,discovered,"what crystal is rainbow",crystals_rituals,wh,26.6,1,1,1,1,0,6,""
7989,discovered,"what is crystal rock",crystals_rituals,wh,26.6,1,1,1,1,0,8,""
7990,discovered,"what is crystal retinal",crystals_rituals,wh,26.6,1,1,1,1,0,9,""
7991,discovered,"what crystal is for success",crystals_rituals,wh,26.6,1,1,1,1,0,5,""
7992,discovered,"what crystal is for strength and courage",crystals_rituals,wh,26.6,1,1,1,1,0,6,""
7993,discovered,"what crystal is for safety",crystals_rituals,wh,26.6,1,1,1,1,0,7,""
7994,discovered,"what crystal is for safety and protection",protection_energy,wh,26.6,1,1,1,1,0,8,""
7995,discovered,"what crystal is for travel",crystals_rituals,wh,26.6,1,1,1,1,0,6,""
7996,discovered,"what stone is for taurus",astrology,wh,26.6,1,1,1,1,0,7,""
7997,discovered,"what crystal is tourmaline",crystals_rituals,wh,26.6,1,1,1,1,0,9,""
7998,discovered,"what is crystal uhd vs qled",crystals_rituals,wh,26.6,1,1,1,1,0,5,""
7999,discovered,"what is crystal uhd samsung",crystals_rituals,wh,26.6,1,1,1,1,0,6,""
8000,discovered,"what is crystal uhd vs oled",crystals_rituals,wh,26.6,1,1,1,1,0,7,""
8001,discovered,"what is crystal uhd in samsung tv",crystals_rituals,wh,26.6,1,1,1,1,0,8,""
8002,discovered,"what is crystal uhd vs led",crystals_rituals,wh,26.6,1,1,1,1,0,9,""
8003,discovered,"what is crystal vs glass",crystals_rituals,wh,26.6,1,1,1,1,0,5,""
8004,discovered,"what is crystal velvet",crystals_rituals,wh,26.6,1,1,1,1,0,6,""
8005,discovered,"what is crystal vision",crystals_rituals,wh,26.6,1,1,1,1,0,7,""
8006,discovered,"what is crystal violet stain",crystals_rituals,wh,26.6,1,1,1,1,0,8,""
8007,discovered,"what is crystal vape",crystals_rituals,wh,26.6,1,1,1,1,0,9,""
8008,discovered,"what crystal is water",crystals_rituals,wh,26.6,1,1,1,1,0,5,""
8009,discovered,"what is crystal world",crystals_rituals,wh,26.6,1,1,1,1,0,7,""
8010,discovered,"what is crystal weapon seed osrs",crystals_rituals,wh,26.6,1,1,1,1,0,8,""
8011,discovered,"what is crystal wine glasses",crystals_rituals,wh,26.6,1,1,1,1,0,9,""
8012,discovered,"what is crystal yoga",crystals_rituals,wh,26.6,1,1,1,1,0,5,""
8013,discovered,"what crystal is bright yellow",crystals_rituals,wh,26.6,1,1,1,1,0,6,""
8014,discovered,"what stone is for 40 years of marriage",love_relationships,wh,26.6,1,1,1,1,0,8,""
8015,discovered,"what is crystal zirconia",crystals_rituals,wh,26.6,1,1,1,1,0,5,""
8016,discovered,"what is crystal zone",crystals_rituals,wh,26.6,1,1,1,1,0,6,""
8017,discovered,"what stone is for cancer zodiac",astrology,wh,26.6,1,1,1,1,0,7,""
8018,discovered,"what stone is for leo zodiac",astrology,wh,26.6,1,1,1,1,0,8,""
8019,discovered,"what crystal is best for cancer zodiac",astrology,wh,26.6,1,1,1,1,0,9,""
8020,discovered,"full moon ritual affirmations",crystals_rituals,noun,26.6,1,1,1,1,0,6,""
8021,discovered,"full moon ritual aries",astrology,noun,26.6,1,1,1,1,0,8,""
8022,discovered,"full moon ritual at home",crystals_rituals,noun,26.6,1,1,1,1,0,9,""
8023,discovered,"full moon ritual box",crystals_rituals,noun,26.6,1,1,1,1,0,5,""
8024,discovered,"full moon ritual bali",crystals_rituals,noun,26.6,1,1,1,1,0,6,""
8025,discovered,"full moon ritual black candle",crystals_rituals,noun,26.6,1,1,1,1,0,7,""
8026,discovered,"full moon ritual berlin",crystals_rituals,noun,26.6,1,1,1,1,0,8,""
8027,discovered,"full moon ritual benefits",crystals_rituals,noun,26.6,1,1,1,1,0,9,""
8028,discovered,"full moon ritual chant",crystals_rituals,noun,26.6,1,1,1,1,0,5,""
8029,discovered,"full moon ritual cleansing",protection_energy,noun,26.6,1,1,1,1,0,6,""
8030,discovered,"full moon ritual cinnamon",crystals_rituals,noun,26.6,1,1,1,1,0,7,""
8031,discovered,"full moon ritual cat",crystals_rituals,noun,26.6,1,1,1,1,0,8,""
8032,discovered,"full moon ritual calendar",crystals_rituals,noun,26.6,1,1,1,1,0,9,""
8033,discovered,"full moon day ritual",crystals_rituals,noun,26.6,1,1,1,1,0,5,""
8034,discovered,"full moon dance ritual",crystals_rituals,noun,26.6,1,1,1,1,0,6,""
8035,discovered,"new moon ritual day after",crystals_rituals,noun,26.6,1,1,1,1,0,7,""
8036,discovered,"new moon ritual december 19",crystals_rituals,noun,26.6,1,1,1,1,0,8,""
8037,discovered,"full moon druid ritual",crystals_rituals,noun,26.6,1,1,1,1,0,9,""
8038,discovered,"full moon egg ritual",crystals_rituals,noun,26.6,1,1,1,1,0,5,""
8039,discovered,"new moon eclipse ritual",crystals_rituals,noun,26.6,1,1,1,1,0,6,""
8040,discovered,"full moon ritual twin elephant",crystals_rituals,noun,26.6,1,1,1,1,0,7,""
8041,discovered,"new moon energy ritual",crystals_rituals,noun,26.6,1,1,1,1,0,8,""
8042,discovered,"full blood moon eclipse ritual",crystals_rituals,noun,26.6,1,1,1,1,0,9,""
8043,discovered,"full moon ritual for strawberry moon",crystals_rituals,noun,26.6,1,1,1,1,0,5,""
8044,discovered,"full moon ritual for letting go",crystals_rituals,noun,26.6,1,1,1,1,0,7,""
8045,discovered,"full moon ritual for couples",crystals_rituals,noun,26.6,1,1,1,1,0,8,""
8046,discovered,"full moon ritual for may 31",crystals_rituals,noun,26.6,1,1,1,1,0,9,""
8047,discovered,"full moon grounding ritual",protection_energy,noun,26.6,1,1,1,1,0,5,""
8048,discovered,"full moon grief ritual",crystals_rituals,noun,26.6,1,1,1,1,0,6,""
8049,discovered,"new moon ritual guide",crystals_rituals,noun,26.6,1,1,1,1,0,7,""
8050,discovered,"full moon goddess ritual",crystals_rituals,noun,26.6,1,1,1,1,0,8,""
8051,discovered,"new moon ritual gemini",astrology,noun,26.6,1,1,1,1,0,9,""
8052,discovered,"full moon healing ritual",crystals_rituals,noun,26.6,1,1,1,1,0,5,""
8053,discovered,"new moon ritual herbs",crystals_rituals,noun,26.6,1,1,1,1,0,6,""
8054,discovered,"new moon ritual hekate",crystals_rituals,noun,26.6,1,1,1,1,0,7,""
8055,discovered,"full moon hair ritual",crystals_rituals,noun,26.6,1,1,1,1,0,8,""
8056,discovered,"full moon haircut ritual",crystals_rituals,noun,26.6,1,1,1,1,0,9,""
8057,discovered,"full moon ritual ingredients",crystals_rituals,noun,26.6,1,1,1,1,0,5,""
8058,discovered,"full moon ritual in hindi",crystals_rituals,noun,26.6,1,1,1,1,0,6,""
8059,discovered,"full moon imbolc ritual",crystals_rituals,noun,26.6,1,1,1,1,0,7,""
8060,discovered,"new moon ritual intentions",crystals_rituals,noun,26.6,1,1,1,1,0,9,""
8061,discovered,"full moon ritual january",crystals_rituals,noun,26.6,1,1,1,1,0,8,""
8062,discovered,"full moon ritual jan",crystals_rituals,noun,26.6,1,1,1,1,0,9,""
8063,discovered,"full moon labor ritual",crystals_rituals,noun,26.6,1,1,1,1,0,5,""
8064,discovered,"new moon ritual love",crystals_rituals,noun,26.6,1,1,1,1,0,6,""
8065,discovered,"new moon ritual letting go",crystals_rituals,noun,26.6,1,1,1,1,0,8,""
8066,discovered,"full moon ritual manifestation",manifestation,noun,26.6,1,1,1,1,0,5,""
8067,discovered,"full moon ritual moon water",crystals_rituals,noun,26.6,1,1,1,1,0,6,""
8068,discovered,"full moon ritual march",crystals_rituals,noun,26.6,1,1,1,1,0,8,""
8069,discovered,"full moon ritual may 1",crystals_rituals,noun,26.6,1,1,1,1,0,9,""
8070,discovered,"new moon ritual november",crystals_rituals,noun,26.6,1,1,1,1,0,5,""
8071,discovered,"full moon ceremonies near",crystals_rituals,noun,26.6,1,1,1,1,0,6,""
8072,discovered,"new moon ritual near",crystals_rituals,noun,26.6,1,1,1,1,0,7,""
8073,discovered,"full moon night ritual",crystals_rituals,noun,26.6,1,1,1,1,0,8,""
8074,discovered,"new moon ceremonies near",crystals_rituals,noun,26.6,1,1,1,1,0,9,""
8075,discovered,"full moon ocean ritual",crystals_rituals,noun,26.6,1,1,1,1,0,5,""
8076,discovered,"new moon ritual oil",crystals_rituals,noun,26.6,1,1,1,1,0,6,""
8077,discovered,"full moon ritual before or after",crystals_rituals,noun,26.6,1,1,1,1,0,9,""
8078,discovered,"full moon ritual protection",protection_energy,noun,26.6,1,1,1,1,0,6,""
8079,discovered,"full moon ritual poem",crystals_rituals,noun,26.6,1,1,1,1,0,7,""
8080,discovered,"full moon relationship ritual",crystals_rituals,noun,26.6,1,1,1,1,0,5,""
8081,discovered,"full moon return ritual",crystals_rituals,noun,26.6,1,1,1,1,0,6,""
8082,discovered,"new moon release ritual",crystals_rituals,noun,26.6,1,1,1,1,0,7,""
8083,discovered,"new moon rice ritual",crystals_rituals,noun,26.6,1,1,1,1,0,8,""
8084,discovered,"full moon ritual script",crystals_rituals,noun,26.6,1,1,1,1,0,5,""
8085,discovered,"full moon ritual shower",crystals_rituals,noun,26.6,1,1,1,1,0,6,""
8086,discovered,"full moon ritual scorpio",astrology,noun,26.6,1,1,1,1,0,7,""
8087,discovered,"full moon ritual spiritual",crystals_rituals,noun,26.6,1,1,1,1,0,8,""
8088,discovered,"full moon ritual shirt",crystals_rituals,noun,26.6,1,1,1,1,0,9,""
8089,discovered,"full moon ritual taurus",astrology,noun,26.6,1,1,1,1,0,8,""
8090,discovered,"full moon ritual time",crystals_rituals,noun,26.6,1,1,1,1,0,9,""
8091,discovered,"vedic full moon ritual",crystals_rituals,noun,26.6,1,1,1,1,0,5,""
8092,discovered,"full moon in virgo 2025 ritual",astrology,noun,26.6,1,1,1,1,0,6,""
8093,discovered,"full moon in virgo 2026 ritual",astrology,noun,26.6,1,1,1,1,0,7,""
8094,discovered,"full moon ritual with bay leaves",crystals_rituals,noun,26.6,1,1,1,1,0,5,""
8095,discovered,"full moon ritual witch",crystals_rituals,noun,26.6,1,1,1,1,0,6,""
8096,discovered,"full moon ritual with kids",crystals_rituals,noun,26.6,1,1,1,1,0,7,""
8097,discovered,"full moon ritual with period blood",crystals_rituals,noun,26.6,1,1,1,1,0,8,""
8098,discovered,"full moon ritual with partner",crystals_rituals,noun,26.6,1,1,1,1,0,9,""
8099,discovered,"yasmin boland full moon ritual",crystals_rituals,noun,26.6,1,1,1,1,0,5,""
8100,discovered,"first full moon of the year ritual",crystals_rituals,noun,26.6,1,1,1,1,0,6,""
8101,discovered,"last full moon of the year ritual",crystals_rituals,noun,26.6,1,1,1,1,0,7,""
8102,discovered,"what are chakras and where do they come from",chakras_energy,wh,26.6,1,1,1,1,0,5,""
8103,discovered,"what are chakra balls",chakras_energy,wh,26.6,1,1,1,1,0,5,""
8104,discovered,"what are body chakras",chakras_energy,wh,26.6,1,1,1,1,0,6,""
8105,discovered,"what are buddhist chakras",chakras_energy,wh,26.6,1,1,1,1,0,7,""
8106,discovered,"what are boruto's chakra nature",chakras_energy,wh,26.6,1,1,1,1,0,8,""
8107,discovered,"what are the chakra colors and meanings",chakras_energy,wh,26.6,1,1,1,1,0,5,""
8108,discovered,"what are the chakra chants",chakras_energy,wh,26.6,1,1,1,1,0,6,""
8109,discovered,"what are the 7 chakras colors",chakras_energy,wh,26.6,1,1,1,1,0,7,""
8110,discovered,"what chakra does boruto have",chakras_energy,wh,26.6,1,1,1,1,0,5,""
8111,discovered,"what chakra does kakashi have",chakras_energy,wh,26.6,1,1,1,1,0,6,""
8112,discovered,"what chakra does madara have",chakras_energy,wh,26.6,1,1,1,1,0,7,""
8113,discovered,"what are the different chakras in the body",chakras_energy,wh,26.6,1,1,1,1,0,9,""
8114,discovered,"what are the chakra elements",chakras_energy,wh,26.6,1,1,1,1,0,5,""
8115,discovered,"what are the eight chakras",chakras_energy,wh,26.6,1,1,1,1,0,6,""
8116,discovered,"what are the earth's chakra points",chakras_energy,wh,26.6,1,1,1,1,0,7,""
8117,discovered,"what are the 7 energy chakras",chakras_energy,wh,26.6,1,1,1,1,0,8,""
8118,discovered,"what are chakra stones",chakras_energy,wh,26.6,1,1,1,1,0,6,""
8119,discovered,"what are heart chakras",chakras_energy,wh,26.6,1,1,1,1,0,5,""
8120,discovered,"what are healing chakras",chakras_energy,wh,26.6,1,1,1,1,0,6,""
8121,discovered,"what are higher chakras",chakras_energy,wh,26.6,1,1,1,1,0,7,""
8122,discovered,"what are hinata's chakra nature",chakras_energy,wh,26.6,1,1,1,1,0,8,""
8123,discovered,"what are heart chakra stones",chakras_energy,wh,26.6,1,1,1,1,0,9,""
8124,discovered,"what are chakras in the bible",chakras_energy,wh,26.6,1,1,1,1,0,5,""
8125,discovered,"what are chakras in human body",chakras_energy,wh,26.6,1,1,1,1,0,6,""
8126,discovered,"what are chakras in avatar",chakras_energy,wh,26.6,1,1,1,1,0,7,""
8127,discovered,"what chakra lower back pain",chakras_energy,wh,26.6,1,1,1,1,0,5,""
8128,discovered,"7 chakras and their benefits",chakras_energy,noun,26.6,1,1,1,1,0,9,""
8129,discovered,"what are madara's chakra nature",chakras_energy,wh,26.6,1,1,1,1,0,5,""
8130,discovered,"what are the chakra mudras",chakras_energy,wh,26.6,1,1,1,1,0,7,""
8131,discovered,"what chakra moonstone",chakras_energy,wh,26.6,1,1,1,1,0,8,""
8132,discovered,"what chakra money",chakras_energy,wh,26.6,1,1,1,1,0,9,""
8133,discovered,"what are naruto's chakra elements",chakras_energy,wh,26.6,1,1,1,1,0,5,""
8134,discovered,"what are naruto's chakra",chakras_energy,wh,26.6,1,1,1,1,0,6,""
8135,discovered,"kakashi chakra nature",chakras_energy,noun,26.6,1,1,1,1,0,7,""
8136,discovered,"what are naruto's chakra natures",chakras_energy,wh,26.6,1,1,1,1,0,8,""
8137,discovered,"what are sakura's chakra nature",chakras_energy,wh,26.6,1,1,1,1,0,9,""
8138,discovered,"what are the chakras of human body",chakras_energy,wh,26.6,1,1,1,1,0,5,""
8139,discovered,"what are the chakras of yoga",chakras_energy,wh,26.6,1,1,1,1,0,7,""
8140,discovered,"what are the chakras of kundalini",chakras_energy,wh,26.6,1,1,1,1,0,8,""
8141,discovered,"what chakra orange",chakras_energy,wh,26.6,1,1,1,1,0,9,""
8142,discovered,"what are the primary chakras",chakras_energy,wh,26.6,1,1,1,1,0,5,""
8143,discovered,"what are the 7 chakra points",chakras_energy,wh,26.6,1,1,1,1,0,6,""
8144,discovered,"what are chakra readings",chakras_energy,wh,26.6,1,1,1,1,0,5,""
8145,discovered,"what are chakra rods in naruto",chakras_energy,wh,26.6,1,1,1,1,0,6,""
8146,discovered,"what are chakra releases",chakras_energy,wh,26.6,1,1,1,1,0,7,""
8147,discovered,"what are chakra rings",chakras_energy,wh,26.6,1,1,1,1,0,8,""
8148,discovered,"what are chakra releases in naruto",chakras_energy,wh,26.6,1,1,1,1,0,9,""
8149,discovered,"what are seven chakras",chakras_energy,wh,26.6,1,1,1,1,0,5,""
8150,discovered,"what are seven chakras in our body",chakras_energy,wh,26.6,1,1,1,1,0,6,""
8151,discovered,"what are sacral chakras",chakras_energy,wh,26.6,1,1,1,1,0,7,""
8152,discovered,"what are shat chakras",chakras_energy,wh,26.6,1,1,1,1,0,8,""
8153,discovered,"what are six chakras",chakras_energy,wh,26.6,1,1,1,1,0,9,""
8154,discovered,"what are the chakras in yoga",chakras_energy,wh,26.6,1,1,1,1,0,6,""
8155,discovered,"what are the chakras colors",chakras_energy,wh,26.6,1,1,1,1,0,7,""
8156,discovered,"what are the chakras in avatar",chakras_energy,wh,26.6,1,1,1,1,0,9,""
8157,discovered,"what chakra umamusume",chakras_energy,wh,26.6,1,1,1,1,0,5,""
8158,discovered,"what's chakra ui",chakras_energy,wh,26.6,1,1,1,1,0,6,""
8159,discovered,"what happens if your chakras are unbalanced",chakras_energy,wh,26.6,1,1,1,1,0,7,""
8160,discovered,"what chakra yellow",chakras_energy,wh,26.6,1,1,1,1,0,5,""
8161,discovered,"what are your chakras and what do they do",chakras_energy,wh,26.6,1,1,1,1,0,6,""
8162,discovered,"what are seven chakras in yoga",chakras_energy,wh,26.6,1,1,1,1,0,7,""
8163,discovered,"how to open chakras avatar",chakras_energy,how,26.6,1,1,1,1,0,5,""
8164,discovered,"how to unlock all chakras",chakras_energy,how,26.6,1,1,1,1,0,7,""
8165,discovered,"how to open all chakras at once",chakras_energy,how,26.6,1,1,1,1,0,8,""
8166,discovered,"how to open chakras book",chakras_energy,how,26.6,1,1,1,1,0,5,""
8167,discovered,"how to open blocked chakras",chakras_energy,how,26.6,1,1,1,1,0,9,""
8168,discovered,"how to open crown chakra fast",chakras_energy,how,26.6,1,1,1,1,0,5,""
8169,discovered,"how to unlock crown chakra",chakras_energy,how,26.6,1,1,1,1,0,6,""
8170,discovered,"how to open chest chakra",chakras_energy,how,26.6,1,1,1,1,0,7,""
8171,discovered,"how to open crown chakra through meditation",chakras_energy,how,26.6,1,1,1,1,0,8,""
8172,discovered,"how to open creativity chakra",chakras_energy,how,26.6,1,1,1,1,0,9,""
8173,discovered,"how to unlock each chakras",chakras_energy,how,26.6,1,1,1,1,0,5,""
8174,discovered,"how to open each chakras",chakras_energy,how,26.6,1,1,1,1,0,6,""
8175,discovered,"how to open earth chakra",chakras_energy,how,26.6,1,1,1,1,0,7,""
8176,discovered,"how to open every chakra",chakras_energy,how,26.6,1,1,1,1,0,8,""
8177,discovered,"how to unlock every chakra",chakras_energy,how,26.6,1,1,1,1,0,9,""
8178,discovered,"how to open fourth chakra",chakras_energy,how,26.6,1,1,1,1,0,5,""
8179,discovered,"how to open forehead chakra",chakras_energy,how,26.6,1,1,1,1,0,6,""
8180,discovered,"how to open foot chakra",chakras_energy,how,26.6,1,1,1,1,0,7,""
8181,discovered,"how to open fifth chakra",chakras_energy,how,26.6,1,1,1,1,0,8,""
8182,discovered,"how to open throat chakra fast",chakras_energy,how,26.6,1,1,1,1,0,9,""
8183,discovered,"how to open heart chakras",chakras_energy,how,26.6,1,1,1,1,0,5,""
8184,discovered,"how to open hand chakras",chakras_energy,how,26.6,1,1,1,1,0,6,""
8185,discovered,"how to open human chakras",chakras_energy,how,26.6,1,1,1,1,0,7,""
8186,discovered,"how to open heart chakra blockage",chakras_energy,how,26.6,1,1,1,1,0,8,""
8187,discovered,"how to unlock chakra in naruto",chakras_energy,how,26.6,1,1,1,1,0,5,""
8188,discovered,"how to open chakra in stuck shoulder blade",chakras_energy,how,26.6,1,1,1,1,0,6,""
8189,discovered,"how to open inner chakra",chakras_energy,how,26.6,1,1,1,1,0,7,""
8190,discovered,"how to open 7 chakras in human body",chakras_energy,how,26.6,1,1,1,1,0,8,""
8191,discovered,"how to unlock your chakra like in naruto",chakras_energy,how,26.6,1,1,1,1,0,5,""
8192,discovered,"how long to unblock chakras",chakras_energy,how,26.6,1,1,1,1,0,6,""
8193,discovered,"how to unblock mind chakra",chakras_energy,how,26.6,1,1,1,1,0,5,""
8194,discovered,"how to unlock chakra mission",chakras_energy,how,26.6,1,1,1,1,0,6,""
8195,discovered,"how to open my chakras",chakras_energy,how,26.6,1,1,1,1,0,8,""
8196,discovered,"how to open my chakras for beginners",chakras_energy,how,26.6,1,1,1,1,0,9,""
8197,discovered,"how to open neck chakra",chakras_energy,how,26.6,1,1,1,1,0,5,""
8198,discovered,"how to open 7 chakras of human body",chakras_energy,how,26.6,1,1,1,1,0,6,""
8199,discovered,"how to open all chakras of body",chakras_energy,how,26.6,1,1,1,1,0,7,""
8200,discovered,"how to open your own chakras",chakras_energy,how,26.6,1,1,1,1,0,9,""
8201,discovered,"how to unlock chakra points",chakras_energy,how,26.6,1,1,1,1,0,5,""
8202,discovered,"how to open palm chakras",chakras_energy,how,26.6,1,1,1,1,0,7,""
8203,discovered,"how to open pelvic chakra",chakras_energy,how,26.6,1,1,1,1,0,8,""
8204,discovered,"how to unblock solar plexus chakras",chakras_energy,how,26.6,1,1,1,1,0,9,""
8205,discovered,"how to unblock second chakra",chakras_energy,how,26.6,1,1,1,1,0,5,""
8206,discovered,"how to unblock solar chakra",chakras_energy,how,26.6,1,1,1,1,0,6,""
8207,discovered,"how to unblock svadhisthana chakra",chakras_energy,how,26.6,1,1,1,1,0,8,""
8208,discovered,"how to unblock sahasrara chakra",chakras_energy,how,26.6,1,1,1,1,0,9,""
8209,discovered,"how to open chakra throat",chakras_energy,how,26.6,1,1,1,1,0,6,""
8210,discovered,"how to open the chakras",chakras_energy,how,26.6,1,1,1,1,0,7,""
8211,discovered,"how to open the chakras in our body",chakras_energy,how,26.6,1,1,1,1,0,8,""
8212,discovered,"how to unlock the chakras",chakras_energy,how,26.6,1,1,1,1,0,9,""
8213,discovered,"how to unblock chakras wish",chakras_energy,how,26.6,1,1,1,1,0,5,""
8214,discovered,"how to unblock with chakra who can help",chakras_energy,how,26.6,1,1,1,1,0,7,""
8215,discovered,"how to open chakras with yoga",chakras_energy,how,26.6,1,1,1,1,0,8,""
8216,discovered,"how to open chakras with pendulum",crystals_rituals,how,26.6,1,1,1,1,0,9,""
8217,discovered,"how to open your chakras for beginners",chakras_energy,how,26.6,1,1,1,1,0,5,""
8218,discovered,"how to unlock your chakras",chakras_energy,how,26.6,1,1,1,1,0,6,""
8219,discovered,"how to open your chakras step by step",chakras_energy,how,26.6,1,1,1,1,0,7,""
8220,discovered,"how to open your chakras through meditation",chakras_energy,how,26.6,1,1,1,1,0,8,""
8221,discovered,"how to open your chakras with crystals",crystals_rituals,how,26.6,1,1,1,1,0,9,""
8222,discovered,"how to find your past life animal",past_lives_karma,how,26.6,1,1,1,1,0,5,""
8223,discovered,"how to know your past life through astrology",astrology,how,26.6,1,1,1,1,0,6,""
8224,discovered,"how to know about my past life",past_lives_karma,how,26.6,1,1,1,1,0,7,""
8225,discovered,"how to know about my past life love",past_lives_karma,how,26.6,1,1,1,1,0,8,""
8226,discovered,"how to know if your past life",past_lives_karma,how,26.6,1,1,1,1,0,5,""
8227,discovered,"how i know my past life by date of birth",past_lives_karma,how,26.6,1,1,1,1,0,6,""
8228,discovered,"how to find out what your past life",past_lives_karma,how,26.6,1,1,1,1,0,7,""
8229,discovered,"how to know what happened in my past life",past_lives_karma,how,26.6,1,1,1,1,0,8,""
8230,discovered,"how to know your past life karma",past_lives_karma,how,26.6,1,1,1,1,0,5,""
8231,discovered,"does a psychic talk to the dead",psychic_abilities,yes_no,26.6,1,1,1,1,0,5,""
8232,discovered,"can a medium really talk to the dead",grief_afterlife,yes_no,26.6,1,1,1,1,0,6,""
8233,discovered,"can psychics really talk to the dead",psychic_abilities,yes_no,26.6,1,1,1,1,0,5,""
8234,discovered,"can mediums really talk to dead people",grief_afterlife,yes_no,26.6,1,1,1,1,0,6,""
8235,discovered,"do psychics really talk to the dead",psychic_abilities,yes_no,26.6,1,1,1,1,0,7,""
8236,discovered,"how do i know if my deceased loved one is near",grief_afterlife,how,26.6,1,1,1,1,0,6,""
8237,discovered,"signs a deceased loved one is near you",grief_afterlife,signs,26.6,1,1,1,1,0,5,""
8238,discovered,"signs your deceased loved one is still nearby",grief_afterlife,signs,26.6,1,1,1,1,0,5,""
8239,discovered,"signs your dead loved one is around",grief_afterlife,signs,26.6,1,1,1,1,0,7,""
8240,discovered,"will i get a job",money_career,yes_no,26.6,1,1,1,1,0,6,""
8241,discovered,"will i get a job soon",money_career,yes_no,26.6,1,1,1,1,0,7,""
8242,discovered,"do employers let you know if you didn't get the job",money_career,yes_no,26.6,1,1,1,1,0,9,""
8243,discovered,"how long does job hunting take",money_career,how,26.6,1,1,1,1,0,5,""
8244,discovered,"how do i get the fleeca job",money_career,how,26.6,1,1,1,1,0,6,""
8245,discovered,"will i get good job",money_career,yes_no,26.6,1,1,1,1,0,7,""
8246,discovered,"do i get government job",money_career,yes_no,26.6,1,1,1,1,0,8,""
8247,discovered,"when will i get government job according to astrology",astrology,wh,26.6,1,1,1,1,0,9,""
8248,discovered,"what happens when you get hired",money_career,wh,26.6,1,1,1,1,0,8,""
8249,discovered,"will i get job in this month",money_career,yes_no,26.6,1,1,1,1,0,6,""
8250,discovered,"will i get a job in 2026 astrology",astrology,yes_no,26.6,1,1,1,1,0,9,""
8251,discovered,"knight of cups will i get the job",money_career,noun,26.6,1,1,1,1,0,5,""
8252,discovered,"king of cups will i get the job",money_career,noun,26.6,1,1,1,1,0,6,""
8253,discovered,"king of wands will i get the job",money_career,noun,26.6,1,1,1,1,0,7,""
8254,discovered,"knight of swords will i get the job",money_career,noun,26.6,1,1,1,1,0,8,""
8255,discovered,"will i get a job offer this week",money_career,yes_no,26.6,1,1,1,1,0,5,""
8256,discovered,"signs you will get the job offer",money_career,signs,26.6,1,1,1,1,0,6,""
8257,discovered,"signs you will get the job offer after interview",money_career,signs,26.6,1,1,1,1,0,7,""
8258,discovered,"do i get paid for job orientation",money_career,yes_no,26.6,1,1,1,1,0,8,""
8259,discovered,"how do i get job",money_career,how,26.6,1,1,1,1,0,9,""
8260,discovered,"when will i get permanent job",money_career,wh,26.6,1,1,1,1,0,5,""
8261,discovered,"page of swords will i get the job",money_career,noun,26.6,1,1,1,1,0,7,""
8262,discovered,"how do i get job quickly",money_career,how,26.6,1,1,1,1,0,5,""
8263,discovered,"queen of swords will i get the job",money_career,noun,26.6,1,1,1,1,0,6,""
8264,discovered,"queen of cups will i get the job",money_career,noun,26.6,1,1,1,1,0,7,""
8265,discovered,"queen of wands will i get the job",money_career,noun,26.6,1,1,1,1,0,8,""
8266,discovered,"who will get the rangers job",money_career,wh,26.6,1,1,1,1,0,5,""
8267,discovered,"what will be the job role of a chatbot designer",money_career,wh,26.6,1,1,1,1,0,7,""
8268,discovered,"how do i get job references",money_career,how,26.6,1,1,1,1,0,8,""
8269,discovered,"how do i get job requests in dbl",money_career,how,26.6,1,1,1,1,0,9,""
8270,discovered,"will i get a job soon astrology",astrology,yes_no,26.6,1,1,1,1,0,5,""
8271,discovered,"will i get a job soon tarot",tarot,yes_no,26.6,1,1,1,1,0,6,""
8272,discovered,"when will i get job seeker validation code",money_career,wh,26.6,1,1,1,1,0,8,""
8273,discovered,"will i get the job today horoscope",astrology,yes_no,26.6,1,1,1,1,0,6,""
8274,discovered,"will i get the job tomorrow horoscope",astrology,yes_no,26.6,1,1,1,1,0,7,""
8275,discovered,"how do i get job without experience",money_career,how,26.6,1,1,1,1,0,5,""
8276,discovered,"i will get a job within the next 60 days is an",money_career,noun,26.6,1,1,1,1,0,6,""
8277,discovered,"when will i get the new job",money_career,wh,26.6,1,1,1,1,0,7,""
8278,discovered,"will you get the job",money_career,yes_no,26.6,1,1,1,1,0,6,""
8279,discovered,"will i eventually get a job",money_career,yes_no,26.6,1,1,1,1,0,7,""
8280,discovered,"what is life purpose about roblox",money_career,wh,26.6,1,1,1,1,0,5,""
8281,discovered,"what gives your life purpose",money_career,wh,26.6,1,1,1,1,0,6,""
8282,discovered,"what is the game life purpose about in roblox",money_career,wh,26.6,1,1,1,1,0,7,""
8283,discovered,"what is life and purpose",money_career,wh,26.6,1,1,1,1,0,8,""
8284,discovered,"what is my purpose in life as a christian",money_career,wh,26.6,1,1,1,1,0,9,""
8285,discovered,"what is the purpose driven life by rick warren about",money_career,wh,26.6,1,1,1,1,0,5,""
8286,discovered,"what is a life dream",dreams,wh,26.6,1,1,1,1,0,8,""
8287,discovered,"what is the life expectancy of someone with triple negative breast cancer",astrology,wh,26.6,1,1,1,1,0,7,""
8288,discovered,"what is the purpose of my life why am i here",money_career,wh,26.6,1,1,1,1,0,8,""
8289,discovered,"what is my purpose in life bible",money_career,wh,26.6,1,1,1,1,0,6,""
8290,discovered,"what is my purpose in life god",money_career,wh,26.6,1,1,1,1,0,7,""
8291,discovered,"what is my purpose in life bible verses",money_career,wh,26.6,1,1,1,1,0,9,""
8292,discovered,"what is a life job",money_career,wh,26.6,1,1,1,1,0,8,""
8293,discovered,"what is a life path",angel_numbers,wh,26.6,1,1,1,1,0,6,""
8294,discovered,"what is the life purpose of a wasp",money_career,wh,26.6,1,1,1,1,0,5,""
8295,discovered,"what is the life purpose of a christian",money_career,wh,26.6,1,1,1,1,0,6,""
8296,discovered,"what is the life purpose of a fly",money_career,wh,26.6,1,1,1,1,0,7,""
8297,discovered,"what is the life purpose of a pisces",astrology,wh,26.6,1,1,1,1,0,8,""
8298,discovered,"what is the life purpose of a mayfly",money_career,wh,26.6,1,1,1,1,0,9,""
8299,discovered,"what is the career path at bcg",money_career,wh,26.6,1,1,1,1,0,7,""
8300,discovered,"what is required for your career growth and sustainability",money_career,wh,26.6,1,1,1,1,0,8,""
8301,discovered,"what is the career progression at mckinsey",money_career,wh,26.6,1,1,1,1,0,9,""
8302,discovered,"what is the career path to become a ceo",money_career,wh,26.6,1,1,1,1,0,6,""
8303,discovered,"what is the career path for biochemistry",money_career,wh,26.6,1,1,1,1,0,7,""
8304,discovered,"what is the career path for business development manager",money_career,wh,26.6,1,1,1,1,0,9,""
8305,discovered,"what is the career path for customer service",money_career,wh,26.6,1,1,1,1,0,5,""
8306,discovered,"what is the career path for crime scene investigator",money_career,wh,26.6,1,1,1,1,0,7,""
8307,discovered,"what is the career path for data science",money_career,wh,26.6,1,1,1,1,0,5,""
8308,discovered,"what is the career path for data engineer",money_career,wh,26.6,1,1,1,1,0,6,""
8309,discovered,"what is the career path for engineering",money_career,wh,26.6,1,1,1,1,0,5,""
8310,discovered,"what is the career path after executive assistant",money_career,wh,26.6,1,1,1,1,0,6,""
8311,discovered,"what is your desired career path",money_career,wh,26.6,1,1,1,1,0,7,""
8312,discovered,"what is the career path for a psychologist",money_career,wh,26.6,1,1,1,1,0,6,""
8313,discovered,"what is the career path for a flight attendant",money_career,wh,26.6,1,1,1,1,0,7,""
8314,discovered,"what is the career path for a forensic scientist",money_career,wh,26.6,1,1,1,1,0,9,""
8315,discovered,"what is the college career advancement grant",money_career,wh,26.6,1,1,1,1,0,5,""
8316,discovered,"what is the best career path in gta",money_career,wh,26.6,1,1,1,1,0,6,""
8317,discovered,"what is the best career path in gta 5",money_career,wh,26.6,1,1,1,1,0,7,""
8318,discovered,"my career path game",money_career,noun,26.6,1,1,1,1,0,8,""
8319,discovered,"what is the career path for a hospital administrator",money_career,wh,26.6,1,1,1,1,0,6,""
8320,discovered,"what is the career progression in hr",money_career,wh,26.6,1,1,1,1,0,7,""
8321,discovered,"what is the hardest career path",money_career,wh,26.6,1,1,1,1,0,8,""
8322,discovered,"what is the career path in private equity",money_career,wh,26.6,1,1,1,1,0,5,""
8323,discovered,"what is the career path in finance",money_career,wh,26.6,1,1,1,1,0,6,""
8324,discovered,"what is the career path in banking",money_career,wh,26.6,1,1,1,1,0,7,""
8325,discovered,"what is the career path in business development",money_career,wh,26.6,1,1,1,1,0,9,""
8326,discovered,"what is the career path for a librarian",astrology,wh,26.6,1,1,1,1,0,5,""
8327,discovered,"what is the career of life path number 3",angel_numbers,wh,26.6,1,1,1,1,0,6,""
8328,discovered,"what is the career path of a logistics coordinator",money_career,wh,26.6,1,1,1,1,0,7,""
8329,discovered,"what is the career path for a landscape architect",money_career,wh,26.6,1,1,1,1,0,8,""
8330,discovered,"what is the career path for a legal assistant",money_career,wh,26.6,1,1,1,1,0,9,""
8331,discovered,"what is the career path for mba",money_career,wh,26.6,1,1,1,1,0,5,""
8332,discovered,"what is the career path for neurologist",money_career,wh,26.6,1,1,1,1,0,5,""
8333,discovered,"what is my next career path",money_career,wh,26.6,1,1,1,1,0,6,""
8334,discovered,"what is the career path of a nurse practitioner",money_career,wh,26.6,1,1,1,1,0,7,""
8335,discovered,"what is the career path for a nurse anesthetist",money_career,wh,26.6,1,1,1,1,0,8,""
8336,discovered,"what is your choice of career path ncm officer",money_career,wh,26.6,1,1,1,1,0,9,""
8337,discovered,"what is the career path of a data analyst",money_career,wh,26.6,1,1,1,1,0,5,""
8338,discovered,"what is the career path of a lawyer",money_career,wh,26.6,1,1,1,1,0,6,""
8339,discovered,"what is the career path of an accountant",money_career,wh,26.6,1,1,1,1,0,7,""
8340,discovered,"what is the career path of a financial analyst",money_career,wh,26.6,1,1,1,1,0,8,""
8341,discovered,"what is the career path of an executive assistant",money_career,wh,26.6,1,1,1,1,0,9,""
8342,discovered,"what is the career path for physical therapist",money_career,wh,26.6,1,1,1,1,0,5,""
8343,discovered,"what is the career path for physiotherapist",money_career,wh,26.6,1,1,1,1,0,7,""
8344,discovered,"what is the career path for product owner",money_career,wh,26.6,1,1,1,1,0,8,""
8345,discovered,"what is the career path for pharmaceutical science",money_career,wh,26.6,1,1,1,1,0,9,""
8346,discovered,"what is the career path for quality assurance",money_career,wh,26.6,1,1,1,1,0,5,""
8347,discovered,"what is your career path interview question",money_career,wh,26.6,1,1,1,1,0,6,""
8348,discovered,"what is your ideal career path interview question",money_career,wh,26.6,1,1,1,1,0,7,""
8349,discovered,"finding my career path",money_career,noun,26.6,1,1,1,1,0,9,""
8350,discovered,"what is the career path for a radiologist",money_career,wh,26.6,1,1,1,1,0,5,""
8351,discovered,"what is the career path for a registered nurse",money_career,wh,26.6,1,1,1,1,0,6,""
8352,discovered,"what is the career path for a radiology tech",money_career,wh,26.6,1,1,1,1,0,7,""
8353,discovered,"what is the career path of a real estate agent",money_career,wh,26.6,1,1,1,1,0,9,""
8354,discovered,"what is the career path for a surgical technologist",money_career,wh,26.6,1,1,1,1,0,8,""
8355,discovered,"what is your career path tagalog",money_career,wh,26.6,1,1,1,1,0,6,""
8356,discovered,"what is the career path to become a product manager",money_career,wh,26.6,1,1,1,1,0,8,""
8357,discovered,"what is the career progression for an underwriter",money_career,wh,26.6,1,1,1,1,0,5,""
8358,discovered,"my career path ul",money_career,noun,26.6,1,1,1,1,0,6,""
8359,discovered,"my career path uiowa",money_career,noun,26.6,1,1,1,1,0,7,""
8360,discovered,"what the future holds by fleetingspectre",money_career,wh,26.6,1,1,1,1,0,5,""
8361,discovered,"what the future holds book",money_career,wh,26.6,1,1,1,1,0,6,""
8362,discovered,"what the future holds bible verse",money_career,wh,26.6,1,1,1,1,0,7,""
8363,discovered,"what your future holds by rich marotta",money_career,wh,26.6,1,1,1,1,0,8,""
8364,discovered,"what does the future hold for china",money_career,wh,26.6,1,1,1,1,0,5,""
8365,discovered,"what does the future hold for capricorns",astrology,wh,26.6,1,1,1,1,0,6,""
8366,discovered,"what does the future hold for cardano",money_career,wh,26.6,1,1,1,1,0,7,""
8367,discovered,"what does the future hold for cuba",money_career,wh,26.6,1,1,1,1,0,8,""
8368,discovered,"what does the future hold for commercial aviation maintenance",money_career,wh,26.6,1,1,1,1,0,9,""
8369,discovered,"what does the future hold.for.software.engineers",money_career,wh,26.6,1,1,1,1,0,6,""
8370,discovered,"what does the future hold for solar energy",money_career,wh,26.6,1,1,1,1,0,7,""
8371,discovered,"what does the future hold for wind energy",money_career,wh,26.6,1,1,1,1,0,8,""
8372,discovered,"what does the future hold for ai",money_career,wh,26.6,1,1,1,1,0,5,""
8373,discovered,"what does the future hold for globalization",money_career,wh,26.6,1,1,1,1,0,6,""
8374,discovered,"what does the future hold for a gemini",astrology,wh,26.6,1,1,1,1,0,7,""
8375,discovered,"what the future holds in a sentence",money_career,wh,26.6,1,1,1,1,0,5,""
8376,discovered,"what the future holds live",money_career,wh,26.6,1,1,1,1,0,6,""
8377,discovered,"what does the future hold for me answer",money_career,wh,26.6,1,1,1,1,0,8,""
8378,discovered,"what does the future hold for megacities",money_career,wh,26.6,1,1,1,1,0,9,""
8379,discovered,"what does the near future hold",money_career,wh,26.6,1,1,1,1,0,7,""
8380,discovered,"what the future holds novel",money_career,wh,26.6,1,1,1,1,0,9,""
8381,discovered,"what the future holds ottagon",money_career,wh,26.6,1,1,1,1,0,9,""
8382,discovered,"what does the future hold for silver prices",money_career,wh,26.6,1,1,1,1,0,6,""
8383,discovered,"what does the future hold for punch the monkey",money_career,wh,26.6,1,1,1,1,0,8,""
8384,discovered,"what does the future hold for russia",money_career,wh,26.6,1,1,1,1,0,5,""
8385,discovered,"what does the future hold for angela rayner",money_career,wh,26.6,1,1,1,1,0,6,""
8386,discovered,"in your opinion what does the future hold regarding transportation",money_career,noun,26.6,1,1,1,1,0,7,""
8387,discovered,"what does the future hold for the human race",money_career,wh,26.6,1,1,1,1,0,8,""
8388,discovered,"what the future holds ruby ibarra",money_career,wh,26.6,1,1,1,1,0,9,""
8389,discovered,"what does the future hold for sagittarius",astrology,wh,26.6,1,1,1,1,0,5,""
8390,discovered,"what does the future hold for solana",money_career,wh,26.6,1,1,1,1,0,6,""
8391,discovered,"what does the future hold for the us",money_career,wh,26.6,1,1,1,1,0,6,""
8392,discovered,"what the future holds tv series",money_career,wh,26.6,1,1,1,1,0,8,""
8393,discovered,"what the future holds tour",money_career,wh,26.6,1,1,1,1,0,9,""
8394,discovered,"what will the future hold for us",money_career,wh,26.6,1,1,1,1,0,5,""
8395,discovered,"does he love me quiz high school",love_relationships,yes_no,26.6,1,1,1,1,0,7,""
8396,discovered,"does he love me quiz long distance",love_relationships,yes_no,26.6,1,1,1,1,0,8,""
8397,discovered,"signs he doesnt love me anymore",love_relationships,signs,26.6,1,1,1,1,0,6,""
8398,discovered,"does he secretly love",love_relationships,yes_no,26.6,1,1,1,1,0,5,""
8399,discovered,"does she look like",love_relationships,yes_no,26.6,1,1,1,1,0,7,""
8400,discovered,"does she like me quiz wlw",love_relationships,yes_no,26.6,1,1,1,1,0,6,""
8401,discovered,"does she like me quiz high school",love_relationships,yes_no,26.6,1,1,1,1,0,7,""
8402,discovered,"does she like me quiz lesbian",love_relationships,yes_no,26.6,1,1,1,1,0,8,""
8403,discovered,"does she like me quiz for guys",love_relationships,yes_no,26.6,1,1,1,1,0,9,""
8404,discovered,"does she still love",love_relationships,yes_no,26.6,1,1,1,1,0,5,""
8405,discovered,"is she love bombing",love_relationships,yes_no,26.6,1,1,1,1,0,7,""
8406,discovered,"does she like me back",love_relationships,yes_no,26.6,1,1,1,1,0,8,""
8407,discovered,"does he even love",love_relationships,yes_no,26.6,1,1,1,1,0,5,""
8408,discovered,"do they still love",love_relationships,yes_no,26.6,1,1,1,1,0,6,""
8409,discovered,"does he even like",love_relationships,yes_no,26.6,1,1,1,1,0,9,""
8410,discovered,"does he like me quiz adults",love_relationships,yes_no,26.6,1,1,1,1,0,6,""
8411,discovered,"will he ever miss",love_relationships,yes_no,26.6,1,1,1,1,0,5,""
8412,discovered,"does she even miss",love_relationships,yes_no,26.6,1,1,1,1,0,6,""
8413,discovered,"how does he not miss",love_relationships,how,26.6,1,1,1,1,0,8,""
8414,discovered,"does he like me quiz adult",love_relationships,yes_no,26.6,1,1,1,1,0,5,""
8415,discovered,"does he like me quiz online friend",love_relationships,yes_no,26.6,1,1,1,1,0,7,""
8416,discovered,"does he like me quiz long distance",love_relationships,yes_no,26.6,1,1,1,1,0,9,""
8417,discovered,"what does having a crush feel like",love_relationships,wh,26.6,1,1,1,1,0,7,""
8418,discovered,"does my school crush like",love_relationships,yes_no,26.6,1,1,1,1,0,5,""
8419,discovered,"it will come back meaning in malayalam",love_relationships,meaning,26.6,1,1,1,1,0,5,""
8420,discovered,"it will come back meaning in kannada",love_relationships,meaning,26.6,1,1,1,1,0,7,""
8421,discovered,"he blocked me will he come back",love_relationships,noun,26.6,1,1,1,1,0,8,""
8422,discovered,"signs he will come back after ghosting",grief_afterlife,signs,26.6,1,1,1,1,0,5,""
8423,discovered,"signs he will come back eventually",love_relationships,signs,26.6,1,1,1,1,0,6,""
8424,discovered,"spiritual signs he will come back",love_relationships,signs,26.6,1,1,1,1,0,7,""
8425,discovered,"spiritual signs he will come back after no contact",love_relationships,signs,26.6,1,1,1,1,0,9,""
8426,discovered,"she will come back meaning in malayalam",love_relationships,meaning,26.6,1,1,1,1,0,7,""
8427,discovered,"is he gonna come back",love_relationships,yes_no,26.6,1,1,1,1,0,9,""
8428,discovered,"is he coming back",love_relationships,yes_no,26.6,1,1,1,1,0,6,""
8429,discovered,"does she ever come back",love_relationships,yes_no,26.6,1,1,1,1,0,8,""
8430,discovered,"spiritual signs she will come back",love_relationships,signs,26.6,1,1,1,1,0,7,""
8431,discovered,"subtle signs she will come back after pulling away",love_relationships,signs,26.6,1,1,1,1,0,8,""
8432,discovered,"will he come back to me after blocking",love_relationships,yes_no,26.6,1,1,1,1,0,7,""
8433,discovered,"is it worth cheating",love_relationships,yes_no,26.6,1,1,1,1,0,9,""
8434,discovered,"signs he is cheating long distance",love_relationships,signs,26.6,1,1,1,1,0,5,""
8435,discovered,"signs he's cheating at work",love_relationships,signs,26.6,1,1,1,1,0,6,""
8436,discovered,"signs he's cheating again",love_relationships,signs,26.6,1,1,1,1,0,7,""
8437,discovered,"signs he's cheating on u",love_relationships,signs,26.6,1,1,1,1,0,8,""
8438,discovered,"find out if he is cheating",love_relationships,noun,26.6,1,1,1,1,0,7,""
8439,discovered,"how to tell if she is cheating",love_relationships,how,26.6,1,1,1,1,0,9,""
8440,discovered,"she needs space is she cheating",love_relationships,noun,26.6,1,1,1,1,0,7,""
8441,discovered,"gut feeling she is cheating",love_relationships,noun,26.6,1,1,1,1,0,8,""
8442,discovered,"signs she's cheating at work",love_relationships,signs,26.6,1,1,1,1,0,6,""
8443,discovered,"signs she is cheating with a coworker",love_relationships,signs,26.6,1,1,1,1,0,7,""
8444,discovered,"signs she is cheating social media",love_relationships,signs,26.6,1,1,1,1,0,8,""
8445,discovered,"signs she is cheating on whatsapp",love_relationships,signs,26.6,1,1,1,1,0,9,""
8446,discovered,"is she the one quiz wikihow",love_relationships,yes_no,26.6,1,1,1,1,0,6,""
8447,discovered,"is he thinking about me if he unblocked",love_relationships,yes_no,26.6,1,1,1,1,0,8,""
8448,discovered,"why did you ghost me meaning in malayalam",grief_afterlife,wh,26.6,1,1,1,1,0,7,""
8449,discovered,"why did you ghost me meaning in kannada",grief_afterlife,wh,26.6,1,1,1,1,0,8,""
8450,discovered,"why did you ghost me meaning in marathi",grief_afterlife,wh,26.6,1,1,1,1,0,9,""
8451,discovered,"should i break up with girlfriend",love_relationships,yes_no,26.6,1,1,1,1,0,5,""
8452,discovered,"should i break up over text",love_relationships,yes_no,26.6,1,1,1,1,0,6,""
8453,discovered,"should i break up or not",love_relationships,yes_no,26.6,1,1,1,1,0,7,""
8454,discovered,"should i break up with bf",love_relationships,yes_no,26.6,1,1,1,1,0,8,""
8455,discovered,"should i break up or wait",love_relationships,yes_no,26.6,1,1,1,1,0,9,""
8456,discovered,"signs i should break up with my partner",love_relationships,signs,26.6,1,1,1,1,0,5,""
8457,discovered,"signs i should break up with someone",love_relationships,signs,26.6,1,1,1,1,0,6,""
8458,discovered,"signs i should break up with my boyfriend",love_relationships,signs,26.6,1,1,1,1,0,7,""
8459,discovered,"can i break up miis in tomodachi life",love_relationships,yes_no,26.6,1,1,1,1,0,5,""
8460,discovered,"how to have a good break up",love_relationships,how,26.6,1,1,1,1,0,7,""
8461,discovered,"how to decide if you should break up",love_relationships,how,26.6,1,1,1,1,0,8,""
8462,discovered,"was my last relationship toxic",love_relationships,yes_no,26.6,1,1,1,1,0,6,""
8463,discovered,"is my long distance relationship toxic",love_relationships,yes_no,26.6,1,1,1,1,0,7,""
8464,discovered,"is my relationship with my mom toxic",love_relationships,yes_no,26.6,1,1,1,1,0,9,""
8465,discovered,"why won't my man commit",love_relationships,wh,26.6,1,1,1,1,0,6,""
8466,discovered,"will i ever fall in love again",love_relationships,yes_no,26.6,1,1,1,1,0,5,""
8467,discovered,"do avoidants ever find love",love_relationships,yes_no,26.6,1,1,1,1,0,9,""
8468,discovered,"signs he really loves you",love_relationships,signs,26.6,1,1,1,1,0,8,""
8469,discovered,"how to know if a guy loves you",love_relationships,how,26.6,1,1,1,1,0,5,""
8470,discovered,"how to tell if a bipolar man loves you",love_relationships,how,26.6,1,1,1,1,0,7,""
8471,discovered,"will my ex come back quiz buzzfeed",love_relationships,yes_no,26.6,1,1,1,1,0,5,""
8472,discovered,"what's the difference between soulmate and twin flames",twin_flame_soulmate,wh,26.6,1,1,1,1,0,5,""
8473,discovered,"what is the meaning soulmate in kannada",twin_flame_soulmate,wh,26.6,1,1,1,1,0,6,""
8474,discovered,"what is the meaning soulmate in tamil",twin_flame_soulmate,wh,26.6,1,1,1,1,0,7,""
8475,discovered,"who is my soulmate quiz for kids",twin_flame_soulmate,wh,26.6,1,1,1,1,0,6,""
8476,discovered,"who is my soulmate quiz name",twin_flame_soulmate,wh,26.6,1,1,1,1,0,7,""
8477,discovered,"who is my soulmate quiz for guys",twin_flame_soulmate,wh,26.6,1,1,1,1,0,8,""
8478,discovered,"who is my soulmate drawing",twin_flame_soulmate,wh,26.6,1,1,1,1,0,5,""
8479,discovered,"who is my soulmate astrology free by date of birth",twin_flame_soulmate,wh,26.6,1,1,1,1,0,8,""
8480,discovered,"what age will i meet my soulmate",twin_flame_soulmate,wh,26.6,1,1,1,1,0,5,""
8481,discovered,"when will i find my soulmate",twin_flame_soulmate,wh,26.6,1,1,1,1,0,5,""
8482,discovered,"when will.i meet my next boyfriend",love_relationships,wh,26.6,1,1,1,1,0,7,""
8483,discovered,"when do i meet my soulmate",twin_flame_soulmate,wh,26.6,1,1,1,1,0,8,""
8484,discovered,"when will i meet my soulmate vedic astrology",twin_flame_soulmate,wh,26.6,1,1,1,1,0,6,""
8485,discovered,"when will i find my true love astrology",astrology,wh,26.6,1,1,1,1,0,8,""
8486,discovered,"i am in love meaning telugu",love_relationships,meaning,26.6,1,1,1,1,0,5,""
8487,discovered,"i am in love meaning marathi",love_relationships,meaning,26.6,1,1,1,1,0,6,""
8488,discovered,"i am in love meaning urdu",love_relationships,meaning,26.6,1,1,1,1,0,7,""
8489,discovered,"i am in love meaning kannada",love_relationships,meaning,26.6,1,1,1,1,0,8,""
8490,discovered,"i was in love",love_relationships,noun,26.6,1,1,1,1,0,9,""
8491,discovered,"am i in love quiz long distance",love_relationships,yes_no,26.6,1,1,1,1,0,5,""
8492,discovered,"am i in love quiz uquiz",love_relationships,yes_no,26.6,1,1,1,1,0,6,""
8493,discovered,"am i in love quiz quotev",love_relationships,yes_no,26.6,1,1,1,1,0,7,""
8494,discovered,"am i in love quiz with him",love_relationships,yes_no,26.6,1,1,1,1,0,8,""
8495,discovered,"am i in love quiz psychology",love_relationships,yes_no,26.6,1,1,1,1,0,9,""
8496,discovered,"signs i am in love with my boyfriend",love_relationships,signs,26.6,1,1,1,1,0,5,""
8497,discovered,"signs that i am in love with my best friend",love_relationships,signs,26.6,1,1,1,1,0,6,""
8498,discovered,"signs i am falling in love",love_relationships,signs,26.6,1,1,1,1,0,7,""
8499,discovered,"signs i am falling in love with him",love_relationships,signs,26.6,1,1,1,1,0,8,""
8500,discovered,"signs i am not in love anymore",love_relationships,signs,26.6,1,1,1,1,0,9,""
8501,discovered,"i am in love with my freedom",love_relationships,noun,26.6,1,1,1,1,0,7,""
8502,discovered,"is he my soulmate quiz buzzfeed",twin_flame_soulmate,yes_no,26.6,1,1,1,1,0,8,""
8503,discovered,"is this my twin flame",twin_flame_soulmate,yes_no,26.6,1,1,1,1,0,9,""
8504,discovered,"what happens if my twin flame is married",twin_flame_soulmate,wh,26.6,1,1,1,1,0,6,""
8505,discovered,"does my twin flame know that we are twin flames",twin_flame_soulmate,yes_no,26.6,1,1,1,1,0,7,""
8506,discovered,"is it ok to date others while dating",love_relationships,yes_no,26.6,1,1,1,1,0,5,""
8507,discovered,"seeing someone vs dating",love_relationships,noun,26.6,1,1,1,1,0,6,""
8508,discovered,"do you think about me meaning in malayalam",love_relationships,yes_no,26.6,1,1,1,1,0,5,""
8509,discovered,"do you think about me meaning in marathi",love_relationships,yes_no,26.6,1,1,1,1,0,7,""
8510,discovered,"do you think about me meaning in nepali",love_relationships,yes_no,26.6,1,1,1,1,0,8,""
8511,discovered,"how does he feel about me tarot",tarot,how,26.6,1,1,1,1,0,5,""
8512,discovered,"how do you know you are spiritual gifted",psychic_abilities,how,26.6,1,1,1,1,0,5,""
8513,discovered,"def of clairvoyant",psychic_abilities,noun,26.6,1,1,1,1,0,6,""
8514,discovered,"how do you spell clairvoyant",psychic_abilities,how,26.6,1,1,1,1,0,7,""
8515,discovered,"clairvoyant near",psychic_abilities,noun,26.6,1,1,1,1,0,6,""
8516,discovered,"who is the real clairvoyant",psychic_abilities,wh,26.6,1,1,1,1,0,7,""
8517,discovered,"how to know im an empath",psychic_abilities,how,26.6,1,1,1,1,0,6,""
8518,discovered,"i am very intuitive",psychic_abilities,noun,26.6,1,1,1,1,0,5,""
8519,discovered,"what is an intuitive personality",psychic_abilities,wh,26.6,1,1,1,1,0,7,""
8520,discovered,"trust your intuition meaning in punjabi",psychic_abilities,meaning,26.6,1,1,1,1,0,8,""
8521,discovered,"trust your intuition meaning in kannada",psychic_abilities,meaning,26.6,1,1,1,1,0,9,""
8522,discovered,"how do you read someone's tarot cards",tarot,how,26.6,1,1,1,1,0,8,""
8523,discovered,"how to use tarot cards",tarot,how,26.6,1,1,1,1,0,5,""
8524,discovered,"how to start reading tarot",tarot,how,26.6,1,1,1,1,0,6,""
8525,discovered,"how to do tarot reading",tarot,how,26.6,1,1,1,1,0,7,""
8526,discovered,"how to use tarot to answer a question",tarot,how,26.6,1,1,1,1,0,6,""
8527,discovered,"how to use tarot to communicate with spirits",tarot,how,26.6,1,1,1,1,0,7,""
8528,discovered,"how to use tarot to communicate with deities",tarot,how,26.6,1,1,1,1,0,8,""
8529,discovered,"how to use tarot to make a decision",tarot,how,26.6,1,1,1,1,0,9,""
8530,discovered,"is online tarot",tarot,yes_no,26.6,1,1,1,1,0,5,""
8531,discovered,"what can i use to cleanse my tarot cards",tarot,wh,26.6,1,1,1,1,0,5,""
8532,discovered,"the moon tarot",tarot,noun,26.6,1,1,1,1,0,5,""
8533,discovered,"the lovers tarot",tarot,noun,26.6,1,1,1,1,0,6,""
8534,discovered,"wheel of fortune tarot",tarot,noun,26.6,1,1,1,1,0,7,""
8535,discovered,"temperance meaning tarot",tarot,meaning,26.6,1,1,1,1,0,9,""
8536,discovered,"is yes or no tarot",tarot,yes_no,26.6,1,1,1,1,0,7,""
8537,discovered,"yes or no tarot cards",tarot,noun,26.6,1,1,1,1,0,5,""
8538,discovered,"yes or no tarot",tarot,noun,26.6,1,1,1,1,0,6,""
8539,discovered,"chatgpt tarot",tarot,noun,26.6,1,1,1,1,0,8,""
8540,discovered,"how to do yes or no tarot",tarot,how,26.6,1,1,1,1,0,9,""
8541,discovered,"yes or no tarot reading how",tarot,noun,26.6,1,1,1,1,0,5,""
8542,discovered,"yes or no tarot spread how",tarot,noun,26.6,1,1,1,1,0,6,""
8543,discovered,"yes or no tarot too",tarot,noun,26.6,1,1,1,1,0,7,""
8544,discovered,"tarot today",tarot,noun,26.6,1,1,1,1,0,8,""
8545,discovered,"how to ask tarot",tarot,how,26.6,1,1,1,1,0,9,""
8546,discovered,"tarot online yes or no free oracle",tarot,noun,26.6,1,1,1,1,0,6,""
8547,discovered,"ask tarot",tarot,noun,26.6,1,1,1,1,0,7,""
8548,discovered,"tarot reading",tarot,noun,26.6,1,1,1,1,0,8,""
8549,discovered,"does he like me tarot",tarot,yes_no,26.6,1,1,1,1,0,5,""
8550,discovered,"how to read tarot cards to others",tarot,how,26.6,1,1,1,1,0,5,""
8551,discovered,"how to shuffle tarot cards that are too big",tarot,how,26.6,1,1,1,1,0,6,""
8552,discovered,"how to read tarot cards left to right",tarot,how,26.6,1,1,1,1,0,7,""
8553,discovered,"how to read 3 tarot cards together",tarot,how,26.6,1,1,1,1,0,8,""
8554,discovered,"easy ways to shuffle tarot cards",tarot,noun,26.6,1,1,1,1,0,8,""
8555,discovered,"what is the best tarot card deck for beginners",tarot,wh,26.6,1,1,1,1,0,5,""
8556,discovered,"beginner tarot deck with meanings",tarot,noun,26.6,1,1,1,1,0,6,""
8557,discovered,"what is the hardest rising sign to have",astrology,wh,26.6,1,1,1,1,0,6,""
8558,discovered,"what is the moon meaning in astrology",astrology,wh,26.6,1,1,1,1,0,6,""
8559,discovered,"what is the moon meaning in tarot",tarot,wh,26.6,1,1,1,1,0,9,""
8560,discovered,"what is the moon sign today spiritual",astrology,wh,26.6,1,1,1,1,0,5,""
8561,discovered,"what is the moon sign next to time on iphone",astrology,wh,26.6,1,1,1,1,0,6,""
8562,discovered,"what is moon sign how to know",astrology,wh,26.6,1,1,1,1,0,7,""
8563,discovered,"what is the moon zodiac",astrology,wh,26.6,1,1,1,1,0,8,""
8564,discovered,"what is the worst moon sign to have",astrology,wh,26.6,1,1,1,1,0,9,""
8565,discovered,"what is my zodiac sign quiz proprofs",astrology,wh,26.6,1,1,1,1,0,5,""
8566,discovered,"what is my zodiac sign quiz for kids",astrology,wh,26.6,1,1,1,1,0,6,""
8567,discovered,"what is my zodiac personality",astrology,wh,26.6,1,1,1,1,0,8,""
8568,discovered,"what is the zodiac sign to february",astrology,wh,26.6,1,1,1,1,0,5,""
8569,discovered,"what is the zodiac sign to april",astrology,wh,26.6,1,1,1,1,0,6,""
8570,discovered,"what is the zodiac sign according to date of birth",astrology,wh,26.6,1,1,1,1,0,7,""
8571,discovered,"what is my mayan zodiac",astrology,wh,26.6,1,1,1,1,0,5,""
8572,discovered,"what is my full zodiac",astrology,wh,26.6,1,1,1,1,0,6,""
8573,discovered,"what is my zodiac rising",astrology,wh,26.6,1,1,1,1,0,7,""
8574,discovered,"what are my astrological",astrology,wh,26.6,1,1,1,1,0,9,""
8575,discovered,"what does the big three",astrology,wh,26.6,1,1,1,1,0,8,""
8576,discovered,"what do the big three mean in astrology",astrology,wh,26.6,1,1,1,1,0,9,""
8577,discovered,"what are my big three signs cafe astrology",astrology,wh,26.6,1,1,1,1,0,6,""
8578,discovered,"what are my big three signs astrology",astrology,wh,26.6,1,1,1,1,0,9,""
8579,discovered,"how do i find my big three",astrology,how,26.6,1,1,1,1,0,5,""
8580,discovered,"how do i figure out my big three",astrology,how,26.6,1,1,1,1,0,6,""
8581,discovered,"what does mercury in retrograde mean spiritually",astrology,wh,26.6,1,1,1,1,0,5,""
8582,discovered,"how does mercury retrograde work",astrology,how,26.6,1,1,1,1,0,6,""
8583,discovered,"what is my mercury retrograde",astrology,wh,26.6,1,1,1,1,0,5,""
8584,discovered,"zodiac sign compatibility",astrology,signs,26.6,1,1,1,1,0,9,""
8585,discovered,"zodiac compatibility test friendship",astrology,noun,26.6,1,1,1,1,0,9,""
8586,discovered,"best zodiac compatibility",astrology,noun,26.6,1,1,1,1,0,5,""
8587,discovered,"cancer zodiac compatibility",astrology,noun,26.6,1,1,1,1,0,7,""
8588,discovered,"is zodiac compatibility",astrology,yes_no,26.6,1,1,1,1,0,8,""
8589,discovered,"zodiac signs compatibility friendship",astrology,signs,26.6,1,1,1,1,0,5,""
8590,discovered,"zodiac signs compatibility taurus",astrology,signs,26.6,1,1,1,1,0,6,""
8591,discovered,"zodiac signs compatibility love",astrology,signs,26.6,1,1,1,1,0,7,""
8592,discovered,"zodiac signs compatibility cancer",astrology,signs,26.6,1,1,1,1,0,8,""
8593,discovered,"zodiac signs compatibility percentage",astrology,signs,26.6,1,1,1,1,0,9,""
8594,discovered,"zodiac compatible to taurus",astrology,noun,26.6,1,1,1,1,0,5,""
8595,discovered,"zodiac compatible to aries",astrology,noun,26.6,1,1,1,1,0,6,""
8596,discovered,"zodiac compatible to capricorn",astrology,noun,26.6,1,1,1,1,0,7,""
8597,discovered,"zodiac compatible to leo",astrology,noun,26.6,1,1,1,1,0,8,""
8598,discovered,"zodiac compatible to sagittarius",astrology,noun,26.6,1,1,1,1,0,9,""
8599,discovered,"astrological compatibility free chart",astrology,noun,26.6,1,1,1,1,0,5,""
8600,discovered,"zodiac love compatibility",astrology,noun,26.6,1,1,1,1,0,8,""
8601,discovered,"check zodiac compatibility",astrology,noun,26.6,1,1,1,1,0,9,""
8602,discovered,"what does your venus sign mean in astrology",astrology,wh,26.6,1,1,1,1,0,5,""
8603,discovered,"what does your venus sign mean in aquarius",astrology,wh,26.6,1,1,1,1,0,6,""
8604,discovered,"what does the north node sign look like",astrology,wh,26.6,1,1,1,1,0,6,""
8605,discovered,"what does your north node sign represent",astrology,wh,26.6,1,1,1,1,0,7,""
8606,discovered,"how to find out what my north node",astrology,how,26.6,1,1,1,1,0,5,""
8607,discovered,"saturn return in gemini dates",astrology,noun,26.6,1,1,1,1,0,6,""
8608,discovered,"is vedic astrology",astrology,yes_no,26.6,1,1,1,1,0,5,""
8609,discovered,"is astrology compatibility",astrology,yes_no,26.6,1,1,1,1,0,6,""
8610,discovered,"is nadi astrology true",astrology,yes_no,26.6,1,1,1,1,0,7,""
8611,discovered,"is astrology true according to science",astrology,yes_no,26.6,1,1,1,1,0,5,""
8612,discovered,"is astrology true according to bhagavad gita",astrology,yes_no,26.6,1,1,1,1,0,6,""
8613,discovered,"is there any real science behind astrology",astrology,yes_no,26.6,1,1,1,1,0,8,""
8614,discovered,"does astrology",astrology,yes_no,26.6,1,1,1,1,0,9,""
8615,discovered,"what is the chiron",astrology,wh,26.6,1,1,1,1,0,5,""
8616,discovered,"what is my chiron zodiac",astrology,wh,26.6,1,1,1,1,0,6,""
8617,discovered,"how do you find out your chiron",astrology,how,26.6,1,1,1,1,0,7,""
8618,discovered,"what does 222 mean to angels",angel_numbers,wh,26.6,1,1,1,1,0,5,""
8619,discovered,"what does 222 mean according to the bible",angel_numbers,wh,26.6,1,1,1,1,0,7,""
8620,discovered,"what does 222 mean when trying to conceive",angel_numbers,wh,26.6,1,1,1,1,0,9,""
8621,discovered,"does 333 mean anything",angel_numbers,yes_no,26.6,1,1,1,1,0,5,""
8622,discovered,"whats seeing 333",angel_numbers,noun,26.6,1,1,1,1,0,6,""
8623,discovered,"what does 333 mean according to the bible",angel_numbers,wh,26.6,1,1,1,1,0,5,""
8624,discovered,"what does 333 mean when talking to someone",angel_numbers,wh,26.6,1,1,1,1,0,6,""
8625,discovered,"what does 222 and 333 mean together",angel_numbers,wh,26.6,1,1,1,1,0,7,""
8626,discovered,"what does 444 mean when you keep seeing",angel_numbers,wh,26.6,1,1,1,1,0,5,""
8627,discovered,"what does 444 mean to navy seals",angel_numbers,wh,26.6,1,1,1,1,0,5,""
8628,discovered,"what does 444 mean to jay z",angel_numbers,wh,26.6,1,1,1,1,0,6,""
8629,discovered,"what does 444 mean to the angels",angel_numbers,wh,26.6,1,1,1,1,0,7,""
8630,discovered,"what does 444 'mean",angel_numbers,wh,26.6,1,1,1,1,0,8,""
8631,discovered,"why does 555",angel_numbers,wh,26.6,1,1,1,1,0,5,""
8632,discovered,"what does 555 mean according to the bible",angel_numbers,wh,26.6,1,1,1,1,0,5,""
8633,discovered,"what does 222 and 555 mean together",angel_numbers,wh,26.6,1,1,1,1,0,7,""
8634,discovered,"what does 444 and 555 mean together",angel_numbers,wh,26.6,1,1,1,1,0,9,""
8635,discovered,"is 777 an angel number",angel_numbers,yes_no,26.6,1,1,1,1,0,6,""
8636,discovered,"what does 777 mean to christians",angel_numbers,wh,26.6,1,1,1,1,0,5,""
8637,discovered,"what does 777 mean to jynxzi",angel_numbers,wh,26.6,1,1,1,1,0,6,""
8638,discovered,"what does 777 mean according to the bible",angel_numbers,wh,26.6,1,1,1,1,0,7,""
8639,discovered,"what does 444 and 777 mean together",angel_numbers,wh,26.6,1,1,1,1,0,9,""
8640,discovered,"what is significance of 777",angel_numbers,wh,26.6,1,1,1,1,0,5,""
8641,discovered,"what does 888 and 333 mean together",angel_numbers,wh,26.6,1,1,1,1,0,5,""
8642,discovered,"what does 222 and 888 mean together",angel_numbers,wh,26.6,1,1,1,1,0,6,""
8643,discovered,"what does 888 and 666 mean together",angel_numbers,wh,26.6,1,1,1,1,0,7,""
8644,discovered,"what's 888",angel_numbers,wh,26.6,1,1,1,1,0,9,""
8645,discovered,"what does 999 mean to police",angel_numbers,wh,26.6,1,1,1,1,0,5,""
8646,discovered,"what does 999 mean to cops",angel_numbers,wh,26.6,1,1,1,1,0,6,""
8647,discovered,"what does 999 mean tomorrowland",angel_numbers,wh,26.6,1,1,1,1,0,7,""
8648,discovered,"what does 999 mean according to juice wrld",angel_numbers,wh,26.6,1,1,1,1,0,8,""
8649,discovered,"what does 999 mean according to the bible",angel_numbers,wh,26.6,1,1,1,1,0,9,""
8650,discovered,"what is my life path number 3",angel_numbers,wh,26.6,1,1,1,1,0,7,""
8651,discovered,"what is my life path number 6",angel_numbers,wh,26.6,1,1,1,1,0,8,""
8652,discovered,"what is the angel number",angel_numbers,wh,26.6,1,1,1,1,0,5,""
8653,discovered,"what is the angel number meaning of 888",angel_numbers,wh,26.6,1,1,1,1,0,6,""
8654,discovered,"what is the angel number meaning of 111",angel_numbers,wh,26.6,1,1,1,1,0,7,""
8655,discovered,"what is the angel number meaning of 666",angel_numbers,wh,26.6,1,1,1,1,0,8,""
8656,discovered,"what is the angel number meaning of 777",angel_numbers,wh,26.6,1,1,1,1,0,9,""
8657,discovered,"what is my angel number quiz birthday",angel_numbers,wh,26.6,1,1,1,1,0,5,""
8658,discovered,"what is my angel number quiz soulmate",twin_flame_soulmate,wh,26.6,1,1,1,1,0,6,""
8659,discovered,"what is my angel number quiz buzzfeed",angel_numbers,wh,26.6,1,1,1,1,0,7,""
8660,discovered,"what's your angel number",angel_numbers,wh,26.6,1,1,1,1,0,9,""
8661,discovered,"what does it mean when you dream about your crush spiritual",dreams,wh,26.6,1,1,1,1,0,6,""
8662,discovered,"what does it mean when you dream about someone repeatedly spiritual",dreams,wh,26.6,1,1,1,1,0,8,""
8663,discovered,"what does it mean when you dream about multiple lions biblical",dreams,wh,26.6,1,1,1,1,0,9,""
8664,discovered,"why do i keep dreaming about being late to work",dreams,wh,26.6,1,1,1,1,0,8,""
8665,discovered,"what does it mean when you dream about someone looking for you",dreams,wh,26.6,1,1,1,1,0,5,""
8666,discovered,"what does it mean when you dream about someone setting you up",dreams,wh,26.6,1,1,1,1,0,6,""
8667,discovered,"what does it mean when you dream about a specific person",dreams,wh,26.6,1,1,1,1,0,7,""
8668,discovered,"what to do dreams",dreams,wh,26.6,1,1,1,1,0,5,""
8669,discovered,"what does to dream",dreams,wh,26.6,1,1,1,1,0,6,""
8670,discovered,"what determines what you dream about",dreams,wh,26.6,1,1,1,1,0,7,""
8671,discovered,"what do dreams tell you",dreams,wh,26.6,1,1,1,1,0,8,""
8672,discovered,"can you control what you dream about",dreams,yes_no,26.6,1,1,1,1,0,9,""
8673,discovered,"lucid dreaming reddit ph",dreams,noun,26.6,1,1,1,1,0,5,""
8674,discovered,"lucid dreaming to study",dreams,noun,26.6,1,1,1,1,0,6,""
8675,discovered,"lucid dreamers",dreams,noun,26.6,1,1,1,1,0,7,""
8676,discovered,"lucid dreaming techniques",dreams,noun,26.6,1,1,1,1,0,8,""
8677,discovered,"lucid dreaming supplements",dreams,noun,26.6,1,1,1,1,0,9,""
8678,discovered,"how to fully lucid dream",dreams,how,26.6,1,1,1,1,0,5,""
8679,discovered,"how to dream lucid",dreams,how,26.6,1,1,1,1,0,6,""
8680,discovered,"how to force lucid dream",dreams,how,26.6,1,1,1,1,0,7,""
8681,discovered,"can you manifest symptoms",manifestation,yes_no,26.6,1,1,1,1,0,6,""
8682,discovered,"how do i manifest properly",manifestation,how,26.6,1,1,1,1,0,7,""
8683,discovered,"how to attract money according to vastu",money_career,how,26.6,1,1,1,1,0,5,""
8684,discovered,"easiest way to manifest money",manifestation,noun,26.6,1,1,1,1,0,7,""
8685,discovered,"how to manifest someone's death",manifestation,how,26.6,1,1,1,1,0,5,""
8686,discovered,"how to attract people",love_relationships,how,26.6,1,1,1,1,0,6,""
8687,discovered,"how to manifest something instantly",manifestation,how,26.6,1,1,1,1,0,9,""
8688,discovered,"does writing manifestation work",manifestation,yes_no,26.6,1,1,1,1,0,5,""
8689,discovered,"does money manifestation work",manifestation,yes_no,26.6,1,1,1,1,0,6,""
8690,discovered,"does 555 manifestation work",angel_numbers,yes_no,26.6,1,1,1,1,0,7,""
8691,discovered,"369 method to get ex back",manifestation,noun,26.6,1,1,1,1,0,5,""
8692,discovered,"369 method to manifest sp",manifestation,noun,26.6,1,1,1,1,0,6,""
8693,discovered,"369 method to manifest",manifestation,noun,26.6,1,1,1,1,0,7,""
8694,discovered,"369 method to manifest love",manifestation,noun,26.6,1,1,1,1,0,8,""
8695,discovered,"369 method to attract love",manifestation,noun,26.6,1,1,1,1,0,9,""
8696,discovered,"law of attraction telepathy",manifestation,noun,26.6,1,1,1,1,0,5,""
8697,discovered,"law of attraction zodiac",manifestation,noun,26.6,1,1,1,1,0,6,""
8698,discovered,"law of attraction hand",manifestation,noun,26.6,1,1,1,1,0,7,""
8699,discovered,"law of attraction working",manifestation,noun,26.6,1,1,1,1,0,8,""
8700,discovered,"how to make law of attraction work",manifestation,how,26.6,1,1,1,1,0,5,""
8701,discovered,"how to apply the law of attraction",manifestation,how,26.6,1,1,1,1,0,6,""
8702,discovered,"law of attraction free classes workshop",manifestation,noun,26.6,1,1,1,1,0,5,""
8703,discovered,"law of attraction freedom mastery",manifestation,noun,26.6,1,1,1,1,0,6,""
8704,discovered,"law of attraction free will",manifestation,noun,26.6,1,1,1,1,0,8,""
8705,discovered,"how long does bay leaf manifestation take to work",manifestation,how,26.6,1,1,1,1,0,5,""
8706,discovered,"how many days does it take to manifest",manifestation,how,26.6,1,1,1,1,0,7,""
8707,discovered,"what does shadow work mean in psychology",manifestation,wh,26.6,1,1,1,1,0,7,""
8708,discovered,"what does shadow work mean in tarot",manifestation,wh,26.6,1,1,1,1,0,8,""
8709,discovered,"what does shadow work mean in witchcraft",manifestation,wh,26.6,1,1,1,1,0,9,""
8710,discovered,"how to manifest a relationship with a specific person",manifestation,how,26.6,1,1,1,1,0,5,""
8711,discovered,"how to manifest someone specific",manifestation,how,26.6,1,1,1,1,0,6,""
8712,discovered,"how to manifest a person",manifestation,how,26.6,1,1,1,1,0,7,""
8713,discovered,"can you manifest a specific person",manifestation,yes_no,26.6,1,1,1,1,0,9,""
8714,discovered,"what is a dark night of the soul experience",spiritual_awakening,wh,26.6,1,1,1,1,0,5,""
8715,discovered,"dark night of the soul meditation",spiritual_awakening,noun,26.6,1,1,1,1,0,6,""
8716,discovered,"dark night of the soul christian",spiritual_awakening,noun,26.6,1,1,1,1,0,7,""
8717,discovered,"how does a spiritual awakening feel like",spiritual_awakening,how,26.6,1,1,1,1,0,5,""
8718,discovered,"what is the rabbit spirit animal",spiritual_awakening,wh,26.6,1,1,1,1,0,8,""
8719,discovered,"what is the rat spirit animal",spiritual_awakening,wh,26.6,1,1,1,1,0,9,""
8720,discovered,"what is my spirit animal quiz quotev",spiritual_awakening,wh,26.6,1,1,1,1,0,8,""
8721,discovered,"what is my biblical spiritual gift",psychic_abilities,wh,26.6,1,1,1,1,0,5,""
8722,discovered,"how do i know if i have a spiritual gift",psychic_abilities,how,26.6,1,1,1,1,0,9,""
8723,discovered,"what's the akashic records",psychic_abilities,wh,26.6,1,1,1,1,0,5,""
8724,discovered,"why do i keep seeing 666 everywhere",angel_numbers,wh,26.6,1,1,1,1,0,8,""
8725,discovered,"why do i continue to see angel numbers",angel_numbers,wh,26.6,1,1,1,1,0,5,""
8726,discovered,"why am i seeing so many repeating numbers",angel_numbers,wh,26.6,1,1,1,1,0,7,""
8727,discovered,"what does the butterfly symbolize",signs_synchronicity,wh,26.6,1,1,1,1,0,7,""
8728,discovered,"spiritual meaning behind butterfly",spiritual_awakening,meaning,26.6,1,1,1,1,0,8,""
8729,discovered,"what is the butterfly symbolize",signs_synchronicity,wh,26.6,1,1,1,1,0,9,""
8730,discovered,"i think i am cursed",protection_energy,noun,26.6,1,1,1,1,0,5,""
8731,discovered,"i feel like i am cursed",protection_energy,noun,26.6,1,1,1,1,0,6,""
8732,discovered,"remove negative energy from home",protection_energy,noun,26.6,1,1,1,1,0,7,""
8733,discovered,"what is hex code",protection_energy,wh,26.6,1,1,1,1,0,5,""
8734,discovered,"what does hex",protection_energy,wh,26.6,1,1,1,1,0,6,""
8735,discovered,"what is the meaning of a hex",protection_energy,wh,26.6,1,1,1,1,0,7,""
8736,discovered,"hex meaning in color",protection_energy,meaning,26.6,1,1,1,1,0,9,""
8737,discovered,"what is a hex file",protection_energy,wh,26.6,1,1,1,1,0,5,""
8738,discovered,"how does a hex key work",protection_energy,how,26.6,1,1,1,1,0,6,""
8739,discovered,"what is crystal clear",crystals_rituals,wh,26.6,1,1,1,1,0,5,""
8740,discovered,"what do crystal represent",crystals_rituals,wh,26.6,1,1,1,1,0,8,""
8741,discovered,"new moon drinking game",crystals_rituals,noun,26.6,1,1,1,1,0,5,""
8742,discovered,"how to use sage to cleanse a room",protection_energy,how,26.6,1,1,1,1,0,5,""
8743,discovered,"how to use sage to smudge",protection_energy,how,26.6,1,1,1,1,0,6,""
8744,discovered,"how to use sage smudge kit",protection_energy,how,26.6,1,1,1,1,0,5,""
8745,discovered,"what is the meaning of reiki healing",chakras_energy,wh,26.6,1,1,1,1,0,5,""
8746,discovered,"what is the meaning of reiki master",chakras_energy,wh,26.6,1,1,1,1,0,6,""
8747,discovered,"what is the meaning of reiki healer",psychic_abilities,wh,26.6,1,1,1,1,0,7,""
8748,discovered,"what is the meaning of reiki in bengali",chakras_energy,wh,26.6,1,1,1,1,0,8,""
8749,discovered,"what is the meaning of reiki symbols",chakras_energy,wh,26.6,1,1,1,1,0,9,""
8750,discovered,"does aura cost money",money_career,yes_no,26.6,1,1,1,1,0,6,""
8751,discovered,"whats my past life",past_lives_karma,noun,26.6,1,1,1,1,0,5,""
8752,discovered,"what is past life regression",past_lives_karma,wh,26.6,1,1,1,1,0,6,""
8753,discovered,"what is karma software",past_lives_karma,wh,26.6,1,1,1,1,0,5,""
8754,discovered,"how do karmic relationships work",twin_flame_soulmate,how,26.6,1,1,1,1,0,5,""
8755,discovered,"can you change a karmic relationship",twin_flame_soulmate,yes_no,26.6,1,1,1,1,0,6,""
8756,discovered,"can twin flames be karmic",twin_flame_soulmate,yes_no,26.6,1,1,1,1,0,5,""
8757,discovered,"are psychic powers",psychic_abilities,yes_no,26.6,1,1,1,1,0,5,""
8758,discovered,"are pet psychics",psychic_abilities,yes_no,26.6,1,1,1,1,0,6,""
8759,discovered,"are online psychics",psychic_abilities,yes_no,26.6,1,1,1,1,0,7,""
8760,discovered,"are any psychics",psychic_abilities,yes_no,26.6,1,1,1,1,0,8,""
8761,discovered,"i will get a job meaning in malayalam",money_career,meaning,26.6,1,1,1,1,0,5,""
8762,discovered,"when i will get job free prediction",money_career,wh,26.6,1,1,1,1,0,5,""
8763,discovered,"i will be rich meaning in marathi",money_career,meaning,26.6,1,1,1,1,0,5,""
8764,discovered,"i will be rich meaning in kannada",money_career,meaning,26.6,1,1,1,1,0,6,""
8765,discovered,"i will be rich meaning in malayalam",money_career,meaning,26.6,1,1,1,1,0,8,""
8766,discovered,"i would be rich",money_career,noun,26.6,1,1,1,1,0,9,""
8767,discovered,"i will teach you to be rich book",money_career,noun,26.6,1,1,1,1,0,6,""
8768,discovered,"i will teach you to be rich journal",money_career,noun,26.6,1,1,1,1,0,7,""
8769,discovered,"i will teach you to be rich ramit",money_career,noun,26.6,1,1,1,1,0,8,""
8770,discovered,"i will teach you to be rich podcast",money_career,noun,26.6,1,1,1,1,0,9,""
8771,discovered,"i will teach you to be rich the journal",money_career,noun,26.6,1,1,1,1,0,8,""
8772,discovered,"should i quit my part time job",money_career,yes_no,26.6,1,1,1,1,0,6,""
8773,discovered,"washington post should i quit my job",money_career,noun,26.6,1,1,1,1,0,7,""
8774,discovered,"dave ramsey should i quit my job",money_career,noun,26.6,1,1,1,1,0,8,""
8775,discovered,"should i resign from my job",money_career,yes_no,26.6,1,1,1,1,0,9,""
8776,discovered,"will i regret quitting my job to be a stay at home mom",money_career,yes_no,26.6,1,1,1,1,0,5,""
8777,discovered,"how to know if i should quit my job",money_career,how,26.6,1,1,1,1,0,6,""
8778,discovered,"should you quit a job you hate",money_career,yes_no,26.6,1,1,1,1,0,8,""
8779,discovered,"how to find my career",money_career,how,26.6,1,1,1,1,0,7,""
8780,discovered,"when will i get married free astrology calculator and prediction",astrology,wh,26.6,1,1,1,1,0,7,""
8781,discovered,"can a reverend marry a couple",love_relationships,yes_no,26.6,1,1,1,1,0,5,""
8782,seed,"what is my personal angel number",angel_numbers,wh,26.2,0,2,1,0,1,3,""
8783,discovered,"how to talk to ghosts",grief_afterlife,how,26.1,2,2,1,0,0,0,""
8784,discovered,"what is a spirit animal",spiritual_awakening,wh,26.1,2,2,1,0,0,0,""
8785,discovered,"dream about teeth falling out spiritual",dreams,noun,26.1,2,2,1,0,1,0,""
8786,discovered,"what happens before twin flame reunion",twin_flame_soulmate,wh,25.4,1,4,1,0,0,1,""
8787,discovered,"what is your destiny",money_career,wh,25.2,3,2,1,0,0,3,""
8788,discovered,"369 manifestation method",manifestation,noun,25.1,2,2,1,0,0,1,""
8789,discovered,"how to protect your energy as an empath",psychic_abilities,how,25.1,2,2,1,0,0,1,""
8790,discovered,"how to know someone is your soulmate",twin_flame_soulmate,how,25.1,2,2,1,0,0,1,""
8791,discovered,"who will i get married to astrology",astrology,wh,24.6,3,1,1,0,0,2,""
8792,discovered,"what to do on the full moon",crystals_rituals,wh,24.6,3,1,1,0,0,2,""
8793,discovered,"past life regression how",past_lives_karma,noun,24.5,2,1,1,0,0,0,""
8794,discovered,"how to know who your soulmate",twin_flame_soulmate,how,24.5,2,1,1,0,0,0,""
8795,discovered,"chakra color",chakras_energy,noun,24.5,2,1,1,0,0,0,""
8796,discovered,"limerence in love",love_relationships,noun,24.5,2,1,1,0,1,0,""
8797,discovered,"dream about my ex every night",dreams,noun,24.5,2,1,1,0,0,0,""
8798,discovered,"dream about spiders and webs",dreams,noun,24.5,2,1,1,0,0,0,""
8799,discovered,"what is a lightworker spiritual",spiritual_awakening,wh,24.5,2,1,1,0,1,0,""
8800,discovered,"law of assumption vs law of attraction",manifestation,noun,24.5,2,1,1,0,0,0,""
8801,discovered,"manifestation journal",manifestation,noun,24.5,2,1,1,0,0,0,""
8802,discovered,"ghatna chakra test series uppcs",chakras_energy,noun,24.2,3,2,1,0,0,4,""
8803,discovered,"what do hex",protection_energy,wh,24.1,2,2,1,0,0,2,""
8804,discovered,"how to know if you found your soulmate",twin_flame_soulmate,how,24.1,2,2,1,0,0,2,""
8805,discovered,"what are examples of synchronicities",signs_synchronicity,wh,23.8,1,3,1,0,0,1,""
8806,discovered,"twin flame reunion symptoms",twin_flame_soulmate,noun,23.8,1,3,1,0,0,1,""
8807,seed,"twin flame runner and chaser",twin_flame_soulmate,noun,23.5,2,2,0,0,0,0,""
8808,seed,"am i obsessed with him",unclassified,yes_no,23.5,2,2,0,0,0,0,""
8809,seed,"which chakra is blocked",chakras_energy,wh,23.5,2,2,0,0,0,0,"quiz"
8810,seed,"what does 616 mean",unclassified,wh,23.5,2,2,0,0,0,0,"meaning"
8811,discovered,"ghatna chakra uppcs test series",chakras_energy,noun,23.5,2,1,1,0,0,1,""
8812,discovered,"spiritual meaning of dreams a-z",dreams,meaning,23.2,1,2,1,0,0,0,""
8813,discovered,"chakra test eclectic energies",chakras_energy,noun,23.2,1,2,1,0,0,0,""
8814,discovered,"what does 000 mean in love",love_relationships,wh,23.2,1,2,1,0,1,0,""
8815,discovered,"what does the high priestess mean in love",tarot,wh,23.2,1,2,1,0,1,0,""
8816,discovered,"what does the magician card mean in love",tarot,wh,23.2,1,2,1,0,1,0,""
8817,discovered,"spiritual meaning of seeing a cardinal at night",spiritual_awakening,meaning,23.2,1,2,1,0,1,0,""
8818,discovered,"how to know if you are a medium or large",grief_afterlife,how,23.2,1,2,1,0,0,0,""
8819,discovered,"twin flame reunion signs and symptoms",twin_flame_soulmate,signs,23.2,1,2,1,0,0,0,""
8820,discovered,"what should you do on new moon",crystals_rituals,wh,22.8,1,3,1,0,0,2,""
8821,discovered,"signs i should quit my job",money_career,signs,22.5,2,1,1,0,0,2,""
8822,discovered,"how to manifest true love",manifestation,how,22.5,2,1,1,0,0,2,""
8823,discovered,"what is good to do during a full moon",crystals_rituals,wh,22.2,1,2,1,0,0,1,""
8824,discovered,"what to do for a new moon ritual",crystals_rituals,wh,22.2,1,2,1,0,0,1,""
8825,discovered,"spiritual meaning of dreams about cheating",dreams,meaning,22.2,1,2,1,0,0,1,""
8826,discovered,"what does the magician card",tarot,wh,22.2,1,2,1,0,0,1,""
8827,discovered,"chakra test ewige weisheit",chakras_energy,noun,22.2,1,2,1,0,0,1,""
8828,discovered,"how to manifest love and money",manifestation,how,22.2,1,2,1,0,0,1,""
8829,discovered,"how to manifest love with a specific person on paper",manifestation,how,22.2,1,2,1,0,0,1,""
8830,discovered,"how to tell if you are low medium or high contrast",grief_afterlife,how,22.2,1,2,1,0,0,1,""
8831,discovered,"who is the runner and chaser twin flame",twin_flame_soulmate,wh,22.2,1,2,1,0,0,1,""
8832,discovered,"what is dreaming about spiders",dreams,wh,22.2,1,2,1,0,0,1,""
8833,discovered,"what does it mean when you dream about being chased",dreams,wh,22.2,1,2,1,0,0,1,""
8834,discovered,"am i a small or medium",grief_afterlife,yes_no,22.2,1,2,1,0,0,1,""
8835,discovered,"how to cleanse a space",protection_energy,how,22.2,1,2,1,0,0,1,""
8836,discovered,"what to say when you smudge your house",protection_energy,wh,22.2,1,2,1,0,0,1,""
8837,discovered,"life paths and their meanings",angel_numbers,noun,22.2,1,2,1,0,0,1,""
8838,seed,"why did he stop texting me",unclassified,wh,21.9,2,1,0,0,0,0,""
8839,seed,"what is my seventh house",astrology,wh,21.9,2,1,0,0,0,0,""
8840,seed,"what is my zodiac element",astrology,wh,21.9,2,1,0,0,0,0,"astrology"
8841,discovered,"what is angel number how to calculate",angel_numbers,wh,21.6,1,1,1,0,0,0,""
8842,discovered,"what does it mean when you dream about free falling",dreams,wh,21.6,1,1,1,0,0,0,""
8843,discovered,"what does it mean to dream about your ex spiritual",dreams,wh,21.6,1,1,1,0,0,0,""
8844,discovered,"what does it mean to dream of someone",dreams,wh,21.6,1,1,1,0,0,0,""
8845,discovered,"what do dreams about aquariums mean with turtles and sharks",dreams,wh,21.6,1,1,1,0,0,0,""
8846,discovered,"dreaming of snakes",dreams,noun,21.6,1,1,1,0,0,0,""
8847,discovered,"dream about water tornado",dreams,noun,21.6,1,1,1,0,0,0,""
8848,discovered,"dream about losing teeth meaning biblical",dreams,meaning,21.6,1,1,1,0,0,0,""
8849,discovered,"to dream about spiders",dreams,noun,21.6,1,1,1,0,0,0,""
8850,discovered,"to dream about babies",dreams,noun,21.6,1,1,1,0,0,0,""
8851,discovered,"how to manifest freedom",manifestation,how,21.6,1,1,1,0,0,0,""
8852,discovered,"manifestation means signs and symptoms",manifestation,signs,21.6,1,1,1,0,0,0,""
8853,discovered,"is shadow work",manifestation,yes_no,21.6,1,1,1,0,0,0,""
8854,discovered,"what do shadow work",manifestation,wh,21.6,1,1,1,0,0,0,""
8855,discovered,"how to do shadow work to heal",manifestation,how,21.6,1,1,1,0,0,0,""
8856,discovered,"dark night of the soul how to get through",spiritual_awakening,noun,21.6,1,1,1,0,0,0,""
8857,discovered,"why do i keep seeing signs of my ex",love_relationships,wh,21.6,1,1,1,0,0,0,""
8858,discovered,"what are synchronicity",signs_synchronicity,wh,21.6,1,1,1,0,0,0,""
8859,discovered,"butterfly spiritual",signs_synchronicity,noun,21.6,1,1,1,0,0,0,""
8860,discovered,"a sign from the universe",signs_synchronicity,signs,21.6,1,1,1,0,0,0,""
8861,discovered,"what does it mean when you see a deer spiritual",signs_synchronicity,wh,21.6,1,1,1,0,0,0,""
8862,discovered,"what does it mean when you see a hawk spiritual",signs_synchronicity,wh,21.6,1,1,1,0,0,0,""
8863,discovered,"signs i am cursed",protection_energy,signs,21.6,1,1,1,0,0,0,""
8864,discovered,"to break a curse",protection_energy,noun,21.6,1,1,1,0,0,0,""
8865,discovered,"how to break a freezer spell",crystals_rituals,how,21.6,1,1,1,0,0,0,""
8866,discovered,"how to get rid of negative energy attached to you",protection_energy,how,21.6,1,1,1,0,0,0,""
8867,discovered,"what is a freezer hex",protection_energy,wh,21.6,1,1,1,0,0,0,""
8868,discovered,"what crystal is for freedom",crystals_rituals,wh,21.6,1,1,1,0,0,0,""
8869,discovered,"crystals for protection to wear",protection_energy,noun,21.6,1,1,1,0,0,0,""
8870,discovered,"crystals love",crystals_rituals,noun,21.6,1,1,1,0,0,0,""
8871,discovered,"moon phase symbols",crystals_rituals,noun,21.6,1,1,1,0,0,0,""
8872,discovered,"how to use a pendulum for questions",crystals_rituals,how,21.6,1,1,1,0,0,0,""
8873,discovered,"how to use healing crystals for anxiety",crystals_rituals,how,21.6,1,1,1,0,0,0,""
8874,discovered,"what are the chakra",chakras_energy,wh,21.6,1,1,1,0,0,0,""
8875,discovered,"chakra healing free course",chakras_energy,noun,21.6,1,1,1,0,0,0,""
8876,discovered,"what is reiki and how to learn",chakras_energy,wh,21.6,1,1,1,0,0,0,""
8877,discovered,"third eye chakra",psychic_abilities,noun,21.6,1,1,1,0,0,0,""
8878,discovered,"what is reiki healing process",chakras_energy,wh,21.6,1,1,1,0,0,0,""
8879,discovered,"how to get to know my past life",past_lives_karma,how,21.6,1,1,1,0,0,0,""
8880,discovered,"what is karma in reddit and how to increase",past_lives_karma,wh,21.6,1,1,1,0,0,0,""
8881,discovered,"what a karmic relationship sign for virgo",twin_flame_soulmate,wh,21.6,1,1,1,0,0,0,""
8882,discovered,"do i have a past life",past_lives_karma,yes_no,21.6,1,1,1,0,0,0,""
8883,discovered,"what does a soul contract",past_lives_karma,wh,21.6,1,1,1,0,0,0,""
8884,discovered,"are mediums real according to the bible",grief_afterlife,yes_no,21.6,1,1,1,0,0,0,""
8885,discovered,"what is spirit animal and how to find",spiritual_awakening,wh,21.6,1,1,1,0,0,0,""
8886,discovered,"how to know what is my life purpose",money_career,how,21.6,1,1,1,0,0,0,""
8887,discovered,"should i quit my job 16 signs it's time to say",money_career,yes_no,21.6,1,1,1,0,0,0,""
8888,discovered,"signs i will be successful",money_career,signs,21.6,1,1,1,0,0,0,""
8889,discovered,"how to find your purpose",money_career,how,21.6,1,1,1,0,0,0,""
8890,discovered,"who will i marry zodiac",astrology,wh,21.6,1,1,1,0,0,0,""
8891,discovered,"he's pulling away what do i do",love_relationships,noun,21.6,1,1,1,0,0,0,""
8892,discovered,"kundalini awakening signs and symptoms",chakras_energy,signs,21.6,1,1,1,0,0,0,""
8893,discovered,"what are the signs that your manifestation is coming",manifestation,wh,21.6,1,1,1,0,0,0,""
8894,discovered,"what does evil eye mean in love",protection_energy,wh,21.6,1,1,1,0,0,0,""
8895,discovered,"full moon ritual for beginners",crystals_rituals,noun,21.6,1,1,1,0,0,0,""
8896,discovered,"what does the high priestess mean in tarot",tarot,wh,21.6,1,1,1,0,0,0,""
8897,discovered,"what does the magician card mean in tarot",tarot,wh,21.6,1,1,1,0,0,0,""
8898,discovered,"what does the wheel of fortune mean in tarot",tarot,wh,21.6,1,1,1,0,0,0,""
8899,discovered,"can my deceased loved one see",grief_afterlife,yes_no,21.6,1,1,1,0,0,0,""
8900,discovered,"twin flame separation before union",twin_flame_soulmate,noun,21.6,1,1,1,0,0,0,""
8901,discovered,"twin flame separation grief",twin_flame_soulmate,noun,21.6,1,1,1,0,0,0,""
8902,discovered,"twin flame separation journey",twin_flame_soulmate,noun,21.6,1,1,1,0,0,0,""
8903,discovered,"twin flame separation kundalini",twin_flame_soulmate,noun,21.6,1,1,1,0,0,0,""
8904,discovered,"twin flames in separation oracle deck",twin_flame_soulmate,noun,21.6,1,1,1,0,0,0,""
8905,discovered,"twin flame separation telepathy",twin_flame_soulmate,noun,21.6,1,1,1,0,0,0,""
8906,discovered,"twin flame separation youtube",twin_flame_soulmate,noun,21.6,1,1,1,0,0,0,""
8907,discovered,"how to get over someone after a breakup",love_relationships,how,21.6,1,1,1,0,0,0,""
8908,discovered,"how to get over someone that cheated on you",love_relationships,how,21.6,1,1,1,0,0,0,""
8909,discovered,"spiritual meaning of dream eating food",dreams,meaning,21.6,1,1,1,0,0,0,""
8910,discovered,"spiritual meaning of dream falling from height",dreams,meaning,21.6,1,1,1,0,0,0,""
8911,discovered,"spiritual meaning of dream getting married",dreams,meaning,21.6,1,1,1,0,0,0,""
8912,discovered,"spiritual meaning of dreams in numbers",dreams,meaning,21.6,1,1,1,0,0,0,""
8913,discovered,"spiritual meaning of dreams pooping yourself",dreams,meaning,21.6,1,1,1,0,0,0,""
8914,discovered,"spiritual meaning of dreams teeth falling out",dreams,meaning,21.6,1,1,1,0,0,0,""
8915,discovered,"waking up at 3am spiritual meaning bible",spiritual_awakening,meaning,21.6,1,1,1,0,0,0,""
8916,discovered,"chakra test kostenlos",chakras_energy,noun,21.6,1,1,1,0,0,0,""
8917,discovered,"chakra test machine",chakras_energy,noun,21.6,1,1,1,0,0,0,""
8918,discovered,"chakra self",chakras_energy,noun,21.6,1,1,1,0,0,0,""
8919,discovered,"chakra type",chakras_energy,noun,21.6,1,1,1,0,0,0,""
8920,discovered,"chakra ui",chakras_energy,noun,21.6,1,1,1,0,0,0,""
8921,discovered,"test which chakra is blocked",chakras_energy,noun,21.6,1,1,1,0,0,0,""
8922,discovered,"how to manifest love as a virgo rising",manifestation,how,21.6,1,1,1,0,0,0,""
8923,discovered,"how to manifest love spell",manifestation,how,21.6,1,1,1,0,0,0,""
8924,discovered,"how to manifest love using period blood",manifestation,how,21.6,1,1,1,0,0,0,""
8925,discovered,"how to manifest love youtube",manifestation,how,21.6,1,1,1,0,0,0,""
8926,discovered,"twin flame reunion",twin_flame_soulmate,noun,21.6,1,1,1,0,0,0,""
8927,discovered,"spiritual signs of twin flame reunion",twin_flame_soulmate,signs,21.6,1,1,1,0,0,0,""
8928,discovered,"signs to know if someone is your soulmate",twin_flame_soulmate,signs,21.6,1,1,1,0,0,0,""
8929,discovered,"how to know if someone is your soulmate spiritual",twin_flame_soulmate,how,21.6,1,1,1,0,1,0,""
8930,discovered,"how to know your soulmate's zodiac",twin_flame_soulmate,how,21.6,1,1,1,0,0,0,""
8931,discovered,"how to get him to fall back in love with you",love_relationships,how,21.6,1,1,1,0,0,0,""
8932,discovered,"am i obsessed with him or in love",love_relationships,yes_no,21.6,1,1,1,0,0,0,""
8933,discovered,"why do i love him",love_relationships,wh,21.6,1,1,1,0,0,0,""
8934,discovered,"is he using",love_relationships,yes_no,21.6,1,1,1,0,0,0,""
8935,discovered,"is he playing games with",love_relationships,yes_no,21.6,1,1,1,0,0,0,""
8936,discovered,"does he love me or just like",love_relationships,yes_no,21.6,1,1,1,0,0,0,""
8937,discovered,"spiritual meaning of crying in a dream",dreams,meaning,21.6,1,1,1,0,0,0,""
8938,discovered,"spiritual meaning of dreams and numbers",dreams,meaning,21.6,1,1,1,0,0,0,""
8939,discovered,"dream water",dreams,noun,21.6,1,1,1,0,0,0,""
8940,discovered,"dreaming of water at night",dreams,noun,21.6,1,1,1,0,0,0,""
8941,discovered,"dream about teeth falling out or breaking",dreams,noun,21.6,1,1,1,0,0,0,""
8942,discovered,"dream about loved one dying",dreams,noun,21.6,1,1,1,0,0,0,""
8943,discovered,"dream about snakes spiritual",dreams,noun,21.6,1,1,1,0,1,0,""
8944,discovered,"dream about snakes and water",dreams,noun,21.6,1,1,1,0,0,0,""
8945,discovered,"dream about spiders spiritual",dreams,noun,21.6,1,1,1,0,1,0,""
8946,discovered,"dream of being chased at night",dreams,noun,21.6,1,1,1,0,0,0,""
8947,discovered,"recurring dream about first love",dreams,noun,21.6,1,1,1,0,0,0,""
8948,discovered,"spiritual awakening stages dark night of the soul",spiritual_awakening,noun,21.6,1,1,1,0,0,0,""
8949,discovered,"ascension symptoms night sweats",spiritual_awakening,noun,21.6,1,1,1,0,0,0,""
8950,discovered,"waking up at 3 33 am spiritual meaning love",spiritual_awakening,meaning,21.6,1,1,1,0,0,0,""
8951,discovered,"throat chakra blocked symptoms",chakras_energy,noun,21.6,1,1,1,0,0,0,""
8952,discovered,"how to manifest your ex love back",manifestation,how,21.6,1,1,1,0,0,0,""
8953,discovered,"what does 2222 mean in love",angel_numbers,wh,21.6,1,1,1,0,1,0,""
8954,discovered,"what does 616 mean in love",love_relationships,wh,21.6,1,1,1,0,1,0,""
8955,discovered,"what does 222 mean spiritually love",angel_numbers,wh,21.6,1,1,1,0,0,0,""
8956,discovered,"what does 333 mean in love and relationships",angel_numbers,wh,21.6,1,1,1,0,0,0,""
8957,discovered,"mercury retrograde 2026 and shadow period",astrology,noun,21.6,1,1,1,0,0,0,""
8958,discovered,"mercury retrograde 2026 in love",astrology,noun,21.6,1,1,1,0,1,0,""
8959,discovered,"what is a twin flame zodiac",twin_flame_soulmate,wh,21.6,1,1,1,0,0,0,""
8960,discovered,"what is planet retrograde",astrology,wh,21.6,1,1,1,0,0,0,""
8961,discovered,"i am a medium",grief_afterlife,noun,21.6,1,1,1,0,0,0,""
8962,discovered,"signs i am a medium",grief_afterlife,signs,21.6,1,1,1,0,0,0,""
8963,discovered,"am vs medium wave",grief_afterlife,noun,21.6,1,1,1,0,0,0,""
8964,discovered,"what are the clair spiritual gifts",psychic_abilities,wh,21.6,1,1,1,0,0,0,""
8965,discovered,"how to remove a curse spiritually",protection_energy,how,21.6,1,1,1,0,0,0,""
8966,discovered,"how to remove a curse or bad luck",protection_energy,how,21.6,1,1,1,0,0,0,""
8967,discovered,"how to remove a love curse",protection_energy,how,21.6,1,1,1,0,0,0,""
8968,discovered,"cleanse your space",protection_energy,noun,21.6,1,1,1,0,0,0,""
8969,discovered,"how to cleanse your space spiritually",protection_energy,how,21.6,1,1,1,0,0,0,""
8970,discovered,"smudge your house",protection_energy,noun,21.6,1,1,1,0,0,0,""
8971,discovered,"how to cleanse a healing crystal",protection_energy,how,21.6,1,1,1,0,0,0,""
8972,discovered,"what does the hanged man mean in love",tarot,wh,21.6,1,1,1,0,1,0,""
8973,discovered,"tarot card meanings tarot card meanings",tarot,noun,21.6,1,1,1,0,0,0,""
8974,discovered,"tarot card meaning spiritual",tarot,meaning,21.6,1,1,1,0,0,0,""
8975,discovered,"tarot card meanings in love",tarot,noun,21.6,1,1,1,0,1,0,""
8976,discovered,"how to ask tarot questions about love",tarot,how,21.6,1,1,1,0,0,0,""
8977,discovered,"am i financially stable",money_career,yes_no,21.6,1,1,1,0,0,0,""
8978,discovered,"should i start a business or invest in stocks",money_career,yes_no,21.6,1,1,1,0,0,0,""
8979,discovered,"what does it mean when you see a butterfly spiritually",signs_synchronicity,wh,21.6,1,1,1,0,0,0,""
8980,discovered,"past life regression test by date of birth",past_lives_karma,noun,21.5,2,1,1,0,0,3,""
8981,discovered,"i will never be financially stable",money_career,noun,21.5,2,1,1,0,0,3,""
8982,discovered,"how does the law of assumption work",manifestation,how,21.2,1,2,1,0,0,2,""
8983,discovered,"do synchronicities mean anything",signs_synchronicity,yes_no,21.2,1,2,1,0,0,2,""
8984,discovered,"what does a hummingbird symbolize spiritually",signs_synchronicity,wh,21.2,1,2,1,0,0,2,""
8985,discovered,"what should you do on the full moon",crystals_rituals,wh,21.2,1,2,1,0,0,2,""
8986,discovered,"ways to use a pendulum",crystals_rituals,noun,21.2,1,2,1,0,0,2,""
8987,discovered,"spiritual meaning of dreams about snakes",dreams,meaning,21.2,1,2,1,0,0,2,""
8988,discovered,"what does it mean when you dream about a someone dying",dreams,wh,21.2,1,2,1,0,0,2,""
8989,discovered,"what does the magician card mean in a love reading",tarot,wh,21.2,1,2,1,0,0,2,""
8990,discovered,"will i ever be financially stable",money_career,yes_no,21.2,1,2,1,0,0,2,""
8991,discovered,"should i start a business or buy one",money_career,yes_no,21.2,1,2,1,0,0,2,""
8992,discovered,"twin flame separation numbers",twin_flame_soulmate,noun,21.2,1,2,1,0,0,2,""
8993,discovered,"spiritual meaning of dream pooping in public",dreams,meaning,21.2,1,2,1,0,0,2,""
8994,discovered,"waking up from a bad dream at 3am spiritual",dreams,noun,21.2,1,2,1,0,0,2,""
8995,discovered,"how to manifest love with rose quartz",manifestation,how,21.2,1,2,1,0,0,2,""
8996,discovered,"what is a twin flame runner",twin_flame_soulmate,wh,21.2,1,2,1,0,0,2,""
8997,discovered,"how can i know if someone is my soulmate",twin_flame_soulmate,how,21.2,1,2,1,0,0,2,""
8998,discovered,"what does it mean when you dream.about teeth falling out",dreams,wh,21.2,1,2,1,0,0,2,""
8999,discovered,"what does it mean when you dream that your teeth keep falling out",dreams,wh,21.2,1,2,1,0,0,2,""
9000,discovered,"am i a large or medium",grief_afterlife,yes_no,21.2,1,2,1,0,0,2,""
9001,discovered,"removing a curse",protection_energy,noun,21.2,1,2,1,0,0,2,""
9002,discovered,"spiritual meaning of waking up 3am",spiritual_awakening,meaning,20.8,1,3,1,0,0,4,""
9003,discovered,"how to manifest the love you want",manifestation,how,20.8,1,3,1,0,0,4,""
9004,discovered,"how to charge crystals in full moon",crystals_rituals,how,20.6,1,1,1,0,0,1,""
9005,discovered,"what does 222 mean joanne",angel_numbers,wh,20.6,1,1,1,0,0,1,""
9006,discovered,"what is my spirit animal may",spiritual_awakening,wh,20.6,1,1,1,0,0,1,""
9007,discovered,"cleanse negative energy nyt crossword",protection_energy,noun,20.6,1,1,1,0,0,1,""
9008,discovered,"how to clean negative energy from room",protection_energy,how,20.6,1,1,1,0,0,1,""
9009,discovered,"will he come back free tarot",tarot,yes_no,20.6,1,1,1,0,0,1,""
9010,discovered,"my sister is in a toxic relationship",love_relationships,noun,20.6,1,1,1,0,0,1,""
9011,discovered,"what is my dominant planet astrology",astrology,wh,20.6,1,1,1,0,0,1,""
9012,discovered,"what is my rising sign if im gemini",astrology,wh,20.6,1,1,1,0,0,1,""
9013,discovered,"what is my rising sign sagittarius",astrology,wh,20.6,1,1,1,0,0,1,""
9014,discovered,"when will i get the job astrology",astrology,wh,20.6,1,1,1,0,0,1,""
9015,discovered,"what does angel number 333",angel_numbers,wh,20.6,1,1,1,0,0,1,""
9016,discovered,"how to know what is my angel number",angel_numbers,how,20.6,1,1,1,0,0,1,""
9017,discovered,"what does it mean when you dream about tooth falling out",dreams,wh,20.6,1,1,1,0,0,1,""
9018,discovered,"what does it mean when you dream about a freezer",dreams,wh,20.6,1,1,1,0,0,1,""
9019,discovered,"why do i keep dreaming about snakes spiritual",dreams,wh,20.6,1,1,1,0,0,1,""
9020,discovered,"do dream really mean anything",dreams,yes_no,20.6,1,1,1,0,0,1,""
9021,discovered,"what do vivid dreams",dreams,wh,20.6,1,1,1,0,0,1,""
9022,discovered,"what does water mean in a dream",dreams,wh,20.6,1,1,1,0,0,1,""
9023,discovered,"dream of losing teeth",dreams,noun,20.6,1,1,1,0,0,1,""
9024,discovered,"what do spiders mean in a dream",dreams,wh,20.6,1,1,1,0,0,1,""
9025,discovered,"what does a baby signify in a dream",dreams,wh,20.6,1,1,1,0,0,1,""
9026,discovered,"what is the fastest way to lucid dream",dreams,wh,20.6,1,1,1,0,0,1,""
9027,discovered,"how to know if i am lucid dreaming",dreams,how,20.6,1,1,1,0,0,1,""
9028,discovered,"do recurring dreams mean anything",dreams,yes_no,20.6,1,1,1,0,0,1,""
9029,discovered,"how to attract",love_relationships,how,20.6,1,1,1,0,0,1,""
9030,discovered,"how to manifest to universe",manifestation,how,20.6,1,1,1,0,0,1,""
9031,discovered,"how to manifest freedom from parents",manifestation,how,20.6,1,1,1,0,0,1,""
9032,discovered,"to manifest someone",manifestation,noun,20.6,1,1,1,0,0,1,""
9033,discovered,"law of attraction reddit stories",manifestation,noun,20.6,1,1,1,0,0,1,""
9034,discovered,"what is shadow work and how to start",manifestation,wh,20.6,1,1,1,0,0,1,""
9035,discovered,"how to actually do shadow work",manifestation,how,20.6,1,1,1,0,0,1,""
9036,discovered,"how to do shadow work to heal spiritually",manifestation,how,20.6,1,1,1,0,0,1,""
9037,discovered,"how to raise your vibration to manifest what you want",manifestation,how,20.6,1,1,1,0,0,1,""
9038,discovered,"dark night of the soul meaning by st john of the cross",spiritual_awakening,meaning,20.6,1,1,1,0,0,1,""
9039,discovered,"dark night of the soul ending",spiritual_awakening,noun,20.6,1,1,1,0,0,1,""
9040,discovered,"dark night of the soul how to get out",spiritual_awakening,noun,20.6,1,1,1,0,0,1,""
9041,discovered,"kundalini awakening symptoms",chakras_energy,noun,20.6,1,1,1,0,0,1,""
9042,discovered,"what to ask akashic records",psychic_abilities,wh,20.6,1,1,1,0,0,1,""
9043,discovered,"what does it mean when you see a blue jay spiritual",signs_synchronicity,wh,20.6,1,1,1,0,0,1,""
9044,discovered,"what does it mean when you get a karma on",past_lives_karma,wh,20.6,1,1,1,0,0,1,""
9045,discovered,"what is synchronicities",signs_synchronicity,wh,20.6,1,1,1,0,0,1,""
9046,discovered,"are synchronicities",signs_synchronicity,yes_no,20.6,1,1,1,0,0,1,""
9047,discovered,"why do i keep seeing angel numbers spiritual",angel_numbers,wh,20.6,1,1,1,0,0,1,""
9048,discovered,"yellow butterfly spiritual",signs_synchronicity,noun,20.6,1,1,1,0,0,1,""
9049,discovered,"what does it mean when you see a cardinal bird spiritual",signs_synchronicity,wh,20.6,1,1,1,0,0,1,""
9050,discovered,"hummingbird sighting meaning spiritual",signs_synchronicity,meaning,20.6,1,1,1,0,0,1,""
9051,discovered,"what does it mean when you see a deer at night spiritual",signs_synchronicity,wh,20.6,1,1,1,0,0,1,""
9052,discovered,"what is the spiritual meaning of seeing a hawk",spiritual_awakening,wh,20.6,1,1,1,0,0,1,""
9053,discovered,"how to remove negative energy",protection_energy,how,20.6,1,1,1,0,0,1,""
9054,discovered,"which zodiac sign is cursed",astrology,wh,20.6,1,1,1,0,0,1,""
9055,discovered,"is cursed finished",protection_energy,yes_no,20.6,1,1,1,0,0,1,""
9056,discovered,"how do you know when a curse is broken",protection_energy,how,20.6,1,1,1,0,0,1,""
9057,discovered,"how to break free from a curse",protection_energy,how,20.6,1,1,1,0,0,1,""
9058,discovered,"what is dandadan evil eye",protection_energy,wh,20.6,1,1,1,0,0,1,""
9059,discovered,"how to sage to get rid of negative energy",protection_energy,how,20.6,1,1,1,0,0,1,""
9060,discovered,"what is a hex chrome",protection_energy,wh,20.6,1,1,1,0,0,1,""
9061,discovered,"what is tren hex",protection_energy,wh,20.6,1,1,1,0,0,1,""
9062,discovered,"what is hex free castor oil",protection_energy,wh,20.6,1,1,1,0,0,1,""
9063,discovered,"what should crystals be placed on",crystals_rituals,wh,20.6,1,1,1,0,0,1,""
9064,discovered,"what is crystal freeze hair removal",crystals_rituals,wh,20.6,1,1,1,0,0,1,""
9065,discovered,"stones for protection",protection_energy,noun,20.6,1,1,1,0,0,1,""
9066,discovered,"crystals for protection black tourmaline",protection_energy,noun,20.6,1,1,1,0,0,1,""
9067,discovered,"best crystals for love",crystals_rituals,noun,20.6,1,1,1,0,0,1,""
9068,discovered,"how to use invisalign cleaning crystals",crystals_rituals,how,20.6,1,1,1,0,0,1,""
9069,discovered,"what does this full moon symbolize",crystals_rituals,wh,20.6,1,1,1,0,0,1,""
9070,discovered,"what does the full moon mean tonight astrology",astrology,wh,20.6,1,1,1,0,0,1,""
9071,discovered,"how to make a love spell jar",crystals_rituals,how,20.6,1,1,1,0,0,1,""
9072,discovered,"how to protect yourself when using a pendulum",crystals_rituals,how,20.6,1,1,1,0,0,1,""
9073,discovered,"how to use a pendulum to communicate with spirits",crystals_rituals,how,20.6,1,1,1,0,0,1,""
9074,discovered,"best crystals for anxiety",crystals_rituals,noun,20.6,1,1,1,0,0,1,""
9075,discovered,"crystals that help with anxiety",crystals_rituals,noun,20.6,1,1,1,0,0,1,""
9076,discovered,"how do you know if your chakras are open",chakras_energy,how,20.6,1,1,1,0,0,1,""
9077,discovered,"how to heal chakras",chakras_energy,how,20.6,1,1,1,0,0,1,""
9078,discovered,"what is reiki how to do",chakras_energy,wh,20.6,1,1,1,0,0,1,""
9079,discovered,"what chakra is your third eye",psychic_abilities,wh,20.6,1,1,1,0,0,1,""
9080,discovered,"how to see your past life",past_lives_karma,how,20.6,1,1,1,0,0,1,""
9081,discovered,"how to get to know your past life",past_lives_karma,how,20.6,1,1,1,0,0,1,""
9082,discovered,"past life regression reddit youtube",past_lives_karma,noun,20.6,1,1,1,0,0,1,""
9083,discovered,"past life regression how to learn",past_lives_karma,noun,20.6,1,1,1,0,0,1,""
9084,discovered,"what is reddit karma used",past_lives_karma,wh,20.6,1,1,1,0,0,1,""
9085,discovered,"what is reddit karma and how to get",past_lives_karma,wh,20.6,1,1,1,0,0,1,""
9086,discovered,"what is a karmic connection",past_lives_karma,wh,20.6,1,1,1,0,0,1,""
9087,discovered,"karmic relationship meaning vs twin flame",twin_flame_soulmate,meaning,20.6,1,1,1,0,0,1,""
9088,discovered,"did you have a past life",past_lives_karma,yes_no,20.6,1,1,1,0,0,1,""
9089,discovered,"my past life",past_lives_karma,noun,20.6,1,1,1,0,0,1,""
9090,discovered,"what is spirit guide",psychic_abilities,wh,20.6,1,1,1,0,0,1,""
9091,discovered,"what is my spirit guide",psychic_abilities,wh,20.6,1,1,1,0,0,1,""
9092,discovered,"what is a spirit animal totem",spiritual_awakening,wh,20.6,1,1,1,0,0,1,""
9093,discovered,"signs i will get the job offer",money_career,signs,20.6,1,1,1,0,0,1,""
9094,discovered,"what is career path",money_career,wh,20.6,1,1,1,0,0,1,""
9095,discovered,"will i be wealthy",money_career,yes_no,20.6,1,1,1,0,0,1,""
9096,discovered,"should i quit my job reddit singapore",money_career,yes_no,20.6,1,1,1,0,0,1,""
9097,discovered,"can i quit my job and sign on",money_career,yes_no,20.6,1,1,1,0,0,1,""
9098,discovered,"should i quit my job to freelance",money_career,yes_no,20.6,1,1,1,0,0,1,""
9099,discovered,"signs i will be successful in life",money_career,signs,20.6,1,1,1,0,0,1,""
9100,discovered,"how to find my zodiac",astrology,how,20.6,1,1,1,0,0,1,""
9101,discovered,"what is my destiny quiz buzzfeed",money_career,wh,20.6,1,1,1,0,0,1,""
9102,discovered,"why do all my relationships fail",love_relationships,wh,20.6,1,1,1,0,0,1,""
9103,discovered,"is my relationship coming to an end",love_relationships,yes_no,20.6,1,1,1,0,0,1,""
9104,discovered,"what does it mean to find your purpose",money_career,wh,20.6,1,1,1,0,0,1,""
9105,discovered,"twin flame stages before reunion",twin_flame_soulmate,noun,20.6,1,1,1,0,0,1,""
9106,discovered,"limerence meaning",love_relationships,meaning,20.6,1,1,1,0,1,1,""
9107,discovered,"what to do when he's pulling away",love_relationships,wh,20.6,1,1,1,0,0,1,""
9108,discovered,"dream about water flooding",dreams,noun,20.6,1,1,1,0,0,1,""
9109,discovered,"how to heal your chakras meditation",chakras_energy,how,20.6,1,1,1,0,0,1,""
9110,discovered,"what is aura cleansing naturally",protection_energy,wh,20.6,1,1,1,0,0,1,""
9111,discovered,"what are the signs that your manifestation is coming true",manifestation,wh,20.6,1,1,1,0,0,1,""
9112,discovered,"what does 111 mean in angel numbers",angel_numbers,wh,20.6,1,1,1,0,0,1,""
9113,discovered,"what does 000 mean in angel numbers",angel_numbers,wh,20.6,1,1,1,0,0,1,""
9114,discovered,"what does 444 mean in love forever",angel_numbers,wh,20.6,1,1,1,0,0,1,""
9115,discovered,"what is a retrograde planet in astrology",astrology,wh,20.6,1,1,1,0,0,1,""
9116,discovered,"how to remove a curse from yourself",protection_energy,how,20.6,1,1,1,0,0,1,""
9117,discovered,"gemstones for manifesting money",manifestation,noun,20.6,1,1,1,0,0,1,""
9118,discovered,"what does the high priestess",tarot,wh,20.6,1,1,1,0,0,1,""
9119,discovered,"will i be financially stable libra",astrology,yes_no,20.6,1,1,1,0,0,1,""
9120,discovered,"spiritual meaning of seeing a cardinal bird",spiritual_awakening,meaning,20.6,1,1,1,0,0,1,""
9121,discovered,"twin flame separation before reunion",twin_flame_soulmate,noun,20.6,1,1,1,0,0,1,""
9122,discovered,"twin flame separation weight gain",twin_flame_soulmate,noun,20.6,1,1,1,0,0,1,""
9123,discovered,"twin flame journey separation stages",twin_flame_soulmate,noun,20.6,1,1,1,0,0,1,""
9124,discovered,"twin flame separation is killing",twin_flame_soulmate,noun,20.6,1,1,1,0,0,1,""
9125,discovered,"twin flame end of separation",twin_flame_soulmate,noun,20.6,1,1,1,0,0,1,""
9126,discovered,"twin flame separation time",twin_flame_soulmate,noun,20.6,1,1,1,0,0,1,""
9127,discovered,"twin flame separation years",twin_flame_soulmate,noun,20.6,1,1,1,0,0,1,""
9128,discovered,"spiritual meaning of dream eating meat",dreams,meaning,20.6,1,1,1,0,0,1,""
9129,discovered,"spiritual meaning of dream flying",dreams,meaning,20.6,1,1,1,0,0,1,""
9130,discovered,"spiritual meaning of dream giving birth",dreams,meaning,20.6,1,1,1,0,0,1,""
9131,discovered,"spiritual meaning of in dreams",dreams,meaning,20.6,1,1,1,0,0,1,""
9132,discovered,"spiritual meaning of dreams poop",dreams,meaning,20.6,1,1,1,0,0,1,""
9133,discovered,"spiritual meaning of this dream",dreams,meaning,20.6,1,1,1,0,0,1,""
9134,discovered,"waking up at 3 33 am spiritual meaning bible",spiritual_awakening,meaning,20.6,1,1,1,0,0,1,""
9135,discovered,"7 spiritual meaning of waking up at 3am",spiritual_awakening,meaning,20.6,1,1,1,0,0,1,""
9136,discovered,"chakra chart",chakras_energy,noun,20.6,1,1,1,0,0,1,""
9137,discovered,"chakra test eclectic",chakras_energy,noun,20.6,1,1,1,0,0,1,""
9138,discovered,"chakra health",chakras_energy,noun,20.6,1,1,1,0,0,1,""
9139,discovered,"chakra knowledge",chakras_energy,noun,20.6,1,1,1,0,0,1,""
9140,discovered,"chakra test paper",chakras_energy,noun,20.6,1,1,1,0,0,1,""
9141,discovered,"chakra reading",chakras_energy,noun,20.6,1,1,1,0,0,1,""
9142,discovered,"chakra score",chakras_energy,noun,20.6,1,1,1,0,0,1,""
9143,discovered,"naruto chakra type",chakras_energy,noun,20.6,1,1,1,0,0,1,""
9144,discovered,"how to manifest love ritual",manifestation,how,20.6,1,1,1,0,0,1,""
9145,discovered,"how to manifest self love",manifestation,how,20.6,1,1,1,0,0,1,""
9146,discovered,"how to manifest unconditional love",manifestation,how,20.6,1,1,1,0,0,1,""
9147,discovered,"how to manifest your love",manifestation,how,20.6,1,1,1,0,0,1,""
9148,discovered,"how to know if you are a small or medium",grief_afterlife,how,20.6,1,1,1,0,0,1,""
9149,discovered,"signs that you are a medium",grief_afterlife,signs,20.6,1,1,1,0,0,1,""
9150,discovered,"444 twin flame separation",twin_flame_soulmate,noun,20.6,1,1,1,0,0,1,""
9151,discovered,"signs twin flame reunion is near",twin_flame_soulmate,signs,20.6,1,1,1,0,0,1,""
9152,discovered,"spiritual signs that twin flame reunion is near",twin_flame_soulmate,signs,20.6,1,1,1,0,0,1,""
9153,discovered,"divine timing manifestation",manifestation,noun,20.6,1,1,1,0,0,1,""
9154,discovered,"how will i know if someone is my soulmate",twin_flame_soulmate,how,20.6,1,1,1,0,0,1,""
9155,discovered,"how to know if you met your soulmate spiritual",twin_flame_soulmate,how,20.6,1,1,1,0,0,1,""
9156,discovered,"how to.get him.to fall back in love with",love_relationships,how,20.6,1,1,1,0,0,1,""
9157,discovered,"will she miss me during no contact",love_relationships,yes_no,20.6,1,1,1,0,0,1,""
9158,discovered,"is he flirting with",love_relationships,yes_no,20.6,1,1,1,0,0,1,""
9159,discovered,"is my ex playing games with",love_relationships,yes_no,20.6,1,1,1,0,0,1,""
9160,discovered,"spiritual meaning of pooping in a dream",dreams,meaning,20.6,1,1,1,0,0,1,""
9161,discovered,"spiritual significance of dreams",dreams,noun,20.6,1,1,1,0,0,1,""
9162,discovered,"dream water reddit flight",dreams,noun,20.6,1,1,1,0,0,1,""
9163,discovered,"dream water nighttime nectar",dreams,noun,20.6,1,1,1,0,0,1,""
9164,discovered,"dream about teeth falling out meaning spiritual",dreams,meaning,20.6,1,1,1,0,0,1,""
9165,discovered,"why do i dream about my teeth falling out",dreams,wh,20.6,1,1,1,0,0,1,""
9166,discovered,"dream about teeth falling out spiritual meaning christianity",dreams,meaning,20.6,1,1,1,0,0,1,""
9167,discovered,"dream about teeth falling out or loose",dreams,noun,20.6,1,1,1,0,0,1,""
9168,discovered,"what does it mean if you dream of deceased loved ones",dreams,wh,20.6,1,1,1,0,0,1,""
9169,discovered,"what does it mean if i dreamt of snakes",dreams,wh,20.6,1,1,1,0,0,1,""
9170,discovered,"dream about big spiders spiritual",dreams,noun,20.6,1,1,1,0,0,1,""
9171,discovered,"dream about spiders and snakes",dreams,noun,20.6,1,1,1,0,0,1,""
9172,discovered,"dream about being chased by dogs spiritual",dreams,noun,20.6,1,1,1,0,0,1,""
9173,discovered,"dream meaning of being chased at night",dreams,meaning,20.6,1,1,1,0,0,1,""
9174,discovered,"recurring dream about ex lover",dreams,noun,20.6,1,1,1,0,0,1,""
9175,discovered,"do dreams predict the future",dreams,yes_no,20.6,1,1,1,0,0,1,""
9176,discovered,"stages of spiritual awakening dark night",spiritual_awakening,noun,20.6,1,1,1,0,0,1,""
9177,discovered,"spiritual ascension symptoms",spiritual_awakening,noun,20.6,1,1,1,0,0,1,""
9178,discovered,"throat chakra blockage symptoms",chakras_energy,noun,20.6,1,1,1,0,0,1,""
9179,discovered,"ways to manifest your ex back",manifestation,noun,20.6,1,1,1,0,0,1,""
9180,discovered,"law of assumption vs law of attraction vs law of detachment",manifestation,noun,20.6,1,1,1,0,0,1,""
9181,discovered,"what does 00 mean in love",love_relationships,wh,20.6,1,1,1,0,0,1,""
9182,discovered,"what does 2222 mean in love single",angel_numbers,wh,20.6,1,1,1,0,0,1,""
9183,discovered,"what does angel number 616 mean spiritually",angel_numbers,wh,20.6,1,1,1,0,0,1,""
9184,discovered,"what does 222 mean in spiritual",angel_numbers,wh,20.6,1,1,1,0,0,1,""
9185,discovered,"whats 333 mean in love",angel_numbers,meaning,20.6,1,1,1,0,0,1,""
9186,discovered,"mercury retrograde 2026 signs affected leo",astrology,signs,20.6,1,1,1,0,0,1,""
9187,discovered,"mercury retrograde 2026 love life",astrology,noun,20.6,1,1,1,0,0,1,""
9188,discovered,"do twin flames have the same zodiac",twin_flame_soulmate,yes_no,20.6,1,1,1,0,0,1,""
9189,discovered,"how to know your seventh house",astrology,how,20.6,1,1,1,0,0,1,""
9190,discovered,"what is the zodiac signs elements",astrology,wh,20.6,1,1,1,0,0,1,""
9191,discovered,"what is saturn retrograde",astrology,wh,20.6,1,1,1,0,0,1,""
9192,discovered,"i am just a medium",grief_afterlife,noun,20.6,1,1,1,0,0,1,""
9193,discovered,"how to know if you're a medium",grief_afterlife,how,20.6,1,1,1,0,0,1,""
9194,discovered,"how to develop your intuition and your 6th sense",psychic_abilities,how,20.6,1,1,1,0,0,1,""
9195,discovered,"what to say when cleansing your home",protection_energy,wh,20.6,1,1,1,0,0,1,""
9196,discovered,"how to cleanse a house",protection_energy,how,20.6,1,1,1,0,0,1,""
9197,discovered,"how to break curses spiritually",protection_energy,how,20.6,1,1,1,0,0,1,""
9198,discovered,"how to remove a curse or spell",protection_energy,how,20.6,1,1,1,0,0,1,""
9199,discovered,"how to break a curse on your love life",protection_energy,how,20.6,1,1,1,0,0,1,""
9200,discovered,"how to cleanse your room spiritually",protection_energy,how,20.6,1,1,1,0,0,1,""
9201,discovered,"how to spiritually cleanse a crystal",protection_energy,how,20.6,1,1,1,0,0,1,""
9202,discovered,"what does the hanged man mean in love tarot",tarot,wh,20.6,1,1,1,0,0,1,""
9203,discovered,"what does the high priestess mean in love tarot",tarot,wh,20.6,1,1,1,0,0,1,""
9204,discovered,"what does the magician tarot card mean in love",tarot,wh,20.6,1,1,1,0,0,1,""
9205,discovered,"what is tarot card",tarot,wh,20.6,1,1,1,0,0,1,""
9206,discovered,"tarot card interpretation",tarot,noun,20.6,1,1,1,0,0,1,""
9207,discovered,"death tarot card meaning spiritual",tarot,meaning,20.6,1,1,1,0,0,1,""
9208,discovered,"tarot card meanings in love readings",tarot,noun,20.6,1,1,1,0,0,1,""
9209,discovered,"tarot questions to ask about love life",tarot,noun,20.6,1,1,1,0,0,1,""
9210,discovered,"how to know if a psychic is real or fake",psychic_abilities,how,20.6,1,1,1,0,0,1,""
9211,discovered,"what is the afterlife like",grief_afterlife,wh,20.6,1,1,1,0,0,1,""
9212,discovered,"am i financially secure",money_career,yes_no,20.6,1,1,1,0,0,1,""
9213,discovered,"should i start a business or nonprofit",money_career,yes_no,20.6,1,1,1,0,0,1,""
9214,discovered,"spiritual meaning when you see a red cardinal",spiritual_awakening,meaning,20.6,1,1,1,0,0,1,""
9215,discovered,"what does it mean when you see a yellow butterfly spiritual",signs_synchronicity,wh,20.6,1,1,1,0,0,1,""
9216,discovered,"how to know if he is my soulmate",twin_flame_soulmate,how,20.5,2,1,1,0,0,4,""
9217,discovered,"am i an empath or hsp",psychic_abilities,yes_no,20.2,1,2,1,0,0,3,""
9218,discovered,"am i an empath or highly sensitive person",psychic_abilities,yes_no,20.2,1,2,1,0,0,3,""
9219,discovered,"what is the meaning of tooth falling in dream",dreams,wh,20.2,1,2,1,0,0,3,""
9220,discovered,"how do you break the curse",protection_energy,how,20.2,1,2,1,0,0,3,""
9221,discovered,"what not to do on a new moon",crystals_rituals,wh,20.2,1,2,1,0,0,3,""
9222,discovered,"what are you supposed to do on a new moon",crystals_rituals,wh,20.2,1,2,1,0,0,3,""
9223,discovered,"how long does energy healing last",chakras_energy,how,20.2,1,2,1,0,0,3,""
9224,discovered,"spiritual meaning of dreams about cats",dreams,meaning,20.2,1,2,1,0,0,3,""
9225,discovered,"spiritual meaning of dream pulling teeth out",dreams,meaning,20.2,1,2,1,0,0,3,""
9226,discovered,"whats it mean when you dream about spiders",dreams,meaning,20.2,1,2,1,0,0,3,""
9227,discovered,"how to remove a curse biblically",protection_energy,how,20.2,1,2,1,0,0,3,""
9228,discovered,"what is my ruling planet sagittarius",astrology,wh,19.6,1,1,1,0,0,2,""
9229,discovered,"does manifestation work science",manifestation,yes_no,19.6,1,1,1,0,0,2,""
9230,discovered,"what is the evil eye jewellery",protection_energy,wh,19.6,1,1,1,0,0,2,""
9231,discovered,"what is the future hold for xrp",money_career,wh,19.6,1,1,1,0,0,2,""
9232,discovered,"my friend is in a toxic relationship",love_relationships,noun,19.6,1,1,1,0,0,2,""
9233,discovered,"twin flame or karmic",twin_flame_soulmate,noun,19.6,1,1,1,0,0,2,""
9234,discovered,"recurring dreams meaning list",dreams,meaning,19.6,1,1,1,0,0,2,""
9235,discovered,"law of attraction how",manifestation,noun,19.6,1,1,1,0,0,2,""
9236,discovered,"why am i an empath",psychic_abilities,wh,19.6,1,1,1,0,0,2,""
9237,discovered,"what is life path number and how to calculate",angel_numbers,wh,19.6,1,1,1,0,0,2,""
9238,discovered,"how to manifest dread mtg",manifestation,how,19.6,1,1,1,0,0,2,""
9239,discovered,"i am cursed to use the weapons of my enemy",protection_energy,noun,19.6,1,1,1,0,0,2,""
9240,discovered,"what is the evil eye in jewish culture",protection_energy,wh,19.6,1,1,1,0,0,2,""
9241,discovered,"will he come back to me free reading",love_relationships,yes_no,19.6,1,1,1,0,0,2,""
9242,discovered,"how to find what my angel number",angel_numbers,how,19.6,1,1,1,0,0,2,""
9243,discovered,"what is the angel number for freedom",angel_numbers,wh,19.6,1,1,1,0,0,2,""
9244,discovered,"what does it mean when you dream that you re free falling",dreams,wh,19.6,1,1,1,0,0,2,""
9245,discovered,"why do i keep dreaming about someone spiritual",dreams,wh,19.6,1,1,1,0,0,2,""
9246,discovered,"what does a dream of an ex",dreams,wh,19.6,1,1,1,0,0,2,""
9247,discovered,"what does it mean when someone shows up in your dream",dreams,wh,19.6,1,1,1,0,0,2,""
9248,discovered,"what does this dream",dreams,wh,19.6,1,1,1,0,0,2,""
9249,discovered,"what does dreams are",dreams,wh,19.6,1,1,1,0,0,2,""
9250,discovered,"what is the meaning of dream about water",dreams,wh,19.6,1,1,1,0,0,2,""
9251,discovered,"dream meaning about teeth falling out spiritual",dreams,meaning,19.6,1,1,1,0,0,2,""
9252,discovered,"dreams about falling teeth",dreams,noun,19.6,1,1,1,0,0,2,""
9253,discovered,"what does it mean to dream of spiders on you",dreams,wh,19.6,1,1,1,0,0,2,""
9254,discovered,"what does baby represent in a dream",dreams,wh,19.6,1,1,1,0,0,2,""
9255,discovered,"how to enter lucid dream",dreams,how,19.6,1,1,1,0,0,2,""
9256,discovered,"how to properly lucid dream",dreams,how,19.6,1,1,1,0,0,2,""
9257,discovered,"is it normal to have recurring dreams",dreams,yes_no,19.6,1,1,1,0,0,2,""
9258,discovered,"how to manifest to god",manifestation,how,19.6,1,1,1,0,0,2,""
9259,discovered,"tesla 369 method",manifestation,noun,19.6,1,1,1,0,0,2,""
9260,discovered,"law of attraction meaning in marathi",manifestation,meaning,19.6,1,1,1,0,0,2,""
9261,discovered,"law of attraction reddit love",manifestation,noun,19.6,1,1,1,0,0,2,""
9262,discovered,"benefits of shadow work",manifestation,noun,19.6,1,1,1,0,0,2,""
9263,discovered,"how to do shadow work to heal yourself",manifestation,how,19.6,1,1,1,0,0,2,""
9264,discovered,"how to raise your vibration to connect with spirit",manifestation,how,19.6,1,1,1,0,0,2,""
9265,discovered,"dark night of the soul meaning twin flame",twin_flame_soulmate,meaning,19.6,1,1,1,0,0,2,""
9266,discovered,"dark night of the soul symptoms twin flame",twin_flame_soulmate,noun,19.6,1,1,1,0,0,2,""
9267,discovered,"dark night of the soul tolle",spiritual_awakening,noun,19.6,1,1,1,0,0,2,""
9268,discovered,"what does spiritual awakening",spiritual_awakening,wh,19.6,1,1,1,0,0,2,""
9269,discovered,"spiritual awakening physical symptoms",spiritual_awakening,noun,19.6,1,1,1,0,0,2,""
9270,discovered,"is my spirit animal",spiritual_awakening,yes_no,19.6,1,1,1,0,0,2,""
9271,discovered,"how long is a kundalini awakening",chakras_energy,how,19.6,1,1,1,0,0,2,""
9272,discovered,"what triggers a kundalini awakening",chakras_energy,wh,19.6,1,1,1,0,0,2,""
9273,discovered,"signs and symptoms of kundalini awakening",chakras_energy,signs,19.6,1,1,1,0,0,2,""
9274,discovered,"is akashic records good",psychic_abilities,yes_no,19.6,1,1,1,0,0,2,""
9275,discovered,"what was your spiritual awakening like",spiritual_awakening,wh,19.6,1,1,1,0,0,2,""
9276,discovered,"what does it mean when u see a deer spiritual",signs_synchronicity,wh,19.6,1,1,1,0,0,2,""
9277,discovered,"what does it mean when you see an angel number",angel_numbers,wh,19.6,1,1,1,0,0,2,""
9278,discovered,"why do i keep seeing angel numbers biblical",angel_numbers,wh,19.6,1,1,1,0,0,2,""
9279,discovered,"monarch butterfly spiritual",signs_synchronicity,noun,19.6,1,1,1,0,0,2,""
9280,discovered,"rufous hummingbird meaning spiritual",signs_synchronicity,meaning,19.6,1,1,1,0,0,2,""
9281,discovered,"how to break curses biblically",protection_energy,how,19.6,1,1,1,0,0,2,""
9282,discovered,"how to break a spell",crystals_rituals,how,19.6,1,1,1,0,0,2,""
9283,discovered,"how to break free someone from a curse witchcraft",protection_energy,how,19.6,1,1,1,0,0,2,""
9284,discovered,"what is the evil eye meaning in greece",protection_energy,wh,19.6,1,1,1,0,0,2,""
9285,discovered,"what are the evil eye symptoms",protection_energy,wh,19.6,1,1,1,0,0,2,""
9286,discovered,"how to burn sage to get rid of negative energy",protection_energy,how,19.6,1,1,1,0,0,2,""
9287,discovered,"what is a dutch hex",protection_energy,wh,19.6,1,1,1,0,0,2,""
9288,discovered,"what is crystal boba",crystals_rituals,wh,19.6,1,1,1,0,0,2,""
9289,discovered,"what is crystal free microdermabrasion",crystals_rituals,wh,19.6,1,1,1,0,0,2,""
9290,discovered,"best crystals for protection",protection_energy,noun,19.6,1,1,1,0,0,2,""
9291,discovered,"crystals for protection against toxic people",protection_energy,noun,19.6,1,1,1,0,0,2,""
9292,discovered,"crystals for long lasting love",crystals_rituals,noun,19.6,1,1,1,0,0,2,""
9293,discovered,"what to do and not to do on a full moon",crystals_rituals,wh,19.6,1,1,1,0,0,2,""
9294,discovered,"new moon ritual to release",crystals_rituals,noun,19.6,1,1,1,0,0,2,""
9295,discovered,"what does this full moon",crystals_rituals,wh,19.6,1,1,1,0,0,2,""
9296,discovered,"what does the full moon mean tonight spiritually",crystals_rituals,wh,19.6,1,1,1,0,0,2,""
9297,discovered,"moon phases and meanings",crystals_rituals,noun,19.6,1,1,1,0,0,2,""
9298,discovered,"moon phase meaning today spiritual",crystals_rituals,meaning,19.6,1,1,1,0,0,2,""
9299,discovered,"how to do a honey jar spell",crystals_rituals,how,19.6,1,1,1,0,0,2,""
9300,discovered,"what to do on new moon",crystals_rituals,wh,19.6,1,1,1,0,0,2,""
9301,discovered,"how to use a pendulum to answer questions",crystals_rituals,how,19.6,1,1,1,0,0,2,""
9302,discovered,"how to use a pendulum to find lost items",crystals_rituals,how,19.6,1,1,1,0,0,2,""
9303,discovered,"crystals for stress and anxiety relief",crystals_rituals,noun,19.6,1,1,1,0,0,2,""
9304,discovered,"what are the 7 chakras",chakras_energy,wh,19.6,1,1,1,0,0,2,""
9305,discovered,"what are different chakras and how to work on them",chakras_energy,wh,19.6,1,1,1,0,0,2,""
9306,discovered,"how to balance sacral chakra",chakras_energy,how,19.6,1,1,1,0,0,2,""
9307,discovered,"chakra healing process",chakras_energy,noun,19.6,1,1,1,0,0,2,""
9308,discovered,"how to explain what is reiki",chakras_energy,how,19.6,1,1,1,0,0,2,""
9309,discovered,"what does third eye stand",psychic_abilities,wh,19.6,1,1,1,0,0,2,""
9310,discovered,"how do you feel after energy healing",chakras_energy,how,19.6,1,1,1,0,0,2,""
9311,discovered,"how to find your past life",past_lives_karma,how,19.6,1,1,1,0,0,2,""
9312,discovered,"know your past life",past_lives_karma,noun,19.6,1,1,1,0,0,2,""
9313,discovered,"past life regression reddit experience",past_lives_karma,noun,19.6,1,1,1,0,0,2,""
9314,discovered,"past life regression how to know",past_lives_karma,noun,19.6,1,1,1,0,0,2,""
9315,discovered,"what is reddit karma farming",past_lives_karma,wh,19.6,1,1,1,0,0,2,""
9316,discovered,"how to explain what karma",past_lives_karma,how,19.6,1,1,1,0,0,2,""
9317,discovered,"how to reset karma",past_lives_karma,how,19.6,1,1,1,0,0,2,""
9318,discovered,"what is karmic connection",past_lives_karma,wh,19.6,1,1,1,0,0,2,""
9319,discovered,"twin flame meaning vs karmic",twin_flame_soulmate,meaning,19.6,1,1,1,0,0,2,""
9320,discovered,"soul contracts",past_lives_karma,noun,19.6,1,1,1,0,0,2,""
9321,discovered,"what is your spirit guide",psychic_abilities,wh,19.6,1,1,1,0,0,2,""
9322,discovered,"tobin's spirit guide",psychic_abilities,noun,19.6,1,1,1,0,0,2,""
9323,discovered,"signs i will not get the job",money_career,signs,19.6,1,1,1,0,0,2,""
9324,discovered,"what is the right job",money_career,wh,19.6,1,1,1,0,0,2,""
9325,discovered,"what is career pathway",money_career,wh,19.6,1,1,1,0,0,2,""
9326,discovered,"who can help me figure out my career path",money_career,wh,19.6,1,1,1,0,0,2,""
9327,discovered,"i will quit my job meaning in kannada",money_career,meaning,19.6,1,1,1,0,0,2,""
9328,discovered,"should i feel bad for quitting my job",money_career,yes_no,19.6,1,1,1,0,0,2,""
9329,discovered,"i will never be successful",money_career,noun,19.6,1,1,1,0,0,2,""
9330,discovered,"how do i know if i'm successful",money_career,how,19.6,1,1,1,0,0,2,""
9331,discovered,"who will i marry quiz name",love_relationships,wh,19.6,1,1,1,0,0,2,""
9332,discovered,"who will i marry free astrology",astrology,wh,19.6,1,1,1,0,0,2,""
9333,discovered,"should i continue a relationship that has no future",love_relationships,yes_no,19.6,1,1,1,0,0,2,""
9334,discovered,"what does it mean to find your purpose in life",money_career,wh,19.6,1,1,1,0,0,2,""
9335,discovered,"how to know your purpose in life",money_career,how,19.6,1,1,1,0,0,2,""
9336,discovered,"twin flame stages 1111",twin_flame_soulmate,noun,19.6,1,1,1,0,0,2,""
9337,discovered,"how to find out who your soulmate",twin_flame_soulmate,how,19.6,1,1,1,0,0,2,""
9338,discovered,"limerence vs love",love_relationships,noun,19.6,1,1,1,0,0,2,""
9339,discovered,"dream about someone dying who is already dead",dreams,noun,19.6,1,1,1,0,0,2,""
9340,discovered,"dream about snakes biting",dreams,noun,19.6,1,1,1,0,0,2,""
9341,discovered,"how to know if you're spiritually awakened",spiritual_awakening,how,19.6,1,1,1,0,0,2,""
9342,discovered,"am i a starseed or lightworker",spiritual_awakening,yes_no,19.6,1,1,1,0,0,2,""
9343,discovered,"how to heal your chakras at home",chakras_energy,how,19.6,1,1,1,0,0,2,""
9344,discovered,"what is aura cleansing salt",protection_energy,wh,19.6,1,1,1,0,0,2,""
9345,discovered,"why your manifestation is not working",manifestation,wh,19.6,1,1,1,0,0,2,""
9346,discovered,"signs your manifestation is coming",manifestation,signs,19.6,1,1,1,0,0,2,""
9347,discovered,"what does 444 mean in love relationship",angel_numbers,wh,19.6,1,1,1,0,0,2,""
9348,discovered,"what does my ascendant",astrology,wh,19.6,1,1,1,0,0,2,""
9349,discovered,"what is a planetary retrograde",astrology,wh,19.6,1,1,1,0,0,2,""
9350,discovered,"how to remove a curse bg3",protection_energy,how,19.6,1,1,1,0,0,2,""
9351,discovered,"stones for manifesting money",manifestation,noun,19.6,1,1,1,0,0,2,""
9352,discovered,"new moon manifestation rituals",manifestation,noun,19.6,1,1,1,0,0,2,""
9353,discovered,"how to do a moon ritual",crystals_rituals,how,19.6,1,1,1,0,0,2,""
9354,discovered,"what does the high priestess mean in a love reading",tarot,wh,19.6,1,1,1,0,0,2,""
9355,discovered,"what does the magician card mean in a tarot reading",tarot,wh,19.6,1,1,1,0,0,2,""
9356,discovered,"can my deceased loved one hear",grief_afterlife,yes_no,19.6,1,1,1,0,0,2,""
9357,discovered,"9 signs a deceased loved one is still with you",grief_afterlife,signs,19.6,1,1,1,0,0,2,""
9358,discovered,"what is life like in the afterlife",grief_afterlife,wh,19.6,1,1,1,0,0,2,""
9359,discovered,"spiritual meaning of seeing a cardinal couple",spiritual_awakening,meaning,19.6,1,1,1,0,0,2,""
9360,discovered,"twin flame separation death",twin_flame_soulmate,noun,19.6,1,1,1,0,0,2,""
9361,discovered,"twin flame separation for good",twin_flame_soulmate,noun,19.6,1,1,1,0,0,2,""
9362,discovered,"karmic twin flame separation",twin_flame_soulmate,noun,19.6,1,1,1,0,0,2,""
9363,discovered,"twin flame period of separation",twin_flame_soulmate,noun,19.6,1,1,1,0,0,2,""
9364,discovered,"twin flame separation tarot spread",twin_flame_soulmate,noun,19.6,1,1,1,0,0,2,""
9365,discovered,"twin flame separation 10 years",twin_flame_soulmate,noun,19.6,1,1,1,0,0,2,""
9366,discovered,"how to get over someone lying in a relationship",love_relationships,how,19.6,1,1,1,0,0,2,""
9367,discovered,"spiritual meaning of dream eating poop",dreams,meaning,19.6,1,1,1,0,0,2,""
9368,discovered,"spiritual meaning of dream fighting with someone",dreams,meaning,19.6,1,1,1,0,0,2,""
9369,discovered,"spiritual meaning of dream giving birth to a baby girl",dreams,meaning,19.6,1,1,1,0,0,2,""
9370,discovered,"spiritual meaning of in dream dog bite",dreams,meaning,19.6,1,1,1,0,0,2,""
9371,discovered,"spiritual meaning of tornado dream",dreams,meaning,19.6,1,1,1,0,0,2,""
9372,discovered,"waking up at 3am full moon spiritual",crystals_rituals,noun,19.6,1,1,1,0,0,2,""
9373,discovered,"chakra test in hindi",chakras_energy,noun,19.6,1,1,1,0,0,2,""
9374,discovered,"kundalini chakra",chakras_energy,noun,19.6,1,1,1,0,0,2,""
9375,discovered,"chakra mock",chakras_energy,noun,19.6,1,1,1,0,0,2,""
9376,discovered,"chakra personality",chakras_energy,noun,19.6,1,1,1,0,0,2,""
9377,discovered,"chakra release",chakras_energy,noun,19.6,1,1,1,0,0,2,""
9378,discovered,"chakra strength",chakras_energy,noun,19.6,1,1,1,0,0,2,""
9379,discovered,"chakra personality type",chakras_energy,noun,19.6,1,1,1,0,0,2,""
9380,discovered,"ghatna chakra upsi test series",chakras_energy,noun,19.6,1,1,1,0,0,2,""
9381,discovered,"test welches chakra ist blockiert",chakras_energy,noun,19.6,1,1,1,0,0,2,""
9382,discovered,"how to manifest love as a capricorn rising",manifestation,how,19.6,1,1,1,0,0,2,""
9383,discovered,"how to manifest love relationship",manifestation,how,19.6,1,1,1,0,0,2,""
9384,discovered,"how to manifest self love and confidence",manifestation,how,19.6,1,1,1,0,0,2,""
9385,discovered,"how to attract love using bay leaf",love_relationships,how,19.6,1,1,1,0,0,2,""
9386,discovered,"how to manifest your love back",manifestation,how,19.6,1,1,1,0,0,2,""
9387,discovered,"how to know if you are small medium or large frame",grief_afterlife,how,19.6,1,1,1,0,0,2,""
9388,discovered,"signs that you are a psychic medium",psychic_abilities,signs,19.6,1,1,1,0,0,2,""
9389,discovered,"222 twin flame separation",twin_flame_soulmate,noun,19.6,1,1,1,0,0,2,""
9390,discovered,"what happens right before twin flame reunion",twin_flame_soulmate,wh,19.6,1,1,1,0,0,2,""
9391,discovered,"how do you know you met your soulmate spiritually",twin_flame_soulmate,how,19.6,1,1,1,0,0,2,""
9392,discovered,"how to make him fall back in love",love_relationships,how,19.6,1,1,1,0,0,2,""
9393,discovered,"limerence vs in love",love_relationships,noun,19.6,1,1,1,0,0,2,""
9394,discovered,"why do i love her",love_relationships,wh,19.6,1,1,1,0,0,2,""
9395,discovered,"is he in love with",love_relationships,yes_no,19.6,1,1,1,0,0,2,""
9396,discovered,"spiritual meaning of breastfeeding in a dream",dreams,meaning,19.6,1,1,1,0,0,2,""
9397,discovered,"i dream about my ex every night spiritual",dreams,noun,19.6,1,1,1,0,0,2,""
9398,discovered,"what is the meaning of a dream about water",dreams,wh,19.6,1,1,1,0,0,2,""
9399,discovered,"dream water night time",dreams,noun,19.6,1,1,1,0,0,2,""
9400,discovered,"dreams about deceased loved ones",dreams,noun,19.6,1,1,1,0,0,2,""
9401,discovered,"snakes in dream spiritual",dreams,noun,19.6,1,1,1,0,0,2,""
9402,discovered,"spiritual dreams about spiders",dreams,noun,19.6,1,1,1,0,0,2,""
9403,discovered,"dream about killing spiders spiritual",dreams,noun,19.6,1,1,1,0,0,2,""
9404,discovered,"what does it mean when someone chasing you in your dream",dreams,wh,19.6,1,1,1,0,0,2,""
9405,discovered,"dream about being chased by people spiritual",dreams,noun,19.6,1,1,1,0,0,2,""
9406,discovered,"recurring dream about past love",dreams,noun,19.6,1,1,1,0,0,2,""
9407,discovered,"dreams predicting the future",dreams,noun,19.6,1,1,1,0,0,2,""
9408,discovered,"how many stages of spiritual awakening are there",spiritual_awakening,how,19.6,1,1,1,0,0,2,""
9409,discovered,"ascension symptoms spiritual",spiritual_awakening,noun,19.6,1,1,1,0,1,2,""
9410,discovered,"ascension symptoms list",spiritual_awakening,noun,19.6,1,1,1,0,0,2,""
9411,discovered,"what is your chakra nature",chakras_energy,wh,19.6,1,1,1,0,0,2,""
9412,discovered,"what happens if your throat chakra is blocked",chakras_energy,wh,19.6,1,1,1,0,0,2,""
9413,discovered,"how do you manifest your ex back",manifestation,how,19.6,1,1,1,0,0,2,""
9414,discovered,"law of assumption vs delusion",manifestation,noun,19.6,1,1,1,0,0,2,""
9415,discovered,"what does 000 mean spiritually in love",love_relationships,wh,19.6,1,1,1,0,0,2,""
9416,discovered,"what does seeing 2222 mean in love",angel_numbers,wh,19.6,1,1,1,0,0,2,""
9417,discovered,"what does it mean when you see 222 spiritually",angel_numbers,wh,19.6,1,1,1,0,0,2,""
9418,discovered,"what does seeing 333 mean in love",angel_numbers,wh,19.6,1,1,1,0,0,2,""
9419,discovered,"mercury retrograde 2026 signs affected virgo",astrology,signs,19.6,1,1,1,0,0,2,""
9420,discovered,"mercury retrograde 2026 and virgo",astrology,noun,19.6,1,1,1,0,0,2,""
9421,discovered,"mercury retrograde 2026 gemini love",astrology,noun,19.6,1,1,1,0,0,2,""
9422,discovered,"what is my seventh house astrology",astrology,wh,19.6,1,1,1,0,0,2,""
9423,discovered,"what is my chinese zodiac element",astrology,wh,19.6,1,1,1,0,0,2,""
9424,discovered,"what does a retrograde planet mean in astrology",astrology,wh,19.6,1,1,1,0,0,2,""
9425,discovered,"how to know if i have psychic abilities",psychic_abilities,how,19.6,1,1,1,0,0,2,""
9426,discovered,"difference between instinct and intuition",psychic_abilities,noun,19.6,1,1,1,0,0,2,""
9427,discovered,"what is spiritual gifting",psychic_abilities,wh,19.6,1,1,1,0,0,2,""
9428,discovered,"what do you use to cleanse a house",protection_energy,wh,19.6,1,1,1,0,0,2,""
9429,discovered,"how to lift a spiritual curse",protection_energy,how,19.6,1,1,1,0,0,2,""
9430,discovered,"how to cleanse my space spiritually",protection_energy,how,19.6,1,1,1,0,0,2,""
9431,discovered,"how to smudge a house",protection_energy,how,19.6,1,1,1,0,0,2,""
9432,discovered,"how to smudge your home",protection_energy,how,19.6,1,1,1,0,0,2,""
9433,discovered,"what does the hanged man mean in love reading",tarot,wh,19.6,1,1,1,0,0,2,""
9434,discovered,"what does the high priestess mean in love reading",tarot,wh,19.6,1,1,1,0,0,2,""
9435,discovered,"justice tarot card spiritual",tarot,noun,19.6,1,1,1,0,0,2,""
9436,discovered,"tarot card meanings in love spreads",tarot,noun,19.6,1,1,1,0,0,2,""
9437,discovered,"what is in the afterlife",grief_afterlife,wh,19.6,1,1,1,0,0,2,""
9438,discovered,"am i financially independent",money_career,yes_no,19.6,1,1,1,0,0,2,""
9439,discovered,"spiritual meaning seeing cardinals",spiritual_awakening,meaning,19.6,1,1,1,0,0,2,""
9440,discovered,"what does it mean when you see a white butterfly spiritual",signs_synchronicity,wh,19.6,1,1,1,0,0,2,""
9441,discovered,"what does the full moon represent",crystals_rituals,wh,19.5,2,1,1,0,0,8,""
9442,discovered,"chakra element",chakras_energy,noun,19.5,2,1,1,0,0,6,""
9443,discovered,"what is a dream about losing teeth",dreams,wh,19.2,1,2,1,0,0,4,""
9444,discovered,"what crystals are good for love",crystals_rituals,wh,19.2,1,2,1,0,0,4,""
9445,discovered,"spiritual meaning of dreams about spiders",dreams,meaning,19.2,1,2,1,0,0,4,""
9446,discovered,"spiritual meaning of dreams about babies",dreams,meaning,19.2,1,2,1,0,0,4,""
9447,discovered,"should i start a business or get a job",money_career,yes_no,19.2,1,2,1,0,0,4,""
9448,discovered,"what is twin flame reunion",twin_flame_soulmate,wh,19.2,1,2,1,0,0,4,""
9449,discovered,"remove greater curse",protection_energy,noun,19.2,1,2,1,0,0,4,""
9450,discovered,"can tarot tell the future",tarot,yes_no,18.6,1,1,1,0,0,3,""
9451,discovered,"what is my ruling planet vedic astrology",astrology,wh,18.6,1,1,1,0,0,3,""
9452,discovered,"how to manifest someone you love",manifestation,how,18.6,1,1,1,0,0,3,""
9453,discovered,"how to charge crystals at home",crystals_rituals,how,18.6,1,1,1,0,0,3,""
9454,discovered,"causes of blocked heart chakra",chakras_energy,noun,18.6,1,1,1,0,0,3,""
9455,discovered,"will he come back tarot",tarot,yes_no,18.6,1,1,1,0,0,3,""
9456,discovered,"is the evil eye yokai",protection_energy,yes_no,18.6,1,1,1,0,0,3,""
9457,discovered,"my brother is in a toxic relationship",love_relationships,noun,18.6,1,1,1,0,0,3,""
9458,discovered,"what is my dominant planet in my birth chart",astrology,wh,18.6,1,1,1,0,0,3,""
9459,discovered,"physical signs of blocked heart chakra",chakras_energy,signs,18.6,1,1,1,0,0,3,""
9460,discovered,"seeing angel numbers everywhere",angel_numbers,noun,18.6,1,1,1,0,0,3,""
9461,discovered,"what are my life path number",angel_numbers,wh,18.6,1,1,1,0,0,3,""
9462,discovered,"how to manifest during new moon",manifestation,how,18.6,1,1,1,0,0,3,""
9463,discovered,"how to unlock lower chakras",chakras_energy,how,18.6,1,1,1,0,0,3,""
9464,discovered,"what is the career path for data analytics",money_career,wh,18.6,1,1,1,0,0,3,""
9465,discovered,"signs my ex is never coming back",love_relationships,signs,18.6,1,1,1,0,0,3,""
9466,discovered,"how do i know what is my angel number",angel_numbers,how,18.6,1,1,1,0,0,3,""
9467,discovered,"what does it mean when you dream about passing",dreams,wh,18.6,1,1,1,0,0,3,""
9468,discovered,"signs in dreams",dreams,signs,18.6,1,1,1,0,0,3,""
9469,discovered,"what does it mean when you dream about traveling to another country",dreams,wh,18.6,1,1,1,0,0,3,""
9470,discovered,"why do i keep dreaming about babies spiritual",dreams,wh,18.6,1,1,1,0,0,3,""
9471,discovered,"why did i have that dream",dreams,wh,18.6,1,1,1,0,0,3,""
9472,discovered,"what does it mean when you keep seeing your ex in a dream",dreams,wh,18.6,1,1,1,0,0,3,""
9473,discovered,"what does a dream tell you",dreams,wh,18.6,1,1,1,0,0,3,""
9474,discovered,"what do recurring dreams",dreams,wh,18.6,1,1,1,0,0,3,""
9475,discovered,"what do dreams about free falling",dreams,wh,18.6,1,1,1,0,0,3,""
9476,discovered,"having dreams about snakes",dreams,noun,18.6,1,1,1,0,0,3,""
9477,discovered,"what do water mean in dreams",dreams,wh,18.6,1,1,1,0,0,3,""
9478,discovered,"what does it mean to see spider in your dream",dreams,wh,18.6,1,1,1,0,0,3,""
9479,discovered,"how to lucid dream instantly",dreams,how,18.6,1,1,1,0,0,3,""
9480,discovered,"how to know if you're lucid dreaming",dreams,how,18.6,1,1,1,0,0,3,""
9481,discovered,"are dreams really messages",dreams,yes_no,18.6,1,1,1,0,0,3,""
9482,discovered,"how to manifest to be with someone",manifestation,how,18.6,1,1,1,0,0,3,""
9483,discovered,"how to manifest debt",manifestation,how,18.6,1,1,1,0,0,3,""
9484,discovered,"how to manifest someone to fall in love",manifestation,how,18.6,1,1,1,0,0,3,""
9485,discovered,"what is 369 method",manifestation,wh,18.6,1,1,1,0,0,3,""
9486,discovered,"369 method sp",manifestation,noun,18.6,1,1,1,0,0,3,""
9487,discovered,"how to attract law of attraction",manifestation,how,18.6,1,1,1,0,0,3,""
9488,discovered,"law of attraction reddit height",manifestation,noun,18.6,1,1,1,0,0,3,""
9489,discovered,"is law of assumption",manifestation,yes_no,18.6,1,1,1,0,0,3,""
9490,discovered,"signs manifestation is working",manifestation,signs,18.6,1,1,1,0,0,3,""
9491,discovered,"how to do shadow work to heal for beginners",manifestation,how,18.6,1,1,1,0,0,3,""
9492,discovered,"how to raise your vibration to attract what you want",manifestation,how,18.6,1,1,1,0,0,3,""
9493,discovered,"dark night of the soul meaning catholic",spiritual_awakening,meaning,18.6,1,1,1,0,0,3,""
9494,discovered,"dark night of the soul eckhart tolle",spiritual_awakening,noun,18.6,1,1,1,0,0,3,""
9495,discovered,"what is my spirit animal star",spiritual_awakening,wh,18.6,1,1,1,0,0,3,""
9496,discovered,"how do i know if i have a spirit guide",psychic_abilities,how,18.6,1,1,1,0,0,3,""
9497,discovered,"how do you have a kundalini awakening",chakras_energy,how,18.6,1,1,1,0,0,3,""
9498,discovered,"what is the definition of synchronicities",signs_synchronicity,wh,18.6,1,1,1,0,0,3,""
9499,discovered,"why do i keep seeing 333 angel number",angel_numbers,wh,18.6,1,1,1,0,0,3,""
9500,discovered,"black butterfly spiritual",signs_synchronicity,noun,18.6,1,1,1,0,0,3,""
9501,discovered,"what does it mean when you see a red cardinal spiritual",signs_synchronicity,wh,18.6,1,1,1,0,0,3,""
9502,discovered,"how to remove negative energy from home",protection_energy,how,18.6,1,1,1,0,0,3,""
9503,discovered,"how to break a hex",protection_energy,how,18.6,1,1,1,0,0,3,""
9504,discovered,"how to break free from a generational curse",protection_energy,how,18.6,1,1,1,0,0,3,""
9505,discovered,"what is the definition of evil eye",protection_energy,wh,18.6,1,1,1,0,0,3,""
9506,discovered,"is the evil eye sign haram",protection_energy,yes_no,18.6,1,1,1,0,0,3,""
9507,discovered,"how to use sage to get rid of negative energy",protection_energy,how,18.6,1,1,1,0,0,3,""
9508,discovered,"what is a hex press",protection_energy,wh,18.6,1,1,1,0,0,3,""
9509,discovered,"what are hex signs on barns",protection_energy,wh,18.6,1,1,1,0,0,3,""
9510,discovered,"what to use if you don't have a hex key",protection_energy,wh,18.6,1,1,1,0,0,3,""
9511,discovered,"what crystal or stone helps with anxiety",crystals_rituals,wh,18.6,1,1,1,0,0,3,""
9512,discovered,"what should i put my crystals on",crystals_rituals,wh,18.6,1,1,1,0,0,3,""
9513,discovered,"what is crystal freeze brazilian",crystals_rituals,wh,18.6,1,1,1,0,0,3,""
9514,discovered,"crystals for protection where to buy",protection_energy,noun,18.6,1,1,1,0,0,3,""
9515,discovered,"what crystals are used for love",crystals_rituals,wh,18.6,1,1,1,0,0,3,""
9516,discovered,"which crystals are best for love",crystals_rituals,wh,18.6,1,1,1,0,0,3,""
9517,discovered,"what not to do on a full moon",crystals_rituals,wh,18.6,1,1,1,0,0,3,""
9518,discovered,"full moon ceremony how",crystals_rituals,noun,18.6,1,1,1,0,0,3,""
9519,discovered,"what does the full moon mean tomorrow",crystals_rituals,wh,18.6,1,1,1,0,0,3,""
9520,discovered,"moon phase meaning today astrology",astrology,meaning,18.6,1,1,1,0,0,3,""
9521,discovered,"how to properly use a pendulum",crystals_rituals,how,18.6,1,1,1,0,0,3,""
9522,discovered,"how to use a pendulum to clear negative energy",protection_energy,how,18.6,1,1,1,0,0,3,""
9523,discovered,"which chakra gives energy",chakras_energy,wh,18.6,1,1,1,0,0,3,""
9524,discovered,"what are the 7 chakras and how to open them",chakras_energy,wh,18.6,1,1,1,0,0,3,""
9525,discovered,"how to balance root chakra",chakras_energy,how,18.6,1,1,1,0,0,3,""
9526,discovered,"free chakra healing music",chakras_energy,noun,18.6,1,1,1,0,0,3,""
9527,discovered,"what is aura debt",money_career,wh,18.6,1,1,1,0,0,3,""
9528,discovered,"find my past life",past_lives_karma,noun,18.6,1,1,1,0,0,3,""
9529,discovered,"past life regression meaning in marathi",past_lives_karma,meaning,18.6,1,1,1,0,0,3,""
9530,discovered,"past life regression reddit india",past_lives_karma,noun,18.6,1,1,1,0,0,3,""
9531,discovered,"past life regression free by date of birth",past_lives_karma,noun,18.6,1,1,1,0,0,3,""
9532,discovered,"what is karma meaning in english",past_lives_karma,wh,18.6,1,1,1,0,0,3,""
9533,discovered,"what is reddit karma good",past_lives_karma,wh,18.6,1,1,1,0,0,3,""
9534,discovered,"how is karma calculated",past_lives_karma,how,18.6,1,1,1,0,0,3,""
9535,discovered,"how to delete reddit karma",past_lives_karma,how,18.6,1,1,1,0,0,3,""
9536,discovered,"is karmic relationship good",twin_flame_soulmate,yes_no,18.6,1,1,1,0,0,3,""
9537,discovered,"what are the signs of a karmic relationship",twin_flame_soulmate,wh,18.6,1,1,1,0,0,3,""
9538,discovered,"what is my past life number",past_lives_karma,wh,18.6,1,1,1,0,0,3,""
9539,discovered,"are soul contracts",past_lives_karma,yes_no,18.6,1,1,1,0,0,3,""
9540,discovered,"what does it mean when someone calls you a ghost",grief_afterlife,wh,18.6,1,1,1,0,0,3,""
9541,discovered,"what are the signs that you got the job",money_career,wh,18.6,1,1,1,0,0,3,""
9542,discovered,"what job is right for me quiz buzzfeed",money_career,wh,18.6,1,1,1,0,0,3,""
9543,discovered,"what is career growth",money_career,wh,18.6,1,1,1,0,0,3,""
9544,discovered,"career path definition with",money_career,noun,18.6,1,1,1,0,0,3,""
9545,discovered,"should i leave my job",money_career,yes_no,18.6,1,1,1,0,0,3,""
9546,discovered,"i will be successful",money_career,noun,18.6,1,1,1,0,0,3,""
9547,discovered,"will you be successful",money_career,yes_no,18.6,1,1,1,0,0,3,""
9548,discovered,"who will i marry quiz buzzfeed",love_relationships,wh,18.6,1,1,1,0,0,3,""
9549,discovered,"who will i marry free reading",love_relationships,wh,18.6,1,1,1,0,0,3,""
9550,discovered,"will my teenage relationship last",love_relationships,yes_no,18.6,1,1,1,0,0,3,""
9551,discovered,"twin flame stages separation",twin_flame_soulmate,noun,18.6,1,1,1,0,0,3,""
9552,discovered,"how to see who your soulmate",twin_flame_soulmate,how,18.6,1,1,1,0,0,3,""
9553,discovered,"limerence adhd",love_relationships,noun,18.6,1,1,1,0,0,3,""
9554,discovered,"how to deal with him pulling away",love_relationships,how,18.6,1,1,1,0,0,3,""
9555,discovered,"dream about someone dying and coming back to life",dreams,noun,18.6,1,1,1,0,0,3,""
9556,discovered,"dream about watermelon",dreams,noun,18.6,1,1,1,0,0,3,""
9557,discovered,"dream about teeth falling out biblical",dreams,noun,18.6,1,1,1,0,0,3,""
9558,discovered,"how do you know when you are spiritually awakened",spiritual_awakening,how,18.6,1,1,1,0,0,3,""
9559,discovered,"chakra test naruto",chakras_energy,noun,18.6,1,1,1,0,0,3,""
9560,discovered,"how to fix your chakras",chakras_energy,how,18.6,1,1,1,0,0,3,""
9561,discovered,"what is aura cleansing meditation",protection_energy,wh,18.6,1,1,1,0,0,3,""
9562,discovered,"reasons why your manifestation is not working",manifestation,noun,18.6,1,1,1,0,0,3,""
9563,discovered,"signs your manifestation is coming soon",manifestation,signs,18.6,1,1,1,0,0,3,""
9564,discovered,"what does 444 mean in love tattoo",angel_numbers,wh,18.6,1,1,1,0,0,3,""
9565,discovered,"what does the moon sign mean in astrology",astrology,wh,18.6,1,1,1,0,0,3,""
9566,discovered,"what does your rising sign mean in astrology",astrology,wh,18.6,1,1,1,0,0,3,""
9567,discovered,"how to remove a curse from someone",protection_energy,how,18.6,1,1,1,0,0,3,""
9568,discovered,"crystals for abundance money",crystals_rituals,noun,18.6,1,1,1,0,0,3,""
9569,discovered,"what ritual for new moon",crystals_rituals,wh,18.6,1,1,1,0,0,3,""
9570,discovered,"what does the wheel of fortune mean in love",love_relationships,wh,18.6,1,1,1,0,1,3,""
9571,discovered,"what is time like in the afterlife",grief_afterlife,wh,18.6,1,1,1,0,0,3,""
9572,discovered,"spiritual meaning of seeing a cardinal and blue jay together",spiritual_awakening,meaning,18.6,1,1,1,0,0,3,""
9573,discovered,"twin flame separation book",twin_flame_soulmate,noun,18.6,1,1,1,0,0,3,""
9574,discovered,"do twin flames get separated",twin_flame_soulmate,yes_no,18.6,1,1,1,0,0,3,""
9575,discovered,"why do twin flames go into separation",twin_flame_soulmate,wh,18.6,1,1,1,0,0,3,""
9576,discovered,"kundalini awakening twin flame separation",twin_flame_soulmate,noun,18.6,1,1,1,0,0,3,""
9577,discovered,"twin flame cycle of separation",twin_flame_soulmate,noun,18.6,1,1,1,0,0,3,""
9578,discovered,"twin flame separation third party",twin_flame_soulmate,noun,18.6,1,1,1,0,0,3,""
9579,discovered,"twin flame separation 20 years",twin_flame_soulmate,noun,18.6,1,1,1,0,0,3,""
9580,discovered,"how to get over someone and move on",love_relationships,how,18.6,1,1,1,0,0,3,""
9581,discovered,"spiritual meaning of elevator dreams",dreams,meaning,18.6,1,1,1,0,0,3,""
9582,discovered,"spiritual meaning of forgetting dreams",dreams,meaning,18.6,1,1,1,0,0,3,""
9583,discovered,"spiritual meaning of dream getting shot",dreams,meaning,18.6,1,1,1,0,0,3,""
9584,discovered,"spiritual meaning of dreaming in a wedding",dreams,meaning,18.6,1,1,1,0,0,3,""
9585,discovered,"spiritual meaning of the dream catcher",dreams,meaning,18.6,1,1,1,0,0,3,""
9586,discovered,"spiritual meaning behind waking up at 3 am",spiritual_awakening,meaning,18.6,1,1,1,0,0,3,""
9587,discovered,"waking up from a dream at 3am spiritual",dreams,noun,18.6,1,1,1,0,0,3,""
9588,discovered,"7 chakra colors",chakras_energy,noun,18.6,1,1,1,0,0,3,""
9589,discovered,"chakra test english",chakras_energy,noun,18.6,1,1,1,0,0,3,""
9590,discovered,"chakra kleuren",chakras_energy,noun,18.6,1,1,1,0,0,3,""
9591,discovered,"ghatna chakra mock",chakras_energy,noun,18.6,1,1,1,0,0,3,""
9592,discovered,"chakra paper test naruto",chakras_energy,noun,18.6,1,1,1,0,0,3,""
9593,discovered,"ghatna chakra ro test series",chakras_energy,noun,18.6,1,1,1,0,0,3,""
9594,discovered,"ghatna chakra test series",chakras_energy,noun,18.6,1,1,1,0,0,3,""
9595,discovered,"chakra test live your truth",chakras_energy,noun,18.6,1,1,1,0,0,3,""
9596,discovered,"how to manifest love and marriage",manifestation,how,18.6,1,1,1,0,0,3,""
9597,discovered,"how to manifest someone's love",manifestation,how,18.6,1,1,1,0,0,3,""
9598,discovered,"how to manifest true love into your life",manifestation,how,18.6,1,1,1,0,0,3,""
9599,discovered,"how to attract love using cinnamon",love_relationships,how,18.6,1,1,1,0,0,3,""
9600,discovered,"how to manifest love with a specific person 369 method",manifestation,how,18.6,1,1,1,0,0,3,""
9601,discovered,"how to manifest your love life",manifestation,how,18.6,1,1,1,0,0,3,""
9602,discovered,"how to tell if you are small medium or large boned",grief_afterlife,how,18.6,1,1,1,0,0,3,""
9603,discovered,"signs that you are a psychic",psychic_abilities,signs,18.6,1,1,1,0,0,3,""
9604,discovered,"333 twin flame separation",twin_flame_soulmate,noun,18.6,1,1,1,0,0,3,""
9605,discovered,"twin flame reunion signs in hindi",twin_flame_soulmate,signs,18.6,1,1,1,0,0,3,""
9606,discovered,"can my twin flame have another twin flame",twin_flame_soulmate,yes_no,18.6,1,1,1,0,0,3,""
9607,discovered,"divine timing meaning twin flame",twin_flame_soulmate,meaning,18.6,1,1,1,0,0,3,""
9608,discovered,"how to know if your boyfriend is your soulmate",twin_flame_soulmate,how,18.6,1,1,1,0,0,3,""
9609,discovered,"how to get your ex fall back in love with you",love_relationships,how,18.6,1,1,1,0,0,3,""
9610,discovered,"limerence falling in love",love_relationships,noun,18.6,1,1,1,0,0,3,""
9611,discovered,"am i obsessed or in love",love_relationships,yes_no,18.6,1,1,1,0,0,3,""
9612,discovered,"can you be in love and obsessed at the same time",love_relationships,yes_no,18.6,1,1,1,0,0,3,""
9613,discovered,"why do you love him",love_relationships,wh,18.6,1,1,1,0,0,3,""
9614,discovered,"does reddit have dating",love_relationships,yes_no,18.6,1,1,1,0,0,3,""
9615,discovered,"spiritual meaning of urinating in a dream",dreams,meaning,18.6,1,1,1,0,0,3,""
9616,discovered,"i dream about my ex last night",dreams,noun,18.6,1,1,1,0,0,3,""
9617,discovered,"dream water nightmare",dreams,noun,18.6,1,1,1,0,0,3,""
9618,discovered,"dream about front teeth falling out spiritual",dreams,noun,18.6,1,1,1,0,0,3,""
9619,discovered,"seeing deceased loved ones in dreams",dreams,noun,18.6,1,1,1,0,0,3,""
9620,discovered,"what is the biblical meaning of dreaming snakes",dreams,wh,18.6,1,1,1,0,0,3,""
9621,discovered,"dream about spiders everywhere spiritual",dreams,noun,18.6,1,1,1,0,0,3,""
9622,discovered,"dream about spiders and scorpions",dreams,noun,18.6,1,1,1,0,0,3,""
9623,discovered,"dream about being chased by a lion spiritual",dreams,noun,18.6,1,1,1,0,0,3,""
9624,discovered,"what does it mean when you keep having a recurring dream",dreams,wh,18.6,1,1,1,0,0,3,""
9625,discovered,"why do my dreams predict the future",dreams,wh,18.6,1,1,1,0,0,3,""
9626,discovered,"what is early morning awakening",spiritual_awakening,wh,18.6,1,1,1,0,0,3,""
9627,discovered,"what is an ascension symptom",spiritual_awakening,wh,18.6,1,1,1,0,0,3,""
9628,discovered,"what is chakra and aura cleansing",protection_energy,wh,18.6,1,1,1,0,0,3,""
9629,discovered,"what does it mean when your throat chakra is blocked",chakras_energy,wh,18.6,1,1,1,0,0,3,""
9630,discovered,"can you manifest your ex back",manifestation,yes_no,18.6,1,1,1,0,0,3,""
9631,discovered,"law of assumption vs law of detachment",manifestation,noun,18.6,1,1,1,0,0,3,""
9632,discovered,"manifestation journal meaning in malayalam",manifestation,meaning,18.6,1,1,1,0,0,3,""
9633,discovered,"what does 0000 mean in love",love_relationships,wh,18.6,1,1,1,0,0,3,""
9634,discovered,"what does 2222 mean in a love relationship",angel_numbers,wh,18.6,1,1,1,0,0,3,""
9635,discovered,"what does angel number 333 mean in love",angel_numbers,wh,18.6,1,1,1,0,0,3,""
9636,discovered,"mercury retrograde 2026 signs affected taurus",astrology,signs,18.6,1,1,1,0,0,3,""
9637,discovered,"mercury retrograde 2026 and full moon",astrology,noun,18.6,1,1,1,0,0,3,""
9638,discovered,"mercury retrograde 2026 aquarius love",astrology,noun,18.6,1,1,1,0,0,3,""
9639,discovered,"what is your zodiac sign element",astrology,wh,18.6,1,1,1,0,0,3,""
9640,discovered,"what's a retrograde planet",astrology,wh,18.6,1,1,1,0,0,3,""
9641,discovered,"is intuition better than logic",psychic_abilities,yes_no,18.6,1,1,1,0,0,3,""
9642,discovered,"how to break a generational curse spiritually",protection_energy,how,18.6,1,1,1,0,0,3,""
9643,discovered,"how to remove a hex or spell",protection_energy,how,18.6,1,1,1,0,0,3,""
9644,discovered,"how to spiritually cleanse your room",protection_energy,how,18.6,1,1,1,0,0,3,""
9645,discovered,"what does the hanged man mean in a love tarot reading",tarot,wh,18.6,1,1,1,0,0,3,""
9646,discovered,"what does the high priestess card mean in love",tarot,wh,18.6,1,1,1,0,0,3,""
9647,discovered,"what does the magician mean in a love tarot reading",tarot,wh,18.6,1,1,1,0,0,3,""
9648,discovered,"justice tarot card",tarot,noun,18.6,1,1,1,0,0,3,""
9649,discovered,"temperance tarot card spiritual",tarot,noun,18.6,1,1,1,0,0,3,""
9650,discovered,"strength tarot card meaning in love",tarot,meaning,18.6,1,1,1,0,0,3,""
9651,discovered,"how to ask relationship questions in tarot",tarot,how,18.6,1,1,1,0,0,3,""
9652,discovered,"is 0.7 fine or medium",grief_afterlife,yes_no,18.6,1,1,1,0,0,3,""
9653,discovered,"afterlife how does it feel",grief_afterlife,noun,18.6,1,1,1,0,0,3,""
9654,discovered,"what is my numerology number",angel_numbers,wh,18.6,1,1,1,0,0,3,""
9655,discovered,"life path vs birth path",angel_numbers,noun,18.6,1,1,1,0,0,3,""
9656,discovered,"should i start a business or go to college",money_career,yes_no,18.6,1,1,1,0,0,3,""
9657,discovered,"what does the red cardinal mean spiritually",signs_synchronicity,wh,18.6,1,1,1,0,0,3,""
9658,discovered,"what does it mean when you see a black butterfly spiritual",signs_synchronicity,wh,18.6,1,1,1,0,0,3,""
9659,discovered,"how to cleanse a house from bad energy",protection_energy,how,18.2,1,2,1,0,0,5,""
9660,discovered,"crystals that are used for protection",protection_energy,noun,18.2,1,2,1,0,0,5,""
9661,discovered,"spiritual meaning of dreams about partner cheating",dreams,meaning,18.2,1,2,1,0,0,5,""
9662,discovered,"spiritual meaning of dreams about bears",dreams,meaning,18.2,1,2,1,0,0,6,""
9663,discovered,"spiritual meaning of dreams az in english",dreams,meaning,18.2,1,2,1,0,0,9,""
9664,discovered,"at what age should you be financially stable",money_career,noun,18.2,1,2,1,0,0,6,""
9665,discovered,"ghatna chakra test series ro aro",chakras_energy,noun,18.2,1,2,1,0,0,5,""
9666,discovered,"can tarot cards predict the future",tarot,yes_no,17.6,1,1,1,0,0,4,""
9667,discovered,"what is my ruling planet pisces",astrology,wh,17.6,1,1,1,0,0,4,""
9668,discovered,"how to open your third eye in one day",psychic_abilities,how,17.6,1,1,1,0,0,4,""
9669,discovered,"how to read in tarot cards",tarot,how,17.6,1,1,1,0,0,4,""
9670,discovered,"what is my rising sign if i m a gemini",astrology,wh,17.6,1,1,1,0,0,4,""
9671,discovered,"zodiac compatibility in relationship",astrology,noun,17.6,1,1,1,0,0,4,""
9672,discovered,"how to manifest during periods",manifestation,how,17.6,1,1,1,0,0,4,""
9673,discovered,"what is my spirit animal chinese",spiritual_awakening,wh,17.6,1,1,1,0,0,4,""
9674,discovered,"my mom is in a toxic relationship",love_relationships,noun,17.6,1,1,1,0,0,4,""
9675,discovered,"what is my dominant planet in vedic astrology",astrology,wh,17.6,1,1,1,0,0,4,""
9676,discovered,"what does 222 mean in japanese",angel_numbers,wh,17.6,1,1,1,0,0,4,""
9677,discovered,"what does the evil eye protect you from",protection_energy,wh,17.6,1,1,1,0,0,4,""
9678,discovered,"how to tell what my angel number",angel_numbers,how,17.6,1,1,1,0,0,4,""
9679,discovered,"what does it mean when you dream about failing",dreams,wh,17.6,1,1,1,0,0,4,""
9680,discovered,"what does it mean when you dream about talking to jesus",dreams,wh,17.6,1,1,1,0,0,4,""
9681,discovered,"why do i keep dreaming about spiders spiritual",dreams,wh,17.6,1,1,1,0,0,4,""
9682,discovered,"why do you usually dream",dreams,wh,17.6,1,1,1,0,0,4,""
9683,discovered,"what do bad dreams",dreams,wh,17.6,1,1,1,0,0,4,""
9684,discovered,"lucid dreaming meaning spiritual",dreams,meaning,17.6,1,1,1,0,0,4,""
9685,discovered,"what does it mean when u have recurring dreams",dreams,wh,17.6,1,1,1,0,0,4,""
9686,discovered,"how to do manifest",manifestation,how,17.6,1,1,1,0,0,4,""
9687,discovered,"how to manifest to a full moon",manifestation,how,17.6,1,1,1,0,0,4,""
9688,discovered,"how to manifest acne free skin",manifestation,how,17.6,1,1,1,0,0,4,""
9689,discovered,"369 method results",manifestation,noun,17.6,1,1,1,0,0,4,""
9690,discovered,"law of attraction reddit feeling resistance",manifestation,noun,17.6,1,1,1,0,0,4,""
9691,discovered,"signs manifestation is near",manifestation,signs,17.6,1,1,1,0,0,4,""
9692,discovered,"how to start shadow work",manifestation,how,17.6,1,1,1,0,0,4,""
9693,discovered,"how to do shadow work to eliminate stage fright",manifestation,how,17.6,1,1,1,0,0,4,""
9694,discovered,"how to raise your vibration to attract love",manifestation,how,17.6,1,1,1,0,0,4,""
9695,discovered,"how to manifest a specific person to contact you",manifestation,how,17.6,1,1,1,0,0,4,""
9696,discovered,"dark night of the soul meaning writing",spiritual_awakening,meaning,17.6,1,1,1,0,0,4,""
9697,discovered,"dark night of the soul symptoms catholic",spiritual_awakening,noun,17.6,1,1,1,0,0,4,""
9698,discovered,"dark night of the soul what to do",spiritual_awakening,noun,17.6,1,1,1,0,0,4,""
9699,discovered,"why do i keep seeing 222 angel number",angel_numbers,wh,17.6,1,1,1,0,0,4,""
9700,discovered,"white butterfly.spiritual",signs_synchronicity,noun,17.6,1,1,1,0,0,4,""
9701,discovered,"i keep seeing cardinals what does that",signs_synchronicity,noun,17.6,1,1,1,0,0,4,""
9702,discovered,"how to cleanse yourself from bad energy",protection_energy,how,17.6,1,1,1,0,0,4,""
9703,discovered,"how to remove a hex",protection_energy,how,17.6,1,1,1,0,0,4,""
9704,discovered,"is the evil eye sign shirk",protection_energy,yes_no,17.6,1,1,1,0,0,4,""
9705,discovered,"difference between a hex and a spell",protection_energy,noun,17.6,1,1,1,0,0,4,""
9706,discovered,"why use crystals",crystals_rituals,wh,17.6,1,1,1,0,0,4,""
9707,discovered,"what is crystal freeze",crystals_rituals,wh,17.6,1,1,1,0,0,4,""
9708,discovered,"which crystals for protection",protection_energy,wh,17.6,1,1,1,0,0,4,""
9709,discovered,"stones for protection to wear",protection_energy,noun,17.6,1,1,1,0,0,4,""
9710,discovered,"new moon ritual when to do",crystals_rituals,noun,17.6,1,1,1,0,0,4,""
9711,discovered,"what does the full moon mean today astrology",astrology,wh,17.6,1,1,1,0,0,4,""
9712,discovered,"what is a pendulum",crystals_rituals,wh,17.6,1,1,1,0,0,4,""
9713,discovered,"how does a pendulum work",crystals_rituals,how,17.6,1,1,1,0,0,4,""
9714,discovered,"how to use a pendulum to check chakras",crystals_rituals,how,17.6,1,1,1,0,0,4,""
9715,discovered,"how to know what chakras are blocked",chakras_energy,how,17.6,1,1,1,0,0,4,""
9716,discovered,"how to heal sacral chakra",chakras_energy,how,17.6,1,1,1,0,0,4,""
9717,discovered,"what is reiki like",chakras_energy,wh,17.6,1,1,1,0,0,4,""
9718,discovered,"what is reiki method",chakras_energy,wh,17.6,1,1,1,0,0,4,""
9719,discovered,"what to expect after energy healing",chakras_energy,wh,17.6,1,1,1,0,0,4,""
9720,discovered,"how to discover your past life",past_lives_karma,how,17.6,1,1,1,0,0,4,""
9721,discovered,"past life regression meaning in kannada",past_lives_karma,meaning,17.6,1,1,1,0,0,4,""
9722,discovered,"past life regression reddit ph",past_lives_karma,noun,17.6,1,1,1,0,0,4,""
9723,discovered,"past life regression therapy how",past_lives_karma,noun,17.6,1,1,1,0,0,4,""
9724,discovered,"past life regression free course",past_lives_karma,noun,17.6,1,1,1,0,0,4,""
9725,discovered,"what is reddit karma and how does it work",past_lives_karma,wh,17.6,1,1,1,0,0,4,""
9726,discovered,"what is karma and how does it work",past_lives_karma,wh,17.6,1,1,1,0,0,4,""
9727,discovered,"how to remove negative karma",past_lives_karma,how,17.6,1,1,1,0,0,4,""
9728,discovered,"are karmic relationships bad",twin_flame_soulmate,yes_no,17.6,1,1,1,0,0,4,""
9729,discovered,"what does a karmic relationship feel like",twin_flame_soulmate,wh,17.6,1,1,1,0,0,4,""
9730,discovered,"what is a karmic twin flame",twin_flame_soulmate,wh,17.6,1,1,1,0,0,4,""
9731,discovered,"can a karmic be a twin flame",twin_flame_soulmate,yes_no,17.6,1,1,1,0,0,4,""
9732,discovered,"can you change your soul contract",past_lives_karma,yes_no,17.6,1,1,1,0,0,4,""
9733,discovered,"how long does it take to know if you got the job",money_career,how,17.6,1,1,1,0,0,4,""
9734,discovered,"what are good signs that you got the job",money_career,wh,17.6,1,1,1,0,0,4,""
9735,discovered,"who can help me find the right job",money_career,wh,17.6,1,1,1,0,0,4,""
9736,discovered,"what is career progression",money_career,wh,17.6,1,1,1,0,0,4,""
9737,discovered,"will i be rich or poor",money_career,yes_no,17.6,1,1,1,0,0,4,""
9738,discovered,"can i quit my job",money_career,yes_no,17.6,1,1,1,0,0,4,""
9739,discovered,"do i need to sign anything when i quit my job",money_career,yes_no,17.6,1,1,1,0,0,4,""
9740,discovered,"is what the future holds",money_career,yes_no,17.6,1,1,1,0,0,4,""
9741,discovered,"i will be successful meaning in marathi",money_career,meaning,17.6,1,1,1,0,0,4,""
9742,discovered,"am i gonna be successful",money_career,yes_no,17.6,1,1,1,0,0,4,""
9743,discovered,"will deadlock be successful",money_career,yes_no,17.6,1,1,1,0,0,4,""
9744,discovered,"how to find my astrology",astrology,how,17.6,1,1,1,0,0,4,""
9745,discovered,"what is the destiny",money_career,wh,17.6,1,1,1,0,0,4,""
9746,discovered,"who will you marry meaning in malayalam",love_relationships,wh,17.6,1,1,1,0,0,4,""
9747,discovered,"who.will i marry",love_relationships,wh,17.6,1,1,1,0,0,4,""
9748,discovered,"will my new relationship last",love_relationships,yes_no,17.6,1,1,1,0,0,4,""
9749,discovered,"what is my soul crystal",crystals_rituals,wh,17.6,1,1,1,0,0,4,""
9750,discovered,"how to find out who your soulmate is through astrology",twin_flame_soulmate,how,17.6,1,1,1,0,0,4,""
9751,discovered,"limerence pronunciation",love_relationships,noun,17.6,1,1,1,0,0,4,""
9752,discovered,"dream about someone dying islam",dreams,noun,17.6,1,1,1,0,0,4,""
9753,discovered,"dream about water slide",dreams,noun,17.6,1,1,1,0,0,4,""
9754,discovered,"dream about snakes in the house",dreams,noun,17.6,1,1,1,0,0,4,""
9755,discovered,"how to know if you had a spiritual awakening",spiritual_awakening,how,17.6,1,1,1,0,0,4,""
9756,discovered,"i am a starseed now what",spiritual_awakening,noun,17.6,1,1,1,0,0,4,""
9757,discovered,"how to heal the chakras",chakras_energy,how,17.6,1,1,1,0,0,4,""
9758,discovered,"what is aura cleansing in reiki",protection_energy,wh,17.6,1,1,1,0,0,4,""
9759,discovered,"what does 111 mean in love",love_relationships,wh,17.6,1,1,1,0,1,4,""
9760,discovered,"what does 444 mean in love single",angel_numbers,wh,17.6,1,1,1,0,0,4,""
9761,discovered,"what does the rising sign mean in astrology",astrology,wh,17.6,1,1,1,0,0,4,""
9762,discovered,"what is retrograde planetary motion",astrology,wh,17.6,1,1,1,0,0,4,""
9763,discovered,"how to remove a curse of binding pumpkin",protection_energy,how,17.6,1,1,1,0,0,4,""
9764,discovered,"best crystals for manifesting money",manifestation,noun,17.6,1,1,1,0,0,4,""
9765,discovered,"full moon.manifestation.ceremony",manifestation,noun,17.6,1,1,1,0,0,4,""
9766,discovered,"what does the high priestess mean in relationships",tarot,wh,17.6,1,1,1,0,0,4,""
9767,discovered,"what does the wheel of fortune mean in tarot reversed",tarot,wh,17.6,1,1,1,0,0,4,""
9768,discovered,"how do i know my deceased loved one is with",grief_afterlife,how,17.6,1,1,1,0,0,4,""
9769,discovered,"what does it look like in the afterlife",grief_afterlife,wh,17.6,1,1,1,0,0,4,""
9770,discovered,"spiritual meaning of seeing a cardinal in the morning",spiritual_awakening,meaning,17.6,1,1,1,0,0,4,""
9771,discovered,"twin flames separated by distance",twin_flame_soulmate,noun,17.6,1,1,1,0,0,4,""
9772,discovered,"why twin flames get separated",twin_flame_soulmate,wh,17.6,1,1,1,0,0,4,""
9773,discovered,"do twin flames have to separate",twin_flame_soulmate,yes_no,17.6,1,1,1,0,0,4,""
9774,discovered,"twin flame years of separation",twin_flame_soulmate,noun,17.6,1,1,1,0,0,4,""
9775,discovered,"twin flame separation to reunion",twin_flame_soulmate,noun,17.6,1,1,1,0,0,4,""
9776,discovered,"twin flame separation 5 years",twin_flame_soulmate,noun,17.6,1,1,1,0,0,4,""
9777,discovered,"spiritual meaning of earrings dream",dreams,meaning,17.6,1,1,1,0,0,4,""
9778,discovered,"spiritual meaning of forgetting dreams biblically",dreams,meaning,17.6,1,1,1,0,0,4,""
9779,discovered,"spiritual meaning of dream getting fired from job",dreams,meaning,17.6,1,1,1,0,0,4,""
9780,discovered,"spiritual meaning of dreaming in water",dreams,meaning,17.6,1,1,1,0,0,4,""
9781,discovered,"biblical meaning of dream teeth falling out",dreams,meaning,17.6,1,1,1,0,0,4,""
9782,discovered,"7 spiritual meaning of waking up at 3am bible",spiritual_awakening,meaning,17.6,1,1,1,0,0,4,""
9783,discovered,"crown chakra",chakras_energy,noun,17.6,1,1,1,0,0,4,""
9784,discovered,"chakra energy",chakras_energy,noun,17.6,1,1,1,0,0,4,""
9785,discovered,"heart chakra",chakras_energy,noun,17.6,1,1,1,0,0,4,""
9786,discovered,"chakra test online kostenlos",chakras_energy,noun,17.6,1,1,1,0,0,4,""
9787,discovered,"ghatna chakra mains test series",chakras_energy,noun,17.6,1,1,1,0,0,4,""
9788,discovered,"chakra percentage",chakras_energy,noun,17.6,1,1,1,0,0,4,""
9789,discovered,"root chakra",chakras_energy,noun,17.6,1,1,1,0,0,4,""
9790,discovered,"throat chakra",chakras_energy,noun,17.6,1,1,1,0,0,4,""
9791,discovered,"how to manifest love and soulmate",twin_flame_soulmate,how,17.6,1,1,1,0,0,4,""
9792,discovered,"how to manifest love marriage",manifestation,how,17.6,1,1,1,0,0,4,""
9793,discovered,"how to manifest real love",manifestation,how,17.6,1,1,1,0,0,4,""
9794,discovered,"how to manifest soulmate love",twin_flame_soulmate,how,17.6,1,1,1,0,0,4,""
9795,discovered,"how to attract love using cloves",love_relationships,how,17.6,1,1,1,0,0,4,""
9796,discovered,"how to manifest love with crystals",manifestation,how,17.6,1,1,1,0,0,4,""
9797,discovered,"how to manifest your love marriage",manifestation,how,17.6,1,1,1,0,0,4,""
9798,discovered,"what does 111 mean career",money_career,wh,17.6,1,1,1,0,0,4,""
9799,discovered,"what does 111 mean twin flame",twin_flame_soulmate,wh,17.6,1,1,1,0,0,4,""
9800,discovered,"how to know if you are medium skin tone",grief_afterlife,how,17.6,1,1,1,0,0,4,""
9801,discovered,"1111 twin flame separation",twin_flame_soulmate,noun,17.6,1,1,1,0,0,4,""
9802,discovered,"what does twin flame mean spiritually",twin_flame_soulmate,wh,17.6,1,1,1,0,0,4,""
9803,discovered,"how to get your ex back love spell",crystals_rituals,how,17.6,1,1,1,0,0,4,""
9804,discovered,"limerence love trap",love_relationships,noun,17.6,1,1,1,0,0,4,""
9805,discovered,"spiritual meaning of eating in a dream",dreams,meaning,17.6,1,1,1,0,0,4,""
9806,discovered,"why do i dream about my ex every night",dreams,wh,17.6,1,1,1,0,0,4,""
9807,discovered,"why do i dream of water every night",dreams,wh,17.6,1,1,1,0,0,4,""
9808,discovered,"dream about teeth falling out meaning christianity",dreams,meaning,17.6,1,1,1,0,0,4,""
9809,discovered,"dream about all teeth falling out spiritual",dreams,noun,17.6,1,1,1,0,0,4,""
9810,discovered,"what does it mean to have a dream of a deceased loved one",dreams,wh,17.6,1,1,1,0,0,4,""
9811,discovered,"dream about 3 snakes spiritual",dreams,noun,17.6,1,1,1,0,0,4,""
9812,discovered,"is it good to dream about snakes",dreams,yes_no,17.6,1,1,1,0,0,4,""
9813,discovered,"dream about spider webs spiritual",dreams,noun,17.6,1,1,1,0,0,4,""
9814,discovered,"dream about spiders and ants",dreams,noun,17.6,1,1,1,0,0,4,""
9815,discovered,"dream about being chased by a cow spiritual",dreams,noun,17.6,1,1,1,0,0,4,""
9816,discovered,"my dreams predict the future",dreams,noun,17.6,1,1,1,0,0,4,""
9817,discovered,"stages of spiritual awakening",spiritual_awakening,noun,17.6,1,1,1,0,0,4,""
9818,discovered,"what causes ascension symptoms",spiritual_awakening,wh,17.6,1,1,1,0,0,4,""
9819,discovered,"what is a lightworker in the bible",spiritual_awakening,wh,17.6,1,1,1,0,0,4,""
9820,discovered,"law of assumption vs law of attraction which is better",manifestation,noun,17.6,1,1,1,0,0,4,""
9821,discovered,"what is a manifestation journal",manifestation,wh,17.6,1,1,1,0,0,4,""
9822,discovered,"what does 2222 mean spiritually in love",angel_numbers,wh,17.6,1,1,1,0,0,4,""
9823,discovered,"what does 222 stand for spiritually",angel_numbers,wh,17.6,1,1,1,0,0,4,""
9824,discovered,"what does 333 mean spiritually in love",angel_numbers,wh,17.6,1,1,1,0,0,4,""
9825,discovered,"mercury retrograde 2026 signs affected gemini",astrology,signs,17.6,1,1,1,0,0,4,""
9826,discovered,"mercury retrograde 2026 and capricorn",astrology,noun,17.6,1,1,1,0,0,4,""
9827,discovered,"mercury retrograde 2026 taurus love",astrology,noun,17.6,1,1,1,0,0,4,""
9828,discovered,"what is my zodiac element for capricorn",astrology,wh,17.6,1,1,1,0,0,4,""
9829,discovered,"what does it mean retrograde planet",astrology,wh,17.6,1,1,1,0,0,4,""
9830,discovered,"what is medium",grief_afterlife,wh,17.6,1,1,1,0,0,4,""
9831,discovered,"how to remove a hex or curse",protection_energy,how,17.6,1,1,1,0,0,4,""
9832,discovered,"how to cleanse my room spiritually",protection_energy,how,17.6,1,1,1,0,0,4,""
9833,discovered,"how to smudge cleanse your home",protection_energy,how,17.6,1,1,1,0,0,4,""
9834,discovered,"what does the hanged man reversed mean in love",tarot,wh,17.6,1,1,1,0,0,4,""
9835,discovered,"what is the meaning of the magician card",tarot,wh,17.6,1,1,1,0,0,4,""
9836,discovered,"death tarot card",tarot,noun,17.6,1,1,1,0,0,4,""
9837,discovered,"judgement tarot card spiritual",tarot,noun,17.6,1,1,1,0,0,4,""
9838,discovered,"temperance tarot card meaning in love",tarot,meaning,17.6,1,1,1,0,0,4,""
9839,discovered,"good tarot questions about love",tarot,noun,17.6,1,1,1,0,0,4,""
9840,discovered,"do you believe in afterlife",grief_afterlife,yes_no,17.6,1,1,1,0,0,4,""
9841,discovered,"how do you know you are financially stable",money_career,how,17.6,1,1,1,0,0,4,""
9842,discovered,"should i start a business or invest",money_career,yes_no,17.6,1,1,1,0,0,4,""
9843,discovered,"what is the spiritual meaning of the rabbit",spiritual_awakening,wh,17.6,1,1,1,0,0,4,""
9844,discovered,"what does seeing a cardinal signify",signs_synchronicity,wh,17.6,1,1,1,0,0,4,""
9845,discovered,"what does it mean when you see a monarch butterfly spiritual",signs_synchronicity,wh,17.6,1,1,1,0,0,4,""
9846,seed,"am i going to be alone forever",unclassified,yes_no,16.6,1,1,0,0,0,0,""
9847,seed,"will i ever get married",unclassified,yes_no,16.6,1,1,0,0,0,0,""
9848,seed,"is he playing games with me",love_relationships,yes_no,16.6,1,1,0,0,0,0,""
9849,seed,"spiritual awakening stages",spiritual_awakening,noun,16.6,1,1,0,0,0,0,""
9850,seed,"what does 333 mean in love",angel_numbers,wh,16.6,1,1,0,0,0,0,""
9851,seed,"moon ritual for beginners",crystals_rituals,noun,16.6,1,1,0,0,0,0,""
9852,discovered,"does she love me tarot",tarot,yes_no,16.6,1,1,1,0,0,9,""
9853,discovered,"is she cheating on me or am i paranoid",love_relationships,yes_no,16.6,1,1,1,0,0,5,""
9854,discovered,"am i in love with just a theme",love_relationships,yes_no,16.6,1,1,1,0,0,9,""
9855,discovered,"does tarot tell the future",tarot,yes_no,16.6,1,1,1,0,0,7,""
9856,discovered,"does tarot really predict the future",tarot,yes_no,16.6,1,1,1,0,0,8,""
9857,discovered,"can tarot be used to predict the future",tarot,yes_no,16.6,1,1,1,0,0,9,""
9858,discovered,"compatible sign for virgo men",astrology,signs,16.6,1,1,1,0,0,9,""
9859,discovered,"what is my ruling planet libra",astrology,wh,16.6,1,1,1,0,0,5,""
9860,discovered,"what is my ruling planet - aries",astrology,wh,16.6,1,1,1,0,0,6,""
9861,discovered,"what is my ruling planet cancer",astrology,wh,16.6,1,1,1,0,0,7,""
9862,discovered,"what is my ruling planet scorpio",astrology,wh,16.6,1,1,1,0,0,8,""
9863,discovered,"what is my ruling planet virgo",astrology,wh,16.6,1,1,1,0,0,9,""
9864,discovered,"what does it mean to dream about someone dead",dreams,wh,16.6,1,1,1,0,0,5,""
9865,discovered,"what does it mean to dream about someone giving you money",dreams,wh,16.6,1,1,1,0,0,6,""
9866,discovered,"dream about dying meaning islam",dreams,meaning,16.6,1,1,1,0,0,5,""
9867,discovered,"dream about own death",dreams,noun,16.6,1,1,1,0,0,6,""
9868,discovered,"dream about someone death",dreams,noun,16.6,1,1,1,0,0,7,""
9869,discovered,"recurring dream meaning missing class",dreams,meaning,16.6,1,1,1,0,0,9,""
9870,discovered,"how to manifest someone out of your life",manifestation,how,16.6,1,1,1,0,0,7,""
9871,discovered,"law of attraction to increase height",manifestation,noun,16.6,1,1,1,0,0,9,""
9872,discovered,"how to charge crystals with moon water",crystals_rituals,how,16.6,1,1,1,0,0,9,""
9873,discovered,"should i quit my job and travel",money_career,yes_no,16.6,1,1,1,0,0,8,""
9874,discovered,"how to know your purpose from god",money_career,how,16.6,1,1,1,0,0,6,""
9875,discovered,"how to know your purpose in life bible verse",money_career,how,16.6,1,1,1,0,0,9,""
9876,discovered,"does he love me the world tarot",tarot,yes_no,16.6,1,1,1,0,0,9,""
9877,discovered,"will he come back to me if i give him space",love_relationships,yes_no,16.6,1,1,1,0,0,9,""
9878,discovered,"is she emotionally cheating",love_relationships,yes_no,16.6,1,1,1,0,0,7,""
9879,discovered,"video on how to open your third eye",psychic_abilities,noun,16.6,1,1,1,0,0,9,""
9880,discovered,"what does the rising sign look like",astrology,wh,16.6,1,1,1,0,0,7,""
9881,discovered,"what does your rising sign look like",astrology,wh,16.6,1,1,1,0,0,9,""
9882,discovered,"zodiac signs compatibility in marriage",astrology,signs,16.6,1,1,1,0,0,9,""
9883,discovered,"what is 11 11 meaning in love hindi",love_relationships,wh,16.6,1,1,1,0,0,7,""
9884,discovered,"what does 222 mean and 111",angel_numbers,wh,16.6,1,1,1,0,0,9,""
9885,discovered,"what if my life path number and birth number are same",angel_numbers,wh,16.6,1,1,1,0,0,8,""
9886,discovered,"what is life path number 4 about",angel_numbers,wh,16.6,1,1,1,0,0,9,""
9887,discovered,"how do i know what is my life path number",angel_numbers,how,16.6,1,1,1,0,0,7,""
9888,discovered,"my life path number is 6 what does",angel_numbers,noun,16.6,1,1,1,0,0,7,""
9889,discovered,"my life path number is 4 what does",angel_numbers,noun,16.6,1,1,1,0,0,8,""
9890,discovered,"my life path number is 9 what does",angel_numbers,noun,16.6,1,1,1,0,0,9,""
9891,discovered,"what does it mean when you dream about deceased family members",dreams,wh,16.6,1,1,1,0,0,7,""
9892,discovered,"why do i keep dreaming about being chased",dreams,wh,16.6,1,1,1,0,0,7,""
9893,discovered,"why do i keep dreaming about being back in high school",dreams,wh,16.6,1,1,1,0,0,9,""
9894,discovered,"why do i keep dreaming about ex from years ago",dreams,wh,16.6,1,1,1,0,0,6,""
9895,discovered,"why do i keep dreaming about my ex from years ago",dreams,wh,16.6,1,1,1,0,0,7,""
9896,discovered,"how to manifest dream home",dreams,how,16.6,1,1,1,0,0,5,""
9897,discovered,"how to manifest desired face",manifestation,how,16.6,1,1,1,0,0,7,""
9898,discovered,"how to manifest dream partner",dreams,how,16.6,1,1,1,0,0,8,""
9899,discovered,"how to manifest husband",manifestation,how,16.6,1,1,1,0,0,9,""
9900,discovered,"how to manifest millions of dollars",manifestation,how,16.6,1,1,1,0,0,9,""
9901,discovered,"how to manifest periods",manifestation,how,16.6,1,1,1,0,0,5,""
9902,discovered,"is shadow work dangerous",manifestation,yes_no,16.6,1,1,1,0,0,7,""
9903,discovered,"is shadow work demonic",manifestation,yes_no,16.6,1,1,1,0,0,8,""
9904,discovered,"what is the reason for a spiritual awakening",spiritual_awakening,wh,16.6,1,1,1,0,0,9,""
9905,discovered,"what does it mean when you see a blue jay in the morning",signs_synchronicity,wh,16.6,1,1,1,0,0,8,""
9906,discovered,"i am cursed",protection_energy,noun,16.6,1,1,1,0,0,9,""
9907,discovered,"what is the significance of evil eye jewelry",protection_energy,wh,16.6,1,1,1,0,0,5,""
9908,discovered,"what does the evil eye jewelry",protection_energy,wh,16.6,1,1,1,0,0,7,""
9909,discovered,"what does the evil eye jewelry represent",protection_energy,wh,16.6,1,1,1,0,0,9,""
9910,discovered,"what is the meaning of evil eye tagalog",protection_energy,wh,16.6,1,1,1,0,0,8,""
9911,discovered,"how to unblock lower 3 chakras",chakras_energy,how,16.6,1,1,1,0,0,8,""
9912,discovered,"what is the career path for a detective",money_career,wh,16.6,1,1,1,0,0,9,""
9913,discovered,"should i stay or break up",love_relationships,yes_no,16.6,1,1,1,0,0,7,""
9914,discovered,"should i break up with boyfriend",love_relationships,yes_no,16.6,1,1,1,0,0,8,""
9915,discovered,"should i break up with partner",love_relationships,yes_no,16.6,1,1,1,0,0,9,""
9916,discovered,"are we twin flames or soulmates",twin_flame_soulmate,yes_no,16.6,1,1,1,0,0,8,""
9917,discovered,"karmic twin flame or soulmate",twin_flame_soulmate,noun,16.6,1,1,1,0,0,9,""
9918,discovered,"proof astrology",astrology,noun,16.6,1,1,1,0,0,8,""
9919,discovered,"what does 444 mean when trying to conceive",angel_numbers,wh,16.6,1,1,1,0,0,9,""
9920,discovered,"dark night of the soul experience",spiritual_awakening,noun,16.6,1,1,1,0,0,5,""
9921,discovered,"what is a free spirit animal",spiritual_awakening,wh,16.6,1,1,1,0,0,7,""
9922,discovered,"does she love me does she not flower",love_relationships,yes_no,16.6,1,1,1,0,0,9,""
9923,discovered,"am i in love or infatuated",love_relationships,yes_no,16.6,1,1,1,0,0,8,""
9924,discovered,"can tarot actually predict the future",tarot,yes_no,16.6,1,1,1,0,0,5,""
9925,discovered,"can tarot really predict the future",tarot,yes_no,16.6,1,1,1,0,0,6,""
9926,discovered,"can tarot reading predict the future",tarot,yes_no,16.6,1,1,1,0,0,7,""
9927,discovered,"do tarot readers predict the future",tarot,yes_no,16.6,1,1,1,0,0,9,""
9928,discovered,"what zodiac sign is compatible with",astrology,wh,16.6,1,1,1,0,0,5,""
9929,discovered,"what is my ruling planet astrology",astrology,wh,16.6,1,1,1,0,0,7,""
9930,discovered,"what is your dominant planet in astrology",astrology,wh,16.6,1,1,1,0,0,9,""
9931,discovered,"what does it mean to dream about your ex with someone else",dreams,wh,16.6,1,1,1,0,0,6,""
9932,discovered,"what does it mean to dream about someone from your past",dreams,wh,16.6,1,1,1,0,0,8,""
9933,discovered,"what does it mean to dream about someone who is dead",dreams,wh,16.6,1,1,1,0,0,9,""
9934,discovered,"dream about your death",dreams,noun,16.6,1,1,1,0,0,6,""
9935,discovered,"dream about self death",dreams,noun,16.6,1,1,1,0,0,8,""
9936,discovered,"dream about death biblical",dreams,noun,16.6,1,1,1,0,0,9,""
9937,discovered,"how to manifest someone back in your life",manifestation,how,16.6,1,1,1,0,0,8,""
9938,discovered,"how to manifest someone contacting you",manifestation,how,16.6,1,1,1,0,0,9,""
9939,discovered,"law of attraction how to make it work",manifestation,noun,16.6,1,1,1,0,0,7,""
9940,discovered,"what to do on a full moon vs new moon",crystals_rituals,wh,16.6,1,1,1,0,0,7,""
9941,discovered,"how to charge crystals on a full moon",crystals_rituals,how,16.6,1,1,1,0,0,6,""
9942,discovered,"how to charge crystals during full moon",crystals_rituals,how,16.6,1,1,1,0,0,7,""
9943,discovered,"how to charge crystals under a full moon",crystals_rituals,how,16.6,1,1,1,0,0,8,""
9944,discovered,"who will i marry tarot",tarot,wh,16.6,1,1,1,0,0,9,""
9945,discovered,"does he love me too",love_relationships,yes_no,16.6,1,1,1,0,0,8,""
9946,discovered,"will he come back to me if i let him go",love_relationships,yes_no,16.6,1,1,1,0,0,7,""
9947,discovered,"will he come back to me after no contact",love_relationships,yes_no,16.6,1,1,1,0,0,8,""
9948,discovered,"how to open third eye immediately",psychic_abilities,how,16.6,1,1,1,0,0,9,""
9949,discovered,"how to open ones third eye",psychic_abilities,how,16.6,1,1,1,0,0,5,""
9950,discovered,"how to read time in tarot",tarot,how,16.6,1,1,1,0,0,9,""
9951,discovered,"what is my rising sign if i am a gemini",astrology,wh,16.6,1,1,1,0,0,5,""
9952,discovered,"ima gemini what is my rising",astrology,noun,16.6,1,1,1,0,0,6,""
9953,discovered,"what does mercury retrograde mean for virgos",astrology,wh,16.6,1,1,1,0,0,8,""
9954,discovered,"what does mercury retrograde mean for geminis",astrology,wh,16.6,1,1,1,0,0,9,""
9955,discovered,"zodiac in match",astrology,noun,16.6,1,1,1,0,0,8,""
9956,discovered,"which chinese zodiac compatibility is the best",astrology,wh,16.6,1,1,1,0,0,9,""
9957,discovered,"what is 11 11 meaning in love gujarati",love_relationships,wh,16.6,1,1,1,0,0,8,""
9958,discovered,"what is 11 11 meaning in love malayalam",love_relationships,wh,16.6,1,1,1,0,0,5,""
9959,discovered,"what i my life path number",angel_numbers,wh,16.6,1,1,1,0,0,9,""
9960,discovered,"what does it mean when you dream about deer",dreams,wh,16.6,1,1,1,0,0,9,""
9961,discovered,"why do i keep dreaming about being shot",dreams,wh,16.6,1,1,1,0,0,7,""
9962,discovered,"why do i keep dreaming about black widows",dreams,wh,16.6,1,1,1,0,0,8,""
9963,discovered,"why do i keep dreaming about my old house",dreams,wh,16.6,1,1,1,0,0,9,""
9964,discovered,"why do i keep dreaming about my ex 2 years later",dreams,wh,16.6,1,1,1,0,0,8,""
9965,discovered,"why do i keep dreaming about my ex 3 years later",dreams,wh,16.6,1,1,1,0,0,9,""
9966,discovered,"how to manifest destiny",manifestation,how,16.6,1,1,1,0,0,5,""
9967,discovered,"how to manifest during a full moon",manifestation,how,16.6,1,1,1,0,0,9,""
9968,discovered,"how to manifest healing in your body",manifestation,how,16.6,1,1,1,0,0,8,""
9969,discovered,"how to manifest passing",manifestation,how,16.6,1,1,1,0,0,6,""
9970,discovered,"how to manifest positive things in your life",manifestation,how,16.6,1,1,1,0,0,8,""
9971,discovered,"does manifesting something work",manifestation,yes_no,16.6,1,1,1,0,0,9,""
9972,discovered,"what is deep shadow work",manifestation,wh,16.6,1,1,1,0,0,7,""
9973,discovered,"what is dark shadow work",manifestation,wh,16.6,1,1,1,0,0,9,""
9974,discovered,"what is shadow work in the spiritual world",manifestation,wh,16.6,1,1,1,0,0,9,""
9975,discovered,"is a spiritual awakening religious",spiritual_awakening,yes_no,16.6,1,1,1,0,0,5,""
9976,discovered,"what is the spirit animal called in harry potter",spiritual_awakening,wh,16.6,1,1,1,0,0,9,""
9977,discovered,"what does it mean when you see a blue jay spiritually",signs_synchronicity,wh,16.6,1,1,1,0,0,9,""
9978,discovered,"what does the evil eye jewelry do",protection_energy,wh,16.6,1,1,1,0,0,7,""
9979,discovered,"what is the meaning of wearing evil eye jewelry",protection_energy,wh,16.6,1,1,1,0,0,8,""
9980,discovered,"what is the story behind the evil eye jewelry",protection_energy,wh,16.6,1,1,1,0,0,9,""
9981,discovered,"what is the evil eye turkish",protection_energy,wh,16.6,1,1,1,0,0,5,""
9982,discovered,"what is the evil third eye",psychic_abilities,wh,16.6,1,1,1,0,0,7,""
9983,discovered,"what are chakras all about",chakras_energy,wh,16.6,1,1,1,0,0,6,""
9984,discovered,"what are chakras and auras",chakras_energy,wh,16.6,1,1,1,0,0,7,""
9985,discovered,"what are chakras part",chakras_energy,wh,16.6,1,1,1,0,0,8,""
9986,discovered,"what are chakra affirmations",chakras_energy,wh,16.6,1,1,1,0,0,9,""
9987,discovered,"how to unblock your lower chakras",chakras_energy,how,16.6,1,1,1,0,0,6,""
9988,discovered,"how to unblock your love chakra",chakras_energy,how,16.6,1,1,1,0,0,7,""
9989,discovered,"should i break up with them",love_relationships,yes_no,16.6,1,1,1,0,0,9,""
9990,discovered,"which is stronger twin flame or soulmate",twin_flame_soulmate,wh,16.6,1,1,1,0,0,8,""
9991,discovered,"who is my soulmate quiz zodiac",twin_flame_soulmate,wh,16.6,1,1,1,0,0,9,""
9992,discovered,"what is the zodiac sign to september",astrology,wh,16.6,1,1,1,0,0,7,""
9993,discovered,"what is zodiac sign how to find",astrology,wh,16.6,1,1,1,0,0,9,""
9994,discovered,"is chinese zodiac",astrology,yes_no,16.6,1,1,1,0,0,9,""
9995,discovered,"what does 333 and 444 mean together",angel_numbers,wh,16.6,1,1,1,0,0,9,""
9996,discovered,"what does 444 mean according to the bible",angel_numbers,wh,16.6,1,1,1,0,0,8,""
9997,discovered,"how do i know what's my angel number",angel_numbers,how,16.6,1,1,1,0,0,6,""
9998,discovered,"what does it mean when you dream about taking",dreams,wh,16.6,1,1,1,0,0,5,""
9999,discovered,"what does it mean when you dream about missing",dreams,wh,16.6,1,1,1,0,0,6,""
10000,discovered,"what does it mean when you dream about writing",dreams,wh,16.6,1,1,1,0,0,7,""
10001,discovered,"what does it mean when you dream about taking a test in school",dreams,wh,16.6,1,1,1,0,0,8,""
10002,discovered,"what does it mean when you dream about someone to much",dreams,wh,16.6,1,1,1,0,0,5,""
10003,discovered,"what does it mean when you dream to have a baby",dreams,wh,16.6,1,1,1,0,0,7,""
10004,discovered,"what does it mean when you dream about getting married to someone",dreams,wh,16.6,1,1,1,0,0,8,""
10005,discovered,"what does it mean when you dream your about to die",dreams,wh,16.6,1,1,1,0,0,9,""
10006,discovered,"why do i keep dreaming about tornadoes spiritual",dreams,wh,16.6,1,1,1,0,0,6,""
10007,discovered,"why do i keep dreaming about celebrities spiritual",dreams,wh,16.6,1,1,1,0,0,7,""
10008,discovered,"why do i keep dreaming about cats spiritual",dreams,wh,16.6,1,1,1,0,0,8,""
10009,discovered,"why do i keep dreaming about tsunamis spiritual",dreams,wh,16.6,1,1,1,0,0,9,""
10010,discovered,"why do i keep having dreams about cheating",dreams,wh,16.6,1,1,1,0,0,5,""
10011,discovered,"why did i stop dreaming",dreams,wh,16.6,1,1,1,0,0,7,""
10012,discovered,"what do cheating dreams",dreams,wh,16.6,1,1,1,0,0,5,""
10013,discovered,"what does dreaming about someone",dreams,wh,16.6,1,1,1,0,0,7,""
10014,discovered,"what does teeth falling out dream",dreams,wh,16.6,1,1,1,0,0,8,""
10015,discovered,"what does emily's dream mean stardew",dreams,wh,16.6,1,1,1,0,0,9,""
10016,discovered,"can dreams have",dreams,yes_no,16.6,1,1,1,0,0,5,""
10017,discovered,"lucid dreaming meaning in malayalam",dreams,meaning,16.6,1,1,1,0,0,6,""
10018,discovered,"lucid dreaming meaning in marathi",dreams,meaning,16.6,1,1,1,0,0,8,""
10019,discovered,"lucid dreaming meaning psychology",dreams,meaning,16.6,1,1,1,0,0,9,""
10020,discovered,"how to manifest anything",manifestation,how,16.6,1,1,1,0,0,6,""
10021,discovered,"how to manifest to a girl",manifestation,how,16.6,1,1,1,0,0,5,""
10022,discovered,"how to manifest to reality",manifestation,how,16.6,1,1,1,0,0,6,""
10023,discovered,"how to manifest tour",manifestation,how,16.6,1,1,1,0,0,7,""
10024,discovered,"how to manifest the best way",manifestation,how,16.6,1,1,1,0,0,8,""
10025,discovered,"how to manifest something step by step",manifestation,how,16.6,1,1,1,0,0,9,""
10026,discovered,"how to manifest a free car",manifestation,how,16.6,1,1,1,0,0,6,""
10027,discovered,"how to manifest a free house",manifestation,how,16.6,1,1,1,0,0,7,""
10028,discovered,"how to actually attract free book",love_relationships,how,16.6,1,1,1,0,0,8,""
10029,discovered,"how to attract mexican free tailed bats",love_relationships,how,16.6,1,1,1,0,0,9,""
10030,discovered,"how to attract wealth",money_career,how,16.6,1,1,1,0,0,6,""
10031,discovered,"how did you manifest money",manifestation,how,16.6,1,1,1,0,0,8,""
10032,discovered,"what does it mean to manifest someone",manifestation,wh,16.6,1,1,1,0,0,5,""
10033,discovered,"how do i manifest a specific person",manifestation,how,16.6,1,1,1,0,0,6,""
10034,discovered,"how to manifest someone to come back",manifestation,how,16.6,1,1,1,0,0,5,""
10035,discovered,"how to manifest someone to love you",manifestation,how,16.6,1,1,1,0,0,6,""
10036,discovered,"how to manifest someone to text you instantly",manifestation,how,16.6,1,1,1,0,0,7,""
10037,discovered,"how to manifest someone to call you in 5 minutes",manifestation,how,16.6,1,1,1,0,0,8,""
10038,discovered,"how to manifest someone to contact you",manifestation,how,16.6,1,1,1,0,0,9,""
10039,discovered,"369 method success stories",manifestation,noun,16.6,1,1,1,0,0,6,""
10040,discovered,"does 369 method work",manifestation,yes_no,16.6,1,1,1,0,0,7,""
10041,discovered,"how to do 369 method",manifestation,how,16.6,1,1,1,0,0,8,""
10042,discovered,"law of attraction meaning in malayalam",manifestation,meaning,16.6,1,1,1,0,0,7,""
10043,discovered,"law of attraction meaning in kannada",manifestation,meaning,16.6,1,1,1,0,0,8,""
10044,discovered,"law of attraction meaning in punjabi",manifestation,meaning,16.6,1,1,1,0,0,9,""
10045,discovered,"law of attraction reddit book",manifestation,noun,16.6,1,1,1,0,0,5,""
10046,discovered,"law of attraction solutions",manifestation,noun,16.6,1,1,1,0,0,6,""
10047,discovered,"law of attraction money",manifestation,noun,16.6,1,1,1,0,0,7,""
10048,discovered,"law of attraction lottery",manifestation,noun,16.6,1,1,1,0,0,8,""
10049,discovered,"law of attraction works",manifestation,noun,16.6,1,1,1,0,0,9,""
10050,discovered,"what does shadow work consist",manifestation,wh,16.6,1,1,1,0,0,5,""
10051,discovered,"how t o practice shadow work",manifestation,how,16.6,1,1,1,0,0,5,""
10052,discovered,"how to do shadow work according to.jung",manifestation,how,16.6,1,1,1,0,0,5,""
10053,discovered,"how to raise your vibration to manifest",manifestation,how,16.6,1,1,1,0,0,5,""
10054,discovered,"how to raise your vibration to 528hz",manifestation,how,16.6,1,1,1,0,0,6,""
10055,discovered,"how to raise your vibration to attract abundance",manifestation,how,16.6,1,1,1,0,0,7,""
10056,discovered,"how to raise your vibration from low to high",manifestation,how,16.6,1,1,1,0,0,8,""
10057,discovered,"how to meditate to raise your vibration",manifestation,how,16.6,1,1,1,0,0,9,""
10058,discovered,"how to manifest a specific person to come back",manifestation,how,16.6,1,1,1,0,0,5,""
10059,discovered,"how to manifest a specific person to call you",manifestation,how,16.6,1,1,1,0,0,6,""
10060,discovered,"how to manifest a specific person to love you",manifestation,how,16.6,1,1,1,0,0,7,""
10061,discovered,"how to manifest a specific person to be your friend",manifestation,how,16.6,1,1,1,0,0,9,""
10062,discovered,"dark night of the soul meaning spiritual",spiritual_awakening,meaning,16.6,1,1,1,0,0,5,""
10063,discovered,"dark night of the soul meaning screenwriting",spiritual_awakening,meaning,16.6,1,1,1,0,0,7,""
10064,discovered,"dark night of the soul meaning carl jung",spiritual_awakening,meaning,16.6,1,1,1,0,0,8,""
10065,discovered,"dark night of the soul meaning christianity",spiritual_awakening,meaning,16.6,1,1,1,0,0,9,""
10066,discovered,"dark night of the soul psychosis",spiritual_awakening,noun,16.6,1,1,1,0,0,9,""
10067,discovered,"dark night of the soul symptoms anxiety",spiritual_awakening,noun,16.6,1,1,1,0,0,6,""
10068,discovered,"dark night of the soul symptoms christianity",spiritual_awakening,noun,16.6,1,1,1,0,0,7,""
10069,discovered,"dark night of the soul symptoms twin flame separation",twin_flame_soulmate,noun,16.6,1,1,1,0,0,8,""
10070,discovered,"dark night of the soul eckhart tolle course",spiritual_awakening,noun,16.6,1,1,1,0,0,5,""
10071,discovered,"dark night of the soul eckhart tolle book",spiritual_awakening,noun,16.6,1,1,1,0,0,6,""
10072,discovered,"kaivon dark night of the soul tour",spiritual_awakening,noun,16.6,1,1,1,0,0,7,""
10073,discovered,"eckhart tolle dark night of the soul youtube",spiritual_awakening,noun,16.6,1,1,1,0,0,8,""
10074,discovered,"can a spiritual awakening make you sick",spiritual_awakening,yes_no,16.6,1,1,1,0,0,5,""
10075,discovered,"what is the spirit animal for all zodiac",astrology,wh,16.6,1,1,1,0,0,5,""
10076,discovered,"kundalini energy awakening symptoms",chakras_energy,noun,16.6,1,1,1,0,0,5,""
10077,discovered,"kundalini awakening physical symptoms",chakras_energy,noun,16.6,1,1,1,0,0,6,""
10078,discovered,"what does it mean when you see a fox at night spiritual",signs_synchronicity,wh,16.6,1,1,1,0,0,5,""
10079,discovered,"why do i keep seeing spiders spiritual meaning love",spiritual_awakening,wh,16.6,1,1,1,0,0,9,""
10080,discovered,"why do i keep seeing signs of my ex everywhere",love_relationships,wh,16.6,1,1,1,0,0,6,""
10081,discovered,"why do i keep seeing signs of my twin flame",twin_flame_soulmate,wh,16.6,1,1,1,0,0,9,""
10082,discovered,"why do i keep seeing 111. angel number",angel_numbers,wh,16.6,1,1,1,0,0,5,""
10083,discovered,"why do i keep seeing angel numbers what does",angel_numbers,wh,16.6,1,1,1,0,0,6,""
10084,discovered,"red butterfly spiritual",signs_synchronicity,noun,16.6,1,1,1,0,0,7,""
10085,discovered,"what does it signify when you see a cardinal",signs_synchronicity,wh,16.6,1,1,1,0,0,5,""
10086,discovered,"what means when you see a cardinal",signs_synchronicity,wh,16.6,1,1,1,0,0,6,""
10087,discovered,"what does hummingbirds mean spiritually",signs_synchronicity,wh,16.6,1,1,1,0,0,5,""
10088,discovered,"what does seeing a hummingbird symbolize",signs_synchronicity,wh,16.6,1,1,1,0,0,6,""
10089,discovered,"what is the spiritual meaning of seeing deer",spiritual_awakening,wh,16.6,1,1,1,0,0,5,""
10090,discovered,"whats it mean when you see a deer",signs_synchronicity,meaning,16.6,1,1,1,0,0,6,""
10091,discovered,"what does it symbolize when you see a deer",signs_synchronicity,wh,16.6,1,1,1,0,0,7,""
10092,discovered,"how to break a love spell",crystals_rituals,how,16.6,1,1,1,0,0,5,""
10093,discovered,"how to break a binding spell",crystals_rituals,how,16.6,1,1,1,0,0,6,""
10094,discovered,"how to break generational curses",protection_energy,how,16.6,1,1,1,0,0,7,""
10095,discovered,"how to remove curse bg3",protection_energy,how,16.6,1,1,1,0,0,8,""
10096,discovered,"what is the blue evil eye",protection_energy,wh,16.6,1,1,1,0,0,6,""
10097,discovered,"what does the evil eye",protection_energy,wh,16.6,1,1,1,0,0,7,""
10098,discovered,"what is the meaning of evil eye 🧿",protection_energy,wh,16.6,1,1,1,0,0,8,""
10099,discovered,"what is the meaning of evil eye emoji",protection_energy,wh,16.6,1,1,1,0,0,9,""
10100,discovered,"what are hex signs used",protection_energy,wh,16.6,1,1,1,0,0,5,""
10101,discovered,"hex sign color meanings",protection_energy,signs,16.6,1,1,1,0,0,6,""
10102,discovered,"hex sign symbols",protection_energy,signs,16.6,1,1,1,0,0,7,""
10103,discovered,"pa hex signs meanings",protection_energy,signs,16.6,1,1,1,0,0,8,""
10104,discovered,"amish hex signs meanings",protection_energy,signs,16.6,1,1,1,0,0,9,""
10105,discovered,"what is a hex id",protection_energy,wh,16.6,1,1,1,0,0,5,""
10106,discovered,"how much does hex cost",protection_energy,how,16.6,1,1,1,0,0,6,""
10107,discovered,"what crystal is lead",crystals_rituals,wh,16.6,1,1,1,0,0,7,""
10108,discovered,"how to charge crystals for protection",protection_energy,how,16.6,1,1,1,0,0,5,""
10109,discovered,"what crystals do i need for protection",protection_energy,wh,16.6,1,1,1,0,0,8,""
10110,discovered,"ways to cleanse crystals",protection_energy,noun,16.6,1,1,1,0,0,5,""
10111,discovered,"how long to cleanse crystals",protection_energy,how,16.6,1,1,1,0,0,6,""
10112,discovered,"full moon ritual tomorrow",crystals_rituals,noun,16.6,1,1,1,0,0,8,""
10113,discovered,"full moon ritual to sell house",crystals_rituals,noun,16.6,1,1,1,0,0,9,""
10114,discovered,"what does the full moon mean tonight for pisces",astrology,wh,16.6,1,1,1,0,0,5,""
10115,discovered,"what does tonight's full moon mean for aries",astrology,wh,16.6,1,1,1,0,0,7,""
10116,discovered,"how do you use a pendulum to get answers",crystals_rituals,how,16.6,1,1,1,0,0,5,""
10117,discovered,"how to use a pendulum to make decisions",crystals_rituals,how,16.6,1,1,1,0,0,5,""
10118,discovered,"how to use a pendulum to get answers",crystals_rituals,how,16.6,1,1,1,0,0,6,""
10119,discovered,"how to use a pendulum to balance chakras",crystals_rituals,how,16.6,1,1,1,0,0,7,""
10120,discovered,"how to use a pendulum to measure gravity",crystals_rituals,how,16.6,1,1,1,0,0,8,""
10121,discovered,"how to use a pendulum to find things",crystals_rituals,how,16.6,1,1,1,0,0,9,""
10122,discovered,"what is chakra work",chakras_energy,wh,16.6,1,1,1,0,0,5,""
10123,discovered,"how to know what chakras are open",chakras_energy,how,16.6,1,1,1,0,0,5,""
10124,discovered,"how to explain what chakras are",chakras_energy,how,16.6,1,1,1,0,0,6,""
10125,discovered,"how to know what chakras are out of balance",chakras_energy,how,16.6,1,1,1,0,0,7,""
10126,discovered,"how to heal root chakra",chakras_energy,how,16.6,1,1,1,0,0,5,""
10127,discovered,"how to heal throat chakra",chakras_energy,how,16.6,1,1,1,0,0,6,""
10128,discovered,"how to heal heart chakra",chakras_energy,how,16.6,1,1,1,0,0,7,""
10129,discovered,"how to heal solar plexus chakra",chakras_energy,how,16.6,1,1,1,0,0,8,""
10130,discovered,"ways to balance chakras",chakras_energy,noun,16.6,1,1,1,0,0,9,""
10131,discovered,"how to learn chakra healing",chakras_energy,how,16.6,1,1,1,0,0,5,""
10132,discovered,"how to open root chakra",chakras_energy,how,16.6,1,1,1,0,0,8,""
10133,discovered,"how to open throat chakra",chakras_energy,how,16.6,1,1,1,0,0,9,""
10134,discovered,"what is reiki and what does it do",chakras_energy,wh,16.6,1,1,1,0,0,5,""
10135,discovered,"is reiki safe",chakras_energy,yes_no,16.6,1,1,1,0,0,7,""
10136,discovered,"what is reiki technique",chakras_energy,wh,16.6,1,1,1,0,0,5,""
10137,discovered,"energy healing benefits",chakras_energy,noun,16.6,1,1,1,0,0,5,""
10138,discovered,"energy healing",chakras_energy,noun,16.6,1,1,1,0,0,7,""
10139,discovered,"past life regression meaning in malayalam",past_lives_karma,meaning,16.6,1,1,1,0,0,6,""
10140,discovered,"past life regression meaning in gujarati",past_lives_karma,meaning,16.6,1,1,1,0,0,9,""
10141,discovered,"past life regression test near",past_lives_karma,noun,16.6,1,1,1,0,0,6,""
10142,discovered,"past life regression test psychology",past_lives_karma,noun,16.6,1,1,1,0,0,7,""
10143,discovered,"past life regression reddit anxiety",past_lives_karma,noun,16.6,1,1,1,0,0,5,""
10144,discovered,"past lives regression",past_lives_karma,noun,16.6,1,1,1,0,0,6,""
10145,discovered,"past life regression stories",past_lives_karma,noun,16.6,1,1,1,0,0,8,""
10146,discovered,"past life regression toronto",past_lives_karma,noun,16.6,1,1,1,0,0,5,""
10147,discovered,"past life regression cape town",past_lives_karma,noun,16.6,1,1,1,0,0,6,""
10148,discovered,"past life regression questions to ask",past_lives_karma,noun,16.6,1,1,1,0,0,7,""
10149,discovered,"past life regression therapy toronto",past_lives_karma,noun,16.6,1,1,1,0,0,8,""
10150,discovered,"how to past life regression at home",past_lives_karma,how,16.6,1,1,1,0,0,9,""
10151,discovered,"past life regression program",past_lives_karma,noun,16.6,1,1,1,0,0,5,""
10152,discovered,"past life regression script",past_lives_karma,noun,16.6,1,1,1,0,0,7,""
10153,discovered,"past life regression session",past_lives_karma,noun,16.6,1,1,1,0,0,9,""
10154,discovered,"what is karma meaning in malayalam",past_lives_karma,wh,16.6,1,1,1,0,0,5,""
10155,discovered,"what is karma meaning in kannada",past_lives_karma,wh,16.6,1,1,1,0,0,7,""
10156,discovered,"what is reddit karma points",past_lives_karma,wh,16.6,1,1,1,0,0,5,""
10157,discovered,"what is reddit karma and how do you get",past_lives_karma,wh,16.6,1,1,1,0,0,6,""
10158,discovered,"what is reddit karma score",past_lives_karma,wh,16.6,1,1,1,0,0,7,""
10159,discovered,"what is reddit karma rating",past_lives_karma,wh,16.6,1,1,1,0,0,8,""
10160,discovered,"what is reddit karma",past_lives_karma,wh,16.6,1,1,1,0,0,9,""
10161,discovered,"how to reddit karma",past_lives_karma,how,16.6,1,1,1,0,0,5,""
10162,discovered,"how to clear past karma",past_lives_karma,how,16.6,1,1,1,0,0,6,""
10163,discovered,"what does a karmic partner",twin_flame_soulmate,wh,16.6,1,1,1,0,0,5,""
10164,discovered,"who is my spirit guide",psychic_abilities,wh,16.6,1,1,1,0,0,5,""
10165,discovered,"who is my spirit guide quiz with answers",psychic_abilities,wh,16.6,1,1,1,0,0,8,""
10166,discovered,"what is my spirit guide trying to tell",psychic_abilities,wh,16.6,1,1,1,0,0,5,""
10167,discovered,"how do i connect to my spirit guide",psychic_abilities,how,16.6,1,1,1,0,0,6,""
10168,discovered,"what is best job",money_career,wh,16.6,1,1,1,0,0,6,""
10169,discovered,"how to know if a job is right for you",money_career,how,16.6,1,1,1,0,0,7,""
10170,discovered,"what makes you the right candidate for the job applied",money_career,wh,16.6,1,1,1,0,0,8,""
10171,discovered,"how to find job candidates",money_career,how,16.6,1,1,1,0,0,5,""
10172,discovered,"how to know if a job is right",money_career,how,16.6,1,1,1,0,0,6,""
10173,discovered,"what is the career path to become a lawyer",money_career,wh,16.6,1,1,1,0,0,8,""
10174,discovered,"what is the career path to become a therapist",money_career,wh,16.6,1,1,1,0,0,9,""
10175,discovered,"will i be rich or poor quiz buzzfeed",money_career,yes_no,16.6,1,1,1,0,0,5,""
10176,discovered,"what age will i be rich",money_career,wh,16.6,1,1,1,0,0,8,""
10177,discovered,"will i marry rich",money_career,yes_no,16.6,1,1,1,0,0,9,""
10178,discovered,"i will quit the job meaning in kannada",money_career,meaning,16.6,1,1,1,0,0,6,""
10179,discovered,"i will resign my job meaning in malayalam",money_career,meaning,16.6,1,1,1,0,0,9,""
10180,discovered,"should i just quit my job",money_career,yes_no,16.6,1,1,1,0,0,6,""
10181,discovered,"should i quit my second job",money_career,yes_no,16.6,1,1,1,0,0,7,""
10182,discovered,"should i quit my corporate job",money_career,yes_no,16.6,1,1,1,0,0,8,""
10183,discovered,"should i quit my toxic job",money_career,yes_no,16.6,1,1,1,0,0,9,""
10184,discovered,"i will be successful meaning in kannada",money_career,meaning,16.6,1,1,1,0,0,6,""
10185,discovered,"i will be success meaning in punjabi",money_career,meaning,16.6,1,1,1,0,0,8,""
10186,discovered,"at what age will i be successful",money_career,noun,16.6,1,1,1,0,0,5,""
10187,discovered,"will my book be successful",money_career,yes_no,16.6,1,1,1,0,0,6,""
10188,discovered,"will katseye be successful",money_career,yes_no,16.6,1,1,1,0,0,5,""
10189,discovered,"will riftbound be successful",money_career,yes_no,16.6,1,1,1,0,0,6,""
10190,discovered,"will monad be successful",money_career,yes_no,16.6,1,1,1,0,0,7,""
10191,discovered,"how to find your purpose biblically",money_career,how,16.6,1,1,1,0,0,5,""
10192,discovered,"how to find your passion and purpose",money_career,how,16.6,1,1,1,0,0,7,""
10193,discovered,"how to know my signs zodiac",astrology,how,16.6,1,1,1,0,0,7,""
10194,discovered,"how to find my ancestors",grief_afterlife,how,16.6,1,1,1,0,0,9,""
10195,discovered,"what is my destiny class",money_career,wh,16.6,1,1,1,0,0,5,""
10196,discovered,"what is my dream destination",dreams,wh,16.6,1,1,1,0,0,8,""
10197,discovered,"ever after high what is my destiny",money_career,noun,16.6,1,1,1,0,0,9,""
10198,discovered,"who will marry me meaning in kannada",love_relationships,wh,16.6,1,1,1,0,0,7,""
10199,discovered,"who will i marry quiz for guys",love_relationships,wh,16.6,1,1,1,0,0,5,""
10200,discovered,"who would i marry",love_relationships,wh,16.6,1,1,1,0,0,7,""
10201,discovered,"who will i marry test astrology",astrology,wh,16.6,1,1,1,0,0,9,""
10202,discovered,"who will i be married to in heaven",grief_afterlife,wh,16.6,1,1,1,0,0,6,""
10203,discovered,"who will luffy marry",love_relationships,wh,16.6,1,1,1,0,0,9,""
10204,discovered,"who will i marry tarot free reading by date of birth",tarot,wh,16.6,1,1,1,0,0,8,""
10205,discovered,"how long will my relationship last",love_relationships,how,16.6,1,1,1,0,0,6,""
10206,discovered,"will my long distance relationship last",love_relationships,yes_no,16.6,1,1,1,0,0,7,""
10207,discovered,"will my high school relationship last",love_relationships,yes_no,16.6,1,1,1,0,0,8,""
10208,discovered,"will my middle school relationship last",love_relationships,yes_no,16.6,1,1,1,0,0,9,""
10209,discovered,"what is sole purpose",money_career,wh,16.6,1,1,1,0,0,7,""
10210,discovered,"twin flame stages timeline",twin_flame_soulmate,noun,16.6,1,1,1,0,0,5,""
10211,discovered,"twin flame stages chart",twin_flame_soulmate,noun,16.6,1,1,1,0,0,6,""
10212,discovered,"twin flame stages in detail",twin_flame_soulmate,noun,16.6,1,1,1,0,0,7,""
10213,discovered,"twin flame stages in hindi",twin_flame_soulmate,noun,16.6,1,1,1,0,0,8,""
10214,discovered,"twin flame stages after separation",twin_flame_soulmate,noun,16.6,1,1,1,0,0,9,""
10215,discovered,"how to know your soulmate is near",twin_flame_soulmate,how,16.6,1,1,1,0,0,5,""
10216,discovered,"how to know your soulmate is thinking about you",twin_flame_soulmate,how,16.6,1,1,1,0,0,6,""
10217,discovered,"how to know your soulmate is coming",twin_flame_soulmate,how,16.6,1,1,1,0,0,7,""
10218,discovered,"how to know your soulmate islam",twin_flame_soulmate,how,16.6,1,1,1,0,0,8,""
10219,discovered,"how to know who is your soulmate astrology",twin_flame_soulmate,how,16.6,1,1,1,0,0,9,""
10220,discovered,"why can't i stop thinking about him after he ghosted",grief_afterlife,wh,16.6,1,1,1,0,0,5,""
10221,discovered,"limerence in a sentence",love_relationships,noun,16.6,1,1,1,0,0,5,""
10222,discovered,"limerence vs crush",love_relationships,noun,16.6,1,1,1,0,0,6,""
10223,discovered,"limerence book",love_relationships,noun,16.6,1,1,1,0,0,7,""
10224,discovered,"limerence reddit",love_relationships,noun,16.6,1,1,1,0,1,8,""
10225,discovered,"limerence synonym",love_relationships,noun,16.6,1,1,1,0,0,9,""
10226,discovered,"dream about someone dying in front of you",dreams,noun,16.6,1,1,1,0,0,5,""
10227,discovered,"dream about someone dying in a car accident",dreams,noun,16.6,1,1,1,0,0,6,""
10228,discovered,"dream about someone dying who is alive",dreams,noun,16.6,1,1,1,0,0,7,""
10229,discovered,"dream about someone dying in accident",dreams,noun,16.6,1,1,1,0,0,8,""
10230,discovered,"dream about water leaking from ceiling",dreams,noun,16.6,1,1,1,0,0,5,""
10231,discovered,"dream about water dripping from ceiling",dreams,noun,16.6,1,1,1,0,0,6,""
10232,discovered,"dream about waterfall",dreams,noun,16.6,1,1,1,0,0,8,""
10233,discovered,"dream about water leaking",dreams,noun,16.6,1,1,1,0,0,9,""
10234,discovered,"dream about teeth falling out islam",dreams,noun,16.6,1,1,1,0,0,5,""
10235,discovered,"dream about teeth falling out and growing back",dreams,noun,16.6,1,1,1,0,0,6,""
10236,discovered,"dream about teeth falling out death",dreams,noun,16.6,1,1,1,0,0,8,""
10237,discovered,"dream about snakes chasing",dreams,noun,16.6,1,1,1,0,0,5,""
10238,discovered,"dream about snakes biblical",dreams,noun,16.6,1,1,1,0,0,9,""
10239,discovered,"how do you know if you are spiritually enlightened",spiritual_awakening,how,16.6,1,1,1,0,0,5,""
10240,discovered,"how to know if you re having a spiritual awakening",spiritual_awakening,how,16.6,1,1,1,0,0,6,""
10241,discovered,"spiritual bypassing in relationships",love_relationships,noun,16.6,1,1,1,0,0,6,""
10242,discovered,"i am a sirian starseed",spiritual_awakening,noun,16.6,1,1,1,0,0,6,""
10243,discovered,"i am a pleiadian starseed",spiritual_awakening,noun,16.6,1,1,1,0,0,7,""
10244,discovered,"signs i am a starseed",spiritual_awakening,signs,16.6,1,1,1,0,0,8,""
10245,discovered,"i think i am a starseed",spiritual_awakening,noun,16.6,1,1,1,0,0,9,""
10246,discovered,"chakra testing machine",chakras_energy,noun,16.6,1,1,1,0,0,8,""
10247,discovered,"how to repair your chakras",chakras_energy,how,16.6,1,1,1,0,0,5,""
10248,discovered,"how to heal your chakra energies",chakras_energy,how,16.6,1,1,1,0,0,6,""
10249,discovered,"how to heal your 7 chakras",chakras_energy,how,16.6,1,1,1,0,0,7,""
10250,discovered,"how to heal all your chakras",chakras_energy,how,16.6,1,1,1,0,0,8,""
10251,discovered,"how to heal your lower chakras",chakras_energy,how,16.6,1,1,1,0,0,9,""
10252,discovered,"what is aura cleansing spray",protection_energy,wh,16.6,1,1,1,0,0,5,""
10253,discovered,"what is aura cleansing salt used",protection_energy,wh,16.6,1,1,1,0,0,6,""
10254,discovered,"what is aura cleansing at home",protection_energy,wh,16.6,1,1,1,0,0,7,""
10255,discovered,"what is cleansing aura d2r",protection_energy,wh,16.6,1,1,1,0,0,8,""
10256,discovered,"what is cleansing aura d2",protection_energy,wh,16.6,1,1,1,0,0,9,""
10257,discovered,"why is manifesting my sp not working",manifestation,wh,16.6,1,1,1,0,0,5,""
10258,discovered,"why manifestation does not work",manifestation,wh,16.6,1,1,1,0,0,6,""
10259,discovered,"why manifestation doesn't work",manifestation,wh,16.6,1,1,1,0,0,9,""
10260,discovered,"signs your manifestation is coming spiritual",manifestation,signs,16.6,1,1,1,0,0,5,""
10261,discovered,"what does 111 mean in numerology",angel_numbers,wh,16.6,1,1,1,0,0,5,""
10262,discovered,"what does 111 mean in angel numbers love",angel_numbers,wh,16.6,1,1,1,0,0,7,""
10263,discovered,"what does 000 mean in numerology",angel_numbers,wh,16.6,1,1,1,0,0,6,""
10264,discovered,"what does 444 mean in love separation",angel_numbers,wh,16.6,1,1,1,0,0,5,""
10265,discovered,"what does 444 mean in love life",angel_numbers,wh,16.6,1,1,1,0,0,6,""
10266,discovered,"what does 444 mean in love after a breakup",angel_numbers,wh,16.6,1,1,1,0,0,7,""
10267,discovered,"what does 444 mean in love breakup",angel_numbers,wh,16.6,1,1,1,0,0,8,""
10268,discovered,"what does 444 mean in love language",angel_numbers,wh,16.6,1,1,1,0,0,9,""
10269,discovered,"what does the moon sign represent",astrology,wh,16.6,1,1,1,0,0,7,""
10270,discovered,"what does your rising sign mean about you",astrology,wh,16.6,1,1,1,0,0,5,""
10271,discovered,"what does the rising sign mean in zodiac",astrology,wh,16.6,1,1,1,0,0,6,""
10272,discovered,"what does your rising sign mean cancer",astrology,wh,16.6,1,1,1,0,0,7,""
10273,discovered,"what does my rising sign represent",astrology,wh,16.6,1,1,1,0,0,8,""
10274,discovered,"what does the ascendant",astrology,wh,16.6,1,1,1,0,0,9,""
10275,discovered,"what is retrograde planet in hindi",astrology,wh,16.6,1,1,1,0,0,5,""
10276,discovered,"what is retrograde planet in birth chart",astrology,wh,16.6,1,1,1,0,0,6,""
10277,discovered,"what is retrograde planet",astrology,wh,16.6,1,1,1,0,0,7,""
10278,discovered,"what is a retrograde saturn",astrology,wh,16.6,1,1,1,0,0,8,""
10279,discovered,"what is my retrograde planet",astrology,wh,16.6,1,1,1,0,0,9,""
10280,discovered,"how to remove a curse minecraft",protection_energy,how,16.6,1,1,1,0,0,5,""
10281,discovered,"how to remove a curse from your family",protection_energy,how,16.6,1,1,1,0,0,6,""
10282,discovered,"how to remove a curse from an object",protection_energy,how,16.6,1,1,1,0,0,7,""
10283,discovered,"how to remove a curse in sims 4",protection_energy,how,16.6,1,1,1,0,0,8,""
10284,discovered,"how to remove a curse in dnd",protection_energy,how,16.6,1,1,1,0,0,9,""
10285,discovered,"crystals good for manifesting money",manifestation,noun,16.6,1,1,1,0,0,5,""
10286,discovered,"crystals for manifesting wealth",manifestation,noun,16.6,1,1,1,0,0,6,""
10287,discovered,"crystal grid for manifesting money",manifestation,noun,16.6,1,1,1,0,0,7,""
10288,discovered,"best stones for manifesting money",manifestation,noun,16.6,1,1,1,0,0,8,""
10289,discovered,"full moon water manifestation ritual",manifestation,noun,16.6,1,1,1,0,0,5,""
10290,discovered,"full moon love manifestation ritual",manifestation,noun,16.6,1,1,1,0,0,6,""
10291,discovered,"pink full moon manifestation ritual",manifestation,noun,16.6,1,1,1,0,0,7,""
10292,discovered,"new moon manifestation ceremony",manifestation,noun,16.6,1,1,1,0,0,8,""
10293,discovered,"capricorn new moon manifestation ritual",manifestation,noun,16.6,1,1,1,0,0,9,""
10294,discovered,"what to do on the full moon in scorpio",astrology,wh,16.6,1,1,1,0,0,5,""
10295,discovered,"what not to do on the new moon",crystals_rituals,wh,16.6,1,1,1,0,0,6,""
10296,discovered,"what to do on new moon spiritual",crystals_rituals,wh,16.6,1,1,1,0,0,7,""
10297,discovered,"what to do on new moon day",crystals_rituals,wh,16.6,1,1,1,0,0,8,""
10298,discovered,"what does the high priestess mean in tarot cards phasmophobia",tarot,wh,16.6,1,1,1,0,0,5,""
10299,discovered,"what does the high priestess mean reversed",tarot,wh,16.6,1,1,1,0,0,6,""
10300,discovered,"what does the high priestess mean in phasmophobia",tarot,wh,16.6,1,1,1,0,0,7,""
10301,discovered,"what does the high priestess mean upside down",tarot,wh,16.6,1,1,1,0,0,8,""
10302,discovered,"what does the high priestess mean in a tarot card reading",tarot,wh,16.6,1,1,1,0,0,9,""
10303,discovered,"what does the magician card mean upside down",tarot,wh,16.6,1,1,1,0,0,5,""
10304,discovered,"what does the magician tarot",tarot,wh,16.6,1,1,1,0,0,6,""
10305,discovered,"what does the magician card represent",tarot,wh,16.6,1,1,1,0,0,7,""
10306,discovered,"what does the magician tarot card mean upside down",tarot,wh,16.6,1,1,1,0,0,8,""
10307,discovered,"what does the magician tarot card meaning in love",tarot,wh,16.6,1,1,1,0,0,9,""
10308,discovered,"what does the wheel of fortune mean in tarot cards phasmophobia",tarot,wh,16.6,1,1,1,0,0,6,""
10309,discovered,"what does the wheel of.fortune mean in a relationship",love_relationships,wh,16.6,1,1,1,0,0,8,""
10310,discovered,"why do we see deceased loved ones",grief_afterlife,wh,16.6,1,1,1,0,0,5,""
10311,discovered,"can my loved ones see me from heaven",grief_afterlife,yes_no,16.6,1,1,1,0,0,6,""
10312,discovered,"what really happens in the afterlife",grief_afterlife,wh,16.6,1,1,1,0,0,5,""
10313,discovered,"i will be financially independent",money_career,noun,16.6,1,1,1,0,0,5,""
10314,discovered,"you will be financially stable",money_career,noun,16.6,1,1,1,0,0,6,""
10315,discovered,"will i ever be financially secure",money_career,yes_no,16.6,1,1,1,0,0,7,""
10316,discovered,"will i ever be financially independent",money_career,yes_no,16.6,1,1,1,0,0,8,""
10317,discovered,"should i start a business for tax purposes",money_career,yes_no,16.6,1,1,1,0,0,5,""
10318,discovered,"should i start a business with a friend",money_career,yes_no,16.6,1,1,1,0,0,6,""
10319,discovered,"should i start a business with my girlfriend",money_career,yes_no,16.6,1,1,1,0,0,7,""
10320,discovered,"what does it mean when you see a rabbit in your dream",dreams,wh,16.6,1,1,1,0,0,6,""
10321,discovered,"what does it mean when you see a turtle in your dream",dreams,wh,16.6,1,1,1,0,0,5,""
10322,discovered,"spiritual meaning of seeing a cardinal in your yard",spiritual_awakening,meaning,16.6,1,1,1,0,0,5,""
10323,discovered,"spiritual meaning of seeing a cardinal everyday",spiritual_awakening,meaning,16.6,1,1,1,0,0,6,""
10324,discovered,"biblical meaning of seeing a cardinal",signs_synchronicity,meaning,16.6,1,1,1,0,0,8,""
10325,discovered,"symbolic meaning of seeing a cardinal",signs_synchronicity,meaning,16.6,1,1,1,0,0,9,""
10326,discovered,"can twin flame separation be short",twin_flame_soulmate,yes_no,16.6,1,1,1,0,0,5,""
10327,discovered,"can twin flame separation be permanent",twin_flame_soulmate,yes_no,16.6,1,1,1,0,0,6,""
10328,discovered,"twin flame final separation before union",twin_flame_soulmate,noun,16.6,1,1,1,0,0,7,""
10329,discovered,"can twin flame be separated",twin_flame_soulmate,yes_no,16.6,1,1,1,0,0,8,""
10330,discovered,"can twin flames be separated forever",twin_flame_soulmate,yes_no,16.6,1,1,1,0,0,9,""
10331,discovered,"goosebumps twin flame separation",twin_flame_soulmate,noun,16.6,1,1,1,0,0,5,""
10332,discovered,"gemini twin flame separation",twin_flame_soulmate,noun,16.6,1,1,1,0,0,6,""
10333,discovered,"getting over twin flame separation",twin_flame_soulmate,noun,16.6,1,1,1,0,0,7,""
10334,discovered,"gut feeling twin flame separation",twin_flame_soulmate,noun,16.6,1,1,1,0,0,8,""
10335,discovered,"grey feather meaning twin flame separation",twin_flame_soulmate,meaning,16.6,1,1,1,0,0,9,""
10336,discovered,"keep seeing 1111 twin flame separation",twin_flame_soulmate,noun,16.6,1,1,1,0,0,5,""
10337,discovered,"kingfisher spiritual meaning twin flame separation",twin_flame_soulmate,meaning,16.6,1,1,1,0,0,6,""
10338,discovered,"knight of cups twin flame separation",twin_flame_soulmate,noun,16.6,1,1,1,0,0,7,""
10339,discovered,"why do twin flames separate",twin_flame_soulmate,wh,16.6,1,1,1,0,0,9,""
10340,discovered,"twin flame stages of separation",twin_flame_soulmate,noun,16.6,1,1,1,0,0,5,""
10341,discovered,"signs twin flame separation is over",twin_flame_soulmate,signs,16.6,1,1,1,0,0,6,""
10342,discovered,"purpose of twin flame separation",twin_flame_soulmate,noun,16.6,1,1,1,0,0,7,""
10343,discovered,"signs of twin flame separation",twin_flame_soulmate,signs,16.6,1,1,1,0,0,8,""
10344,discovered,"signs twin flame separation is almost over",twin_flame_soulmate,signs,16.6,1,1,1,0,0,9,""
10345,discovered,"twin flame separation what to do",twin_flame_soulmate,noun,16.6,1,1,1,0,0,5,""
10346,discovered,"the twin flame separation",twin_flame_soulmate,noun,16.6,1,1,1,0,0,6,""
10347,discovered,"twin flame telepathy during separation",twin_flame_soulmate,noun,16.6,1,1,1,0,0,7,""
10348,discovered,"signs that twin flame separation is ending",twin_flame_soulmate,signs,16.6,1,1,1,0,0,8,""
10349,discovered,"twin flame telepathy signs during separation",twin_flame_soulmate,signs,16.6,1,1,1,0,0,9,""
10350,discovered,"twin flame separation 2 years",twin_flame_soulmate,noun,16.6,1,1,1,0,0,5,""
10351,discovered,"twin flame separation 4 years",twin_flame_soulmate,noun,16.6,1,1,1,0,0,6,""
10352,discovered,"twin flame separation 3 years",twin_flame_soulmate,noun,16.6,1,1,1,0,0,7,""
10353,discovered,"twin flame separation 30 years",twin_flame_soulmate,noun,16.6,1,1,1,0,0,8,""
10354,discovered,"twin flame separation 6 years",twin_flame_soulmate,noun,16.6,1,1,1,0,0,9,""
10355,discovered,"how to get over someone that ghosted you",grief_afterlife,how,16.6,1,1,1,0,0,5,""
10356,discovered,"how to get over someone you still love",love_relationships,how,16.6,1,1,1,0,0,5,""
10357,discovered,"how to get over someone cheating on you",love_relationships,how,16.6,1,1,1,0,0,9,""
10358,discovered,"spiritual meaning of dreams about cheating on your partner",dreams,meaning,16.6,1,1,1,0,0,8,""
10359,discovered,"spiritual meaning of earthquake dream",dreams,meaning,16.6,1,1,1,0,0,5,""
10360,discovered,"spiritual meaning of elephant dream",dreams,meaning,16.6,1,1,1,0,0,6,""
10361,discovered,"biblical meaning of dream eating feces",dreams,meaning,16.6,1,1,1,0,0,7,""
10362,discovered,"biblical meaning of dream eating meat",dreams,meaning,16.6,1,1,1,0,0,8,""
10363,discovered,"spiritual meaning of dreams about ex",dreams,meaning,16.6,1,1,1,0,0,9,""
10364,discovered,"spiritual meaning of falling dreams",dreams,meaning,16.6,1,1,1,0,0,5,""
10365,discovered,"spiritual meaning of food dreams",dreams,meaning,16.6,1,1,1,0,0,6,""
10366,discovered,"spiritual meaning of frog dream",dreams,meaning,16.6,1,1,1,0,0,7,""
10367,discovered,"spiritual meaning of flood dream",dreams,meaning,16.6,1,1,1,0,0,8,""
10368,discovered,"spiritual meaning of fire dream",dreams,meaning,16.6,1,1,1,0,0,9,""
10369,discovered,"spiritual meaning of dream giving birth to baby boy",dreams,meaning,16.6,1,1,1,0,0,5,""
10370,discovered,"spiritual meaning of graduation dream",dreams,meaning,16.6,1,1,1,0,0,6,""
10371,discovered,"biblical meaning of dream giving birth",dreams,meaning,16.6,1,1,1,0,0,7,""
10372,discovered,"spiritual meaning of dream seeing green plants",dreams,meaning,16.6,1,1,1,0,0,8,""
10373,discovered,"spiritual meaning of dream seeing green plants evangelist joshua",dreams,meaning,16.6,1,1,1,0,0,9,""
10374,discovered,"spiritual meaning of rats in dreams",dreams,meaning,16.6,1,1,1,0,0,6,""
10375,discovered,"spiritual meaning of crocodile in dreams",dreams,meaning,16.6,1,1,1,0,0,7,""
10376,discovered,"spiritual meaning of cats in dreams",dreams,meaning,16.6,1,1,1,0,0,8,""
10377,discovered,"spiritual meaning of snakes in dreams",dreams,meaning,16.6,1,1,1,0,0,9,""
10378,discovered,"spiritual meaning of precognitive dreams",dreams,meaning,16.6,1,1,1,0,0,6,""
10379,discovered,"spiritual meaning of panther dream",dreams,meaning,16.6,1,1,1,0,0,8,""
10380,discovered,"spiritual meaning of dreams about turtles",dreams,meaning,16.6,1,1,1,0,0,5,""
10381,discovered,"spiritual meaning of dreams about the ocean",dreams,meaning,16.6,1,1,1,0,0,6,""
10382,discovered,"biblical meaning of this dream",dreams,meaning,16.6,1,1,1,0,0,8,""
10383,discovered,"biblical meaning of tsunami dream",dreams,meaning,16.6,1,1,1,0,0,9,""
10384,discovered,"spiritual meaning behind waking up at 1-3am",spiritual_awakening,meaning,16.6,1,1,1,0,0,5,""
10385,discovered,"7 spiritual meaning of waking up at 3am in hindi",spiritual_awakening,meaning,16.6,1,1,1,0,0,6,""
10386,discovered,"test couleur chakra",chakras_energy,noun,16.6,1,1,1,0,0,5,""
10387,discovered,"test che chakra sei",chakras_energy,noun,16.6,1,1,1,0,0,6,""
10388,discovered,"chakra evaluation",chakras_energy,noun,16.6,1,1,1,0,0,5,""
10389,discovered,"naruto chakra element",chakras_energy,noun,16.6,1,1,1,0,0,8,""
10390,discovered,"test chakra ellis de bona",chakras_energy,noun,16.6,1,1,1,0,0,9,""
10391,discovered,"highermind chakra",chakras_energy,noun,16.6,1,1,1,0,0,5,""
10392,discovered,"what is chakra testing",chakras_energy,wh,16.6,1,1,1,0,0,6,""
10393,discovered,"karmaweather chakra",chakras_energy,noun,16.6,1,1,1,0,0,5,""
10394,discovered,"kostenloser chakra",chakras_energy,noun,16.6,1,1,1,0,0,6,""
10395,discovered,"test kinesiologico chakra",chakras_energy,noun,16.6,1,1,1,0,0,7,""
10396,discovered,"my chakra",chakras_energy,noun,16.6,1,1,1,0,0,5,""
10397,discovered,"free chakra test near",chakras_energy,noun,16.6,1,1,1,0,0,6,""
10398,discovered,"chakra nature test paper",chakras_energy,noun,16.6,1,1,1,0,0,6,""
10399,discovered,"ghatna chakra pcs test series",chakras_energy,noun,16.6,1,1,1,0,0,7,""
10400,discovered,"ghatna chakra prelims test series",chakras_energy,noun,16.6,1,1,1,0,0,8,""
10401,discovered,"palm chakra",chakras_energy,noun,16.6,1,1,1,0,0,9,""
10402,discovered,"test chakra racine",chakras_energy,noun,16.6,1,1,1,0,0,6,""
10403,discovered,"ghatna chakra test series offline",chakras_energy,noun,16.6,1,1,1,0,0,7,""
10404,discovered,"ghatna chakra test series book",chakras_energy,noun,16.6,1,1,1,0,0,9,""
10405,discovered,"the chakra",chakras_energy,noun,16.6,1,1,1,0,0,5,""
10406,discovered,"take chakra",chakras_energy,noun,16.6,1,1,1,0,0,6,""
10407,discovered,"how to manifest love and abundance",manifestation,how,16.6,1,1,1,0,0,5,""
10408,discovered,"how to manifest love and happiness",manifestation,how,16.6,1,1,1,0,0,6,""
10409,discovered,"how to manifest love and wealth",manifestation,how,16.6,1,1,1,0,0,7,""
10410,discovered,"how to manifest love and relationship",manifestation,how,16.6,1,1,1,0,0,8,""
10411,discovered,"how to manifest a love interest",manifestation,how,16.6,1,1,1,0,0,9,""
10412,discovered,"how to manifest love for someone else",manifestation,how,16.6,1,1,1,0,0,8,""
10413,discovered,"how to manifest love in life",manifestation,how,16.6,1,1,1,0,0,9,""
10414,discovered,"how to manifest romantic love into your life",manifestation,how,16.6,1,1,1,0,0,5,""
10415,discovered,"how to attract love",love_relationships,how,16.6,1,1,1,0,0,7,""
10416,discovered,"how to attract love ritual",crystals_rituals,how,16.6,1,1,1,0,0,8,""
10417,discovered,"how to attract love relationship",love_relationships,how,16.6,1,1,1,0,0,9,""
10418,discovered,"how to manifest state love and wealth",manifestation,how,16.6,1,1,1,0,0,5,""
10419,discovered,"how to attract love spiritually",love_relationships,how,16.6,1,1,1,0,0,6,""
10420,discovered,"how to attract love spell",crystals_rituals,how,16.6,1,1,1,0,0,7,""
10421,discovered,"how to manifest someone loving you",manifestation,how,16.6,1,1,1,0,0,8,""
10422,discovered,"how to attract love spiritually in a relationship",love_relationships,how,16.6,1,1,1,0,0,9,""
10423,discovered,"how to manifest true love in your life",manifestation,how,16.6,1,1,1,0,0,5,""
10424,discovered,"how to manifest the love of god",manifestation,how,16.6,1,1,1,0,0,6,""
10425,discovered,"how to manifest the love of your life back",manifestation,how,16.6,1,1,1,0,0,7,""
10426,discovered,"how to attract love using feng shui",love_relationships,how,16.6,1,1,1,0,0,5,""
10427,discovered,"how to attract unconditional love",love_relationships,how,16.6,1,1,1,0,0,6,""
10428,discovered,"how to manifest someone to love u",manifestation,how,16.6,1,1,1,0,0,7,""
10429,discovered,"how to attract your love using telepathy",love_relationships,how,16.6,1,1,1,0,0,8,""
10430,discovered,"how to manifest love with bay leaf",manifestation,how,16.6,1,1,1,0,0,5,""
10431,discovered,"how to manifest love while sleeping",manifestation,how,16.6,1,1,1,0,0,6,""
10432,discovered,"how to manifest love with someone",manifestation,how,16.6,1,1,1,0,0,7,""
10433,discovered,"how to manifest love with a candle",manifestation,how,16.6,1,1,1,0,0,8,""
10434,discovered,"how to manifest love with period blood",manifestation,how,16.6,1,1,1,0,0,9,""
10435,discovered,"how to manifest your love partner",manifestation,how,16.6,1,1,1,0,0,5,""
10436,discovered,"how to manifest your love interest",manifestation,how,16.6,1,1,1,0,0,6,""
10437,discovered,"how to manifest love after years of trying",manifestation,how,16.6,1,1,1,0,0,9,""
10438,discovered,"what does iii mean in job title",money_career,wh,16.6,1,1,1,0,0,5,""
10439,discovered,"what does 111 mean on the twin flame journey",twin_flame_soulmate,wh,16.6,1,1,1,0,0,8,""
10440,discovered,"what does 111 mean twin flame separation",twin_flame_soulmate,wh,16.6,1,1,1,0,0,8,""
10441,discovered,"how to know if you are light or medium skin tone",grief_afterlife,how,16.6,1,1,1,0,0,5,""
10442,discovered,"888 twin flame separation",twin_flame_soulmate,noun,16.6,1,1,1,0,0,5,""
10443,discovered,"111 twin flame separation",twin_flame_soulmate,noun,16.6,1,1,1,0,0,6,""
10444,discovered,"555 twin flame separation",twin_flame_soulmate,noun,16.6,1,1,1,0,0,7,""
10445,discovered,"999 twin flame separation",twin_flame_soulmate,noun,16.6,1,1,1,0,0,8,""
10446,discovered,"1010 twin flame separation",twin_flame_soulmate,noun,16.6,1,1,1,0,0,9,""
10447,discovered,"how to know if you met your soulmate",twin_flame_soulmate,how,16.6,1,1,1,0,0,6,""
10448,discovered,"how to know if your soulmates",twin_flame_soulmate,how,16.6,1,1,1,0,0,7,""
10449,discovered,"how to get someone out of your dreams spiritually",dreams,how,16.6,1,1,1,0,0,6,""
10450,discovered,"how to.get your boyfriend to fall back in love with you",love_relationships,how,16.6,1,1,1,0,0,5,""
10451,discovered,"how to make your man fall back in love with you",love_relationships,how,16.6,1,1,1,0,0,6,""
10452,discovered,"how to stop obsessing over unrequited love",love_relationships,how,16.6,1,1,1,0,0,5,""
10453,discovered,"limerence love trap chinese drama",love_relationships,noun,16.6,1,1,1,0,0,5,""
10454,discovered,"limerence love trap dailymotion",love_relationships,noun,16.6,1,1,1,0,0,6,""
10455,discovered,"limerence love addiction",love_relationships,noun,16.6,1,1,1,0,0,7,""
10456,discovered,"limerence love bombing",love_relationships,noun,16.6,1,1,1,0,0,8,""
10457,discovered,"limerence love at first sight",love_relationships,noun,16.6,1,1,1,0,0,9,""
10458,discovered,"i still love you",love_relationships,noun,16.6,1,1,1,0,0,7,""
10459,discovered,"spiritual meaning of flying in a dream",dreams,meaning,16.6,1,1,1,0,0,5,""
10460,discovered,"spiritual meaning of singing in a dream",dreams,meaning,16.6,1,1,1,0,0,6,""
10461,discovered,"spiritual meaning of laughing in a dream",dreams,meaning,16.6,1,1,1,0,0,7,""
10462,discovered,"spiritual meaning of sleeping in a dream",dreams,meaning,16.6,1,1,1,0,0,8,""
10463,discovered,"spiritual meaning of death in a dream",dreams,meaning,16.6,1,1,1,0,0,9,""
10464,discovered,"what does it mean when you dream about water all the time",dreams,wh,16.6,1,1,1,0,0,5,""
10465,discovered,"what is the spiritual meaning of dreaming about water",dreams,wh,16.6,1,1,1,0,0,6,""
10466,discovered,"dream about teeth falling out meaning death",dreams,meaning,16.6,1,1,1,0,0,6,""
10467,discovered,"teeth falling out dream",dreams,noun,16.6,1,1,1,0,0,7,""
10468,discovered,"dream about teeth coming out",dreams,noun,16.6,1,1,1,0,0,8,""
10469,discovered,"dream about tooth coming out",dreams,noun,16.6,1,1,1,0,0,9,""
10470,discovered,"dream about bottom teeth falling out spiritual",dreams,noun,16.6,1,1,1,0,0,5,""
10471,discovered,"dream about rotten teeth falling out spiritual",dreams,noun,16.6,1,1,1,0,0,6,""
10472,discovered,"dream about 2 teeth falling out spiritual",dreams,noun,16.6,1,1,1,0,0,7,""
10473,discovered,"dream about back teeth falling out spiritual",dreams,noun,16.6,1,1,1,0,0,8,""
10474,discovered,"dream about 3 teeth falling out spiritual",dreams,noun,16.6,1,1,1,0,0,9,""
10475,discovered,"dream about 2 snakes spiritual",dreams,noun,16.6,1,1,1,0,0,7,""
10476,discovered,"dream about many snakes spiritual",dreams,noun,16.6,1,1,1,0,0,9,""
10477,discovered,"dream about black spider spiritual",dreams,noun,16.6,1,1,1,0,0,5,""
10478,discovered,"dream about spider eggs spiritual",dreams,noun,16.6,1,1,1,0,0,6,""
10479,discovered,"dream about spider infestation spiritual",dreams,noun,16.6,1,1,1,0,0,7,""
10480,discovered,"dream about red spider spiritual",dreams,noun,16.6,1,1,1,0,0,8,""
10481,discovered,"dream about black widow spiders spiritual",dreams,noun,16.6,1,1,1,0,0,9,""
10482,discovered,"dream about spiders and cobwebs",dreams,noun,16.6,1,1,1,0,0,5,""
10483,discovered,"dream about being chased by a snake spiritual",dreams,noun,16.6,1,1,1,0,0,5,""
10484,discovered,"dream about being chased by an elephant spiritual",dreams,noun,16.6,1,1,1,0,0,6,""
10485,discovered,"dream about being chased by a bull spiritual",dreams,noun,16.6,1,1,1,0,0,7,""
10486,discovered,"dream about being chased by a man spiritual",dreams,noun,16.6,1,1,1,0,0,8,""
10487,discovered,"dream about being chased by a tiger spiritual",dreams,noun,16.6,1,1,1,0,0,9,""
10488,discovered,"how do i know my spirit animal",spiritual_awakening,how,16.6,1,1,1,0,0,9,""
10489,discovered,"what to do if your throat chakra is blocked",chakras_energy,wh,16.6,1,1,1,0,0,5,""
10490,discovered,"law of assumption and manifestation",manifestation,noun,16.6,1,1,1,0,0,6,""
10491,discovered,"law of assumption vs astrology",manifestation,noun,16.6,1,1,1,0,0,7,""
10492,discovered,"law of assumption vs tarot",manifestation,noun,16.6,1,1,1,0,0,8,""
10493,discovered,"law of assumption vs witchcraft",manifestation,noun,16.6,1,1,1,0,0,9,""
10494,discovered,"how do you write a manifestation journal",manifestation,how,16.6,1,1,1,0,0,5,""
10495,discovered,"what does 000 angel number",angel_numbers,wh,16.6,1,1,1,0,0,5,""
10496,discovered,"what does angel number 2222 mean in love",angel_numbers,wh,16.6,1,1,1,0,0,5,""
10497,discovered,"what 2222 means in love",angel_numbers,wh,16.6,1,1,1,0,0,6,""
10498,discovered,"what does.2222",angel_numbers,wh,16.6,1,1,1,0,0,7,""
10499,discovered,"does 2222 mean anything",angel_numbers,yes_no,16.6,1,1,1,0,0,8,""
10500,discovered,"mercury retrograde 2026 signs affected cancer",astrology,signs,16.6,1,1,1,0,0,5,""
10501,discovered,"mercury retrograde 2026 signs affected scorpio",astrology,signs,16.6,1,1,1,0,0,6,""
10502,discovered,"mercury retrograde 2026 signs affected capricorn",astrology,signs,16.6,1,1,1,0,0,8,""
10503,discovered,"mercury retrograde 2026 signs affected aries",astrology,signs,16.6,1,1,1,0,0,9,""
10504,discovered,"mercury retrograde 2026 and relationships",astrology,noun,16.6,1,1,1,0,0,5,""
10505,discovered,"mercury retrograde 2026 and gemini",astrology,noun,16.6,1,1,1,0,0,6,""
10506,discovered,"mercury retrograde 2026 and taurus",astrology,noun,16.6,1,1,1,0,0,7,""
10507,discovered,"mercury retrograde 2026 and aries",astrology,noun,16.6,1,1,1,0,0,8,""
10508,discovered,"mercury retrograde 2026 and cancer",astrology,noun,16.6,1,1,1,0,0,9,""
10509,discovered,"mercury retrograde 2026 virgo love",astrology,noun,16.6,1,1,1,0,0,5,""
10510,discovered,"mercury retrograde 2026 aries love",astrology,noun,16.6,1,1,1,0,0,6,""
10511,discovered,"mercury retrograde 2026 signs affected love",astrology,signs,16.6,1,1,1,0,0,7,""
10512,discovered,"does mercury retrograde affect relationships",astrology,yes_no,16.6,1,1,1,0,0,8,""
10513,discovered,"what is my chinese zodiac sign element and animal",astrology,wh,16.6,1,1,1,0,0,5,""
10514,discovered,"what is all the zodiac signs elements",astrology,wh,16.6,1,1,1,0,0,6,""
10515,discovered,"what is the zodiac element for capricorn",astrology,wh,16.6,1,1,1,0,0,7,""
10516,discovered,"what is the zodiac element for sagittarius",astrology,wh,16.6,1,1,1,0,0,8,""
10517,discovered,"what is the fire element zodiac",astrology,wh,16.6,1,1,1,0,0,9,""
10518,discovered,"what are retrograde planets",astrology,wh,16.6,1,1,1,0,0,5,""
10519,discovered,"what is a spiritual curse",protection_energy,wh,16.6,1,1,1,0,0,6,""
10520,discovered,"how to remove curse or evil eye",protection_energy,how,16.6,1,1,1,0,0,5,""
10521,discovered,"how to break a hex or curse",protection_energy,how,16.6,1,1,1,0,0,6,""
10522,discovered,"how to break a curse or black magic",protection_energy,how,16.6,1,1,1,0,0,7,""
10523,discovered,"what does the hanged man reversed mean in a love reading",tarot,wh,16.6,1,1,1,0,0,5,""
10524,discovered,"what does the hangman mean in love",love_relationships,wh,16.6,1,1,1,0,0,6,""
10525,discovered,"hanged man meaning in love",love_relationships,meaning,16.6,1,1,1,0,0,7,""
10526,discovered,"what does the hanged man",tarot,wh,16.6,1,1,1,0,0,8,""
10527,discovered,"what does the high priestess reversed mean in a love reading",tarot,wh,16.6,1,1,1,0,0,5,""
10528,discovered,"what does the high priestess tarot card mean in a love reading",tarot,wh,16.6,1,1,1,0,0,6,""
10529,discovered,"meaning of the high priestess tarot card in love and relationships",tarot,meaning,16.6,1,1,1,0,0,7,""
10530,discovered,"devil tarot card",tarot,noun,16.6,1,1,1,0,0,6,""
10531,discovered,"temperance tarot card",tarot,noun,16.6,1,1,1,0,0,7,""
10532,discovered,"strength tarot card",tarot,noun,16.6,1,1,1,0,0,8,""
10533,discovered,"the fool tarot card",tarot,noun,16.6,1,1,1,0,0,9,""
10534,discovered,"strength tarot card spiritual",tarot,noun,16.6,1,1,1,0,0,5,""
10535,discovered,"what tarot cards can tell you",tarot,wh,16.6,1,1,1,0,0,6,""
10536,discovered,"justice tarot card meaning in love",tarot,meaning,16.6,1,1,1,0,0,5,""
10537,discovered,"judgement tarot card meaning in love",tarot,meaning,16.6,1,1,1,0,0,6,""
10538,discovered,"tarot card meanings lovers",tarot,noun,16.6,1,1,1,0,0,7,""
10539,discovered,"sun tarot card meaning in love",tarot,meaning,16.6,1,1,1,0,0,8,""
10540,discovered,"death tarot card meaning in love",tarot,meaning,16.6,1,1,1,0,0,9,""
10541,discovered,"how long does it take to be financially stable",money_career,how,16.6,1,1,1,0,0,5,""
10542,discovered,"should i start a business or not",money_career,yes_no,16.6,1,1,1,0,0,5,""
10543,discovered,"should i start a business or invest in real estate",money_career,yes_no,16.6,1,1,1,0,0,6,""
10544,discovered,"should i make a business or personal paypal",money_career,yes_no,16.6,1,1,1,0,0,7,""
10545,discovered,"should i open a business or personal wise account",money_career,yes_no,16.6,1,1,1,0,0,8,""
10546,discovered,"what is the spiritual meaning of seeing a bunny",spiritual_awakening,wh,16.6,1,1,1,0,0,6,""
10547,discovered,"is seeing a red cardinal good luck",signs_synchronicity,yes_no,16.6,1,1,1,0,0,5,""
10548,discovered,"what does it mean when you see a orange butterfly spiritual",signs_synchronicity,wh,16.6,1,1,1,0,0,5,""
10549,discovered,"what does it mean when you see a blue butterfly spiritual",signs_synchronicity,wh,16.6,1,1,1,0,0,6,""
10550,discovered,"what does it mean when you see a brown butterfly spiritual",signs_synchronicity,wh,16.6,1,1,1,0,0,7,""
10551,discovered,"what does it mean when you see a yellow and black butterfly spiritual",signs_synchronicity,wh,16.6,1,1,1,0,0,9,""
10552,seed,"will i ever be successful",money_career,yes_no,15.6,1,1,0,0,0,1,""
10553,seed,"recurring dream meaning",dreams,meaning,10.6,1,1,0,0,0,9,""
10554,seed,"what is my soul mission",unclassified,wh,10.6,1,1,0,0,0,9,""
10555,seed,"why wont he commit",love_relationships,wh,0,0,0,0,0,0,99,""
10556,seed,"who should i date zodiac",astrology,wh,0,0,0,0,0,0,99,""
10557,seed,"how to heal karmic ties",past_lives_karma,how,0,0,0,0,0,0,99,""
10558,seed,"how to contact a loved one who passed",unclassified,how,0,0,0,0,0,0,99,""
10559,seed,"soulmate vs life partner",twin_flame_soulmate,noun,0,0,0,0,0,0,99,""
10560,seed,"what does my future husband look like",love_relationships,wh,0,0,0,0,0,0,99,""
10561,seed,"what will my future wife be like",love_relationships,wh,0,0,0,0,0,0,99,""
10562,seed,"karmic relationship signs",twin_flame_soulmate,signs,0,0,0,0,0,0,99,""
10563,seed,"how to get him back",love_relationships,how,0,0,0,0,0,0,99,""
10564,seed,"signs your ex is coming back",unclassified,signs,0,0,0,0,0,0,99,""
10565,seed,"why do i still love him",love_relationships,wh,0,0,0,0,0,0,99,""
10566,seed,"does he love me or just want me",love_relationships,yes_no,0,0,0,0,0,0,99,""
10567,seed,"he pulled away what do i do",unclassified,noun,0,0,0,0,0,0,99,""
10568,seed,"dream about being pregnant",dreams,noun,0,0,0,0,0,0,99,""
10569,seed,"dream about a deceased loved one",dreams,noun,0,0,0,0,0,0,99,""
10570,seed,"spiritual awakening signs and symptoms",spiritual_awakening,signs,0,0,0,0,0,0,99,""
10571,seed,"why do i feel disconnected from reality",unclassified,wh,0,0,0,0,0,0,99,""
10572,seed,"spiritual awakening and anxiety",spiritual_awakening,noun,0,0,0,0,0,0,99,""
10573,seed,"chakra quiz",chakras_energy,noun,0,0,0,0,0,0,99,""
10574,seed,"signs of blocked chakras",chakras_energy,signs,0,0,0,0,0,0,99,""
10575,seed,"what does an unbalanced chakra feel like",chakras_energy,wh,0,0,0,0,0,0,99,""
10576,seed,"throat chakra blocked signs",chakras_energy,signs,0,0,0,0,0,0,99,""
10577,seed,"third eye chakra opening symptoms",psychic_abilities,noun,0,0,0,0,0,0,99,""
10578,seed,"how to balance your chakras daily",chakras_energy,how,0,0,0,0,0,0,99,""
10579,seed,"5x55 method",unclassified,noun,0,0,0,0,0,0,99,""
10580,seed,"whisper method manifestation",manifestation,noun,0,0,0,0,0,0,99,""
10581,seed,"manifestation journal how to",manifestation,noun,0,0,0,0,0,0,99,""
10582,seed,"how to detach manifestation",manifestation,how,0,0,0,0,0,0,99,""
10583,seed,"what are the signs your manifestation is coming",manifestation,wh,0,0,0,0,0,0,99,""
10584,seed,"how to manifest while sleeping",manifestation,how,0,0,0,0,0,0,99,""
10585,seed,"how to do the 369 method",manifestation,how,0,0,0,0,0,0,99,""
10586,seed,"angel number 1111 twin flame",twin_flame_soulmate,noun,0,0,0,0,0,0,99,""
10587,seed,"what is a twin flame in astrology",twin_flame_soulmate,wh,0,0,0,0,0,0,99,""
10588,seed,"what is my dominant sign",unclassified,wh,0,0,0,0,0,0,99,""
10589,seed,"sun moon rising quiz",unclassified,noun,0,0,0,0,0,0,99,""
10590,seed,"how to find my birth chart",astrology,how,0,0,0,0,0,0,99,""
10591,seed,"signs you are a medium",grief_afterlife,signs,0,0,0,0,0,0,99,""
10592,seed,"am i a medium",grief_afterlife,yes_no,0,0,0,0,0,0,99,""
10593,seed,"signs of an empath",psychic_abilities,signs,0,0,0,0,0,0,99,""
10594,seed,"what is my clair gift",unclassified,wh,0,0,0,0,0,0,99,""
10595,seed,"signs of a healer",psychic_abilities,signs,0,0,0,0,0,0,99,""
10596,seed,"how to cleanse your home",protection_energy,how,0,0,0,0,0,0,99,""
10597,seed,"signs someone is sending you negative energy",protection_energy,signs,0,0,0,0,0,0,99,""
10598,seed,"signs of a psychic attack",psychic_abilities,signs,0,0,0,0,0,0,99,""
10599,seed,"what does the evil eye mean in love",protection_energy,wh,0,0,0,0,0,0,99,""
10600,seed,"how to cleanse a crystal",protection_energy,how,0,0,0,0,0,0,99,""
10601,seed,"what is the best crystal for me",crystals_rituals,wh,0,0,0,0,0,0,99,""
10602,seed,"what does the hermit card mean",tarot,wh,0,0,0,0,0,0,99,""
10603,seed,"what does the judgement card mean",unclassified,wh,0,0,0,0,0,0,99,""
10604,seed,"what does the ace of cups mean",unclassified,wh,0,0,0,0,0,0,99,""
10605,seed,"what does the ten of swords mean",unclassified,wh,0,0,0,0,0,0,99,""
10606,seed,"does my deceased loved one see me",grief_afterlife,yes_no,0,0,0,0,0,0,99,""
10607,seed,"what happens to your soul after death",unclassified,wh,0,0,0,0,0,0,99,""
10608,seed,"how to connect with a passed loved one",unclassified,how,0,0,0,0,0,0,99,""
10609,seed,"can spirits hear us",unclassified,yes_no,0,0,0,0,0,0,99,""
10610,seed,"signs your grandma is watching over you",unclassified,signs,0,0,0,0,0,0,99,""
10611,seed,"is this the right career for me",money_career,yes_no,0,0,0,0,0,0,99,""
10612,seed,"what is blocking my money",money_career,wh,0,0,0,0,0,0,99,""